build-release-assets (windows-latest, windows, amd64, ragcli.exe)	UNKNOWN STEP	﻿2026-07-27T16:28:23.3445821Z Current runner version: '2.336.0'
build-release-assets (windows-latest, windows, amd64, ragcli.exe)	UNKNOWN STEP	2026-07-27T16:28:23.3706975Z ##[group]Runner Image Provisioner
build-release-assets (windows-latest, windows, amd64, ragcli.exe)	UNKNOWN STEP	2026-07-27T16:28:23.3708268Z Hosted Compute Agent
build-release-assets (windows-latest, windows, amd64, ragcli.exe)	UNKNOWN STEP	2026-07-27T16:28:23.3709228Z Version: 20260707.563
build-release-assets (windows-latest, windows, amd64, ragcli.exe)	UNKNOWN STEP	2026-07-27T16:28:23.3710300Z Commit: 02667638d2b423fbc733a8e32a88b44996a3ba6e
build-release-assets (windows-latest, windows, amd64, ragcli.exe)	UNKNOWN STEP	2026-07-27T16:28:23.3711440Z Build Date: 2026-07-07T19:33:50Z
build-release-assets (windows-latest, windows, amd64, ragcli.exe)	UNKNOWN STEP	2026-07-27T16:28:23.3712654Z Worker ID: {4403abfc-b0e8-4a23-89be-2ec6b13dee1d}
build-release-assets (windows-latest, windows, amd64, ragcli.exe)	UNKNOWN STEP	2026-07-27T16:28:23.3713839Z Azure Region: westus3
build-release-assets (windows-latest, windows, amd64, ragcli.exe)	UNKNOWN STEP	2026-07-27T16:28:23.3714712Z ##[endgroup]
build-release-assets (windows-latest, windows, amd64, ragcli.exe)	UNKNOWN STEP	2026-07-27T16:28:23.3716602Z ##[group]Operating System
build-release-assets (windows-latest, windows, amd64, ragcli.exe)	UNKNOWN STEP	2026-07-27T16:28:23.3717622Z Microsoft Windows Server 2025
build-release-assets (windows-latest, windows, amd64, ragcli.exe)	UNKNOWN STEP	2026-07-27T16:28:23.3718601Z 10.0.26100
build-release-assets (windows-latest, windows, amd64, ragcli.exe)	UNKNOWN STEP	2026-07-27T16:28:23.3719402Z Datacenter
build-release-assets (windows-latest, windows, amd64, ragcli.exe)	UNKNOWN STEP	2026-07-27T16:28:23.3720189Z ##[endgroup]
build-release-assets (windows-latest, windows, amd64, ragcli.exe)	UNKNOWN STEP	2026-07-27T16:28:23.3721032Z ##[group]Runner Image
build-release-assets (windows-latest, windows, amd64, ragcli.exe)	UNKNOWN STEP	2026-07-27T16:28:23.3722250Z Image: windows-2025-vs2026
build-release-assets (windows-latest, windows, amd64, ragcli.exe)	UNKNOWN STEP	2026-07-27T16:28:23.3723214Z Version: 20260714.173.1
build-release-assets (windows-latest, windows, amd64, ragcli.exe)	UNKNOWN STEP	2026-07-27T16:28:23.3725772Z Included Software: https://github.com/actions/runner-images/blob/win25-vs2026/20260714.173/images/windows/Windows2025-VS2026-Readme.md
build-release-assets (windows-latest, windows, amd64, ragcli.exe)	UNKNOWN STEP	2026-07-27T16:28:23.3728585Z Image Release: https://github.com/actions/runner-images/releases/tag/win25-vs2026%2F20260714.173
build-release-assets (windows-latest, windows, amd64, ragcli.exe)	UNKNOWN STEP	2026-07-27T16:28:23.3730244Z ##[endgroup]
build-release-assets (windows-latest, windows, amd64, ragcli.exe)	UNKNOWN STEP	2026-07-27T16:28:23.3732003Z ##[group]GITHUB_TOKEN Permissions
build-release-assets (windows-latest, windows, amd64, ragcli.exe)	UNKNOWN STEP	2026-07-27T16:28:23.3734721Z Contents: write
build-release-assets (windows-latest, windows, amd64, ragcli.exe)	UNKNOWN STEP	2026-07-27T16:28:23.3735598Z Metadata: read
build-release-assets (windows-latest, windows, amd64, ragcli.exe)	UNKNOWN STEP	2026-07-27T16:28:23.3736365Z ##[endgroup]
build-release-assets (windows-latest, windows, amd64, ragcli.exe)	UNKNOWN STEP	2026-07-27T16:28:23.3739588Z Secret source: Actions
build-release-assets (windows-latest, windows, amd64, ragcli.exe)	UNKNOWN STEP	2026-07-27T16:28:23.3741275Z Prepare workflow directory
build-release-assets (windows-latest, windows, amd64, ragcli.exe)	UNKNOWN STEP	2026-07-27T16:28:23.4924091Z Prepare all required actions
build-release-assets (windows-latest, windows, amd64, ragcli.exe)	UNKNOWN STEP	2026-07-27T16:28:23.4976219Z Getting action download info
build-release-assets (windows-latest, windows, amd64, ragcli.exe)	UNKNOWN STEP	2026-07-27T16:28:23.8137243Z Download action repository 'actions/checkout@v4' (SHA:11d5960a326750d5838078e36cf38b85af677262)
build-release-assets (windows-latest, windows, amd64, ragcli.exe)	UNKNOWN STEP	2026-07-27T16:28:24.6478737Z Download action repository 'softprops/action-gh-release@v2' (SHA:3bb12739c298aeb8a4eeaf626c5b8d85266b0e65)
build-release-assets (windows-latest, windows, amd64, ragcli.exe)	UNKNOWN STEP	2026-07-27T16:28:25.3748891Z Download action repository 'actions/upload-artifact@v4' (SHA:ea165f8d65b6e75b540449e92b4886f43607fa02)
build-release-assets (windows-latest, windows, amd64, ragcli.exe)	UNKNOWN STEP	2026-07-27T16:28:27.3119638Z Complete job name: build-release-assets (windows-latest, windows, amd64, ragcli.exe)
build-release-assets (windows-latest, windows, amd64, ragcli.exe)	UNKNOWN STEP	2026-07-27T16:28:28.8839266Z Node 20 is being deprecated. This workflow is running with Node 24 by default. If you need to temporarily use Node 20, you can set the ACTIONS_ALLOW_USE_UNSECURE_NODE_VERSION=true environment variable. For more information see: https://github.blog/changelog/2025-09-19-deprecation-of-node-20-on-github-actions-runners/
build-release-assets (windows-latest, windows, amd64, ragcli.exe)	UNKNOWN STEP	2026-07-27T16:28:28.8847619Z ##[group]Run actions/checkout@v4
build-release-assets (windows-latest, windows, amd64, ragcli.exe)	UNKNOWN STEP	2026-07-27T16:28:28.8848121Z with:
build-release-assets (windows-latest, windows, amd64, ragcli.exe)	UNKNOWN STEP	2026-07-27T16:28:28.8848380Z   repository: wkqco33/ragcli
build-release-assets (windows-latest, windows, amd64, ragcli.exe)	UNKNOWN STEP	2026-07-27T16:28:28.8851268Z   token: ***
build-release-assets (windows-latest, windows, amd64, ragcli.exe)	UNKNOWN STEP	2026-07-27T16:28:28.8851515Z   ssh-strict: true
build-release-assets (windows-latest, windows, amd64, ragcli.exe)	UNKNOWN STEP	2026-07-27T16:28:28.8851762Z   ssh-user: git
build-release-assets (windows-latest, windows, amd64, ragcli.exe)	UNKNOWN STEP	2026-07-27T16:28:28.8852018Z   persist-credentials: true
build-release-assets (windows-latest, windows, amd64, ragcli.exe)	UNKNOWN STEP	2026-07-27T16:28:28.8852291Z   clean: true
build-release-assets (windows-latest, windows, amd64, ragcli.exe)	UNKNOWN STEP	2026-07-27T16:28:28.8852538Z   sparse-checkout-cone-mode: true
build-release-assets (windows-latest, windows, amd64, ragcli.exe)	UNKNOWN STEP	2026-07-27T16:28:28.8852821Z   fetch-depth: 1
build-release-assets (windows-latest, windows, amd64, ragcli.exe)	UNKNOWN STEP	2026-07-27T16:28:28.8853080Z   fetch-tags: false
build-release-assets (windows-latest, windows, amd64, ragcli.exe)	UNKNOWN STEP	2026-07-27T16:28:28.8853319Z   show-progress: true
build-release-assets (windows-latest, windows, amd64, ragcli.exe)	UNKNOWN STEP	2026-07-27T16:28:28.8853567Z   lfs: false
build-release-assets (windows-latest, windows, amd64, ragcli.exe)	UNKNOWN STEP	2026-07-27T16:28:28.8853830Z   submodules: false
build-release-assets (windows-latest, windows, amd64, ragcli.exe)	UNKNOWN STEP	2026-07-27T16:28:28.8854074Z   set-safe-directory: true
build-release-assets (windows-latest, windows, amd64, ragcli.exe)	UNKNOWN STEP	2026-07-27T16:28:28.8854355Z   allow-unsafe-pr-checkout: false
build-release-assets (windows-latest, windows, amd64, ragcli.exe)	UNKNOWN STEP	2026-07-27T16:28:28.8854828Z ##[endgroup]
build-release-assets (windows-latest, windows, amd64, ragcli.exe)	UNKNOWN STEP	2026-07-27T16:28:30.8510419Z Syncing repository: wkqco33/ragcli
build-release-assets (windows-latest, windows, amd64, ragcli.exe)	UNKNOWN STEP	2026-07-27T16:28:30.8512330Z ##[group]Getting Git version info
build-release-assets (windows-latest, windows, amd64, ragcli.exe)	UNKNOWN STEP	2026-07-27T16:28:30.8512882Z Working directory is 'D:\a\ragcli\ragcli'
build-release-assets (windows-latest, windows, amd64, ragcli.exe)	UNKNOWN STEP	2026-07-27T16:28:30.8514165Z [command]"C:\Program Files\Git\bin\git.exe" version
build-release-assets (windows-latest, windows, amd64, ragcli.exe)	UNKNOWN STEP	2026-07-27T16:28:30.8514706Z git version 2.55.0.windows.2
build-release-assets (windows-latest, windows, amd64, ragcli.exe)	UNKNOWN STEP	2026-07-27T16:28:30.8516135Z ##[endgroup]
build-release-assets (windows-latest, windows, amd64, ragcli.exe)	UNKNOWN STEP	2026-07-27T16:28:30.8589688Z Temporarily overriding HOME='D:\a\_temp\e575aec2-c798-4544-909e-6eea7368b17e' before making global git config changes
build-release-assets (windows-latest, windows, amd64, ragcli.exe)	UNKNOWN STEP	2026-07-27T16:28:30.8590985Z Adding repository directory to the temporary git global config as a safe directory
build-release-assets (windows-latest, windows, amd64, ragcli.exe)	UNKNOWN STEP	2026-07-27T16:28:30.8592153Z [command]"C:\Program Files\Git\bin\git.exe" config --global --add safe.directory D:\a\ragcli\ragcli
build-release-assets (windows-latest, windows, amd64, ragcli.exe)	UNKNOWN STEP	2026-07-27T16:28:30.8831121Z Deleting the contents of 'D:\a\ragcli\ragcli'
build-release-assets (windows-latest, windows, amd64, ragcli.exe)	UNKNOWN STEP	2026-07-27T16:28:30.8832151Z ##[group]Initializing the repository
build-release-assets (windows-latest, windows, amd64, ragcli.exe)	UNKNOWN STEP	2026-07-27T16:28:30.8833194Z [command]"C:\Program Files\Git\bin\git.exe" init D:\a\ragcli\ragcli
build-release-assets (windows-latest, windows, amd64, ragcli.exe)	UNKNOWN STEP	2026-07-27T16:28:30.8834052Z Initialized empty Git repository in D:/a/ragcli/ragcli/.git/
build-release-assets (windows-latest, windows, amd64, ragcli.exe)	UNKNOWN STEP	2026-07-27T16:28:30.8835616Z [command]"C:\Program Files\Git\bin\git.exe" remote add origin https://github.com/wkqco33/ragcli
build-release-assets (windows-latest, windows, amd64, ragcli.exe)	UNKNOWN STEP	2026-07-27T16:28:30.8837307Z ##[endgroup]
build-release-assets (windows-latest, windows, amd64, ragcli.exe)	UNKNOWN STEP	2026-07-27T16:28:30.8838026Z ##[group]Disabling automatic garbage collection
build-release-assets (windows-latest, windows, amd64, ragcli.exe)	UNKNOWN STEP	2026-07-27T16:28:30.8838806Z [command]"C:\Program Files\Git\bin\git.exe" config --local gc.auto 0
build-release-assets (windows-latest, windows, amd64, ragcli.exe)	UNKNOWN STEP	2026-07-27T16:28:30.8840361Z ##[endgroup]
build-release-assets (windows-latest, windows, amd64, ragcli.exe)	UNKNOWN STEP	2026-07-27T16:28:30.8841054Z ##[group]Setting up auth
build-release-assets (windows-latest, windows, amd64, ragcli.exe)	UNKNOWN STEP	2026-07-27T16:28:30.8841904Z [command]"C:\Program Files\Git\bin\git.exe" config --local --name-only --get-regexp core\.sshCommand
build-release-assets (windows-latest, windows, amd64, ragcli.exe)	UNKNOWN STEP	2026-07-27T16:28:30.8844441Z [command]"C:\Program Files\Git\bin\git.exe" submodule foreach --recursive "sh -c \"git config --local --name-only --get-regexp 'core\.sshCommand' && git config --local --unset-all 'core.sshCommand' || :\""
build-release-assets (windows-latest, windows, amd64, ragcli.exe)	UNKNOWN STEP	2026-07-27T16:28:31.3534987Z [command]"C:\Program Files\Git\bin\git.exe" config --local --name-only --get-regexp http\.https\:\/\/github\.com\/\.extraheader
build-release-assets (windows-latest, windows, amd64, ragcli.exe)	UNKNOWN STEP	2026-07-27T16:28:31.3840070Z [command]"C:\Program Files\Git\bin\git.exe" submodule foreach --recursive "sh -c \"git config --local --name-only --get-regexp 'http\.https\:\/\/github\.com\/\.extraheader' && git config --local --unset-all 'http.https://github.com/.extraheader' || :\""
build-release-assets (windows-latest, windows, amd64, ragcli.exe)	UNKNOWN STEP	2026-07-27T16:28:32.0174396Z [command]"C:\Program Files\Git\bin\git.exe" config --local --name-only --get-regexp ^includeIf\.gitdir:
build-release-assets (windows-latest, windows, amd64, ragcli.exe)	UNKNOWN STEP	2026-07-27T16:28:32.0479607Z [command]"C:\Program Files\Git\bin\git.exe" submodule foreach --recursive "git config --local --show-origin --name-only --get-regexp remote.origin.url"
build-release-assets (windows-latest, windows, amd64, ragcli.exe)	UNKNOWN STEP	2026-07-27T16:28:32.6478972Z [command]"C:\Program Files\Git\bin\git.exe" config --local http.https://github.com/.extraheader "AUTHORIZATION: basic ***"
build-release-assets (windows-latest, windows, amd64, ragcli.exe)	UNKNOWN STEP	2026-07-27T16:28:32.6803561Z ##[endgroup]
build-release-assets (windows-latest, windows, amd64, ragcli.exe)	UNKNOWN STEP	2026-07-27T16:28:32.6894917Z ##[group]Fetching the repository
build-release-assets (windows-latest, windows, amd64, ragcli.exe)	UNKNOWN STEP	2026-07-27T16:28:32.6896648Z [command]"C:\Program Files\Git\bin\git.exe" -c protocol.version=2 fetch --no-tags --prune --no-recurse-submodules --depth=1 origin +73f6d7a09c99358d10e0f878e1e6593e99f76a72:refs/remotes/origin/master
build-release-assets (windows-latest, windows, amd64, ragcli.exe)	UNKNOWN STEP	2026-07-27T16:28:34.0876048Z From https://github.com/wkqco33/ragcli
build-release-assets (windows-latest, windows, amd64, ragcli.exe)	UNKNOWN STEP	2026-07-27T16:28:34.0877941Z  * [new ref]         73f6d7a09c99358d10e0f878e1e6593e99f76a72 -> origin/master
build-release-assets (windows-latest, windows, amd64, ragcli.exe)	UNKNOWN STEP	2026-07-27T16:28:34.0951608Z ##[endgroup]
build-release-assets (windows-latest, windows, amd64, ragcli.exe)	UNKNOWN STEP	2026-07-27T16:28:34.0974683Z ##[group]Determining the checkout info
build-release-assets (windows-latest, windows, amd64, ragcli.exe)	UNKNOWN STEP	2026-07-27T16:28:34.0977575Z ##[endgroup]
build-release-assets (windows-latest, windows, amd64, ragcli.exe)	UNKNOWN STEP	2026-07-27T16:28:34.0978473Z [command]"C:\Program Files\Git\bin\git.exe" sparse-checkout disable
build-release-assets (windows-latest, windows, amd64, ragcli.exe)	UNKNOWN STEP	2026-07-27T16:28:34.1664397Z [command]"C:\Program Files\Git\bin\git.exe" config --local --unset-all extensions.worktreeConfig
build-release-assets (windows-latest, windows, amd64, ragcli.exe)	UNKNOWN STEP	2026-07-27T16:28:34.2000577Z ##[group]Checking out the ref
build-release-assets (windows-latest, windows, amd64, ragcli.exe)	UNKNOWN STEP	2026-07-27T16:28:34.2087822Z [command]"C:\Program Files\Git\bin\git.exe" checkout --progress --force -B master refs/remotes/origin/master
build-release-assets (windows-latest, windows, amd64, ragcli.exe)	UNKNOWN STEP	2026-07-27T16:28:34.3511043Z Reset branch 'master'
build-release-assets (windows-latest, windows, amd64, ragcli.exe)	UNKNOWN STEP	2026-07-27T16:28:34.3593806Z branch 'master' set up to track 'origin/master'.
build-release-assets (windows-latest, windows, amd64, ragcli.exe)	UNKNOWN STEP	2026-07-27T16:28:34.4141091Z ##[endgroup]
build-release-assets (windows-latest, windows, amd64, ragcli.exe)	UNKNOWN STEP	2026-07-27T16:28:34.4635028Z [command]"C:\Program Files\Git\bin\git.exe" log -1 --format=%H
build-release-assets (windows-latest, windows, amd64, ragcli.exe)	UNKNOWN STEP	2026-07-27T16:28:34.4893609Z 73f6d7a09c99358d10e0f878e1e6593e99f76a72
build-release-assets (windows-latest, windows, amd64, ragcli.exe)	UNKNOWN STEP	2026-07-27T16:28:34.7798138Z ##[group]Run if ($env:GITLAB_TOKEN) {
build-release-assets (windows-latest, windows, amd64, ragcli.exe)	UNKNOWN STEP	2026-07-27T16:28:34.7798571Z ^[[36;1mif ($env:GITLAB_TOKEN) {^[[0m
build-release-assets (windows-latest, windows, amd64, ragcli.exe)	UNKNOWN STEP	2026-07-27T16:28:34.7798897Z ^[[36;1m  $token = $env:GITLAB_TOKEN.Trim()^[[0m
build-release-assets (windows-latest, windows, amd64, ragcli.exe)	UNKNOWN STEP	2026-07-27T16:28:34.7799666Z ^[[36;1m  git config --global url."***gitlab.com/".insteadOf "https://gitlab.com/"^[[0m
build-release-assets (windows-latest, windows, amd64, ragcli.exe)	UNKNOWN STEP	2026-07-27T16:28:34.7800083Z ^[[36;1m}^[[0m
build-release-assets (windows-latest, windows, amd64, ragcli.exe)	UNKNOWN STEP	2026-07-27T16:28:34.8761446Z shell: C:\Program Files\PowerShell\7\pwsh.EXE -command ". '{0}'"
build-release-assets (windows-latest, windows, amd64, ragcli.exe)	UNKNOWN STEP	2026-07-27T16:28:34.8761855Z env:
build-release-assets (windows-latest, windows, amd64, ragcli.exe)	UNKNOWN STEP	2026-07-27T16:28:34.8795285Z   GITLAB_TOKEN: ***
build-release-assets (windows-latest, windows, amd64, ragcli.exe)	UNKNOWN STEP	2026-07-27T16:28:34.8795497Z ##[endgroup]
build-release-assets (windows-latest, windows, amd64, ragcli.exe)	UNKNOWN STEP	2026-07-27T16:28:42.7527496Z ##[group]Run if ($env:GH_PAT) {
build-release-assets (windows-latest, windows, amd64, ragcli.exe)	UNKNOWN STEP	2026-07-27T16:28:42.7527898Z ^[[36;1mif ($env:GH_PAT) {^[[0m
build-release-assets (windows-latest, windows, amd64, ragcli.exe)	UNKNOWN STEP	2026-07-27T16:28:42.7528155Z ^[[36;1m  $token = $env:GH_PAT.Trim()^[[0m
build-release-assets (windows-latest, windows, amd64, ragcli.exe)	UNKNOWN STEP	2026-07-27T16:28:42.7528850Z ^[[36;1m  git config --global url."***github.com/".insteadOf "https://github.com/"^[[0m
build-release-assets (windows-latest, windows, amd64, ragcli.exe)	UNKNOWN STEP	2026-07-27T16:28:42.7529265Z ^[[36;1m}^[[0m
build-release-assets (windows-latest, windows, amd64, ragcli.exe)	UNKNOWN STEP	2026-07-27T16:28:42.7587442Z shell: C:\Program Files\PowerShell\7\pwsh.EXE -command ". '{0}'"
build-release-assets (windows-latest, windows, amd64, ragcli.exe)	UNKNOWN STEP	2026-07-27T16:28:42.7587772Z env:
build-release-assets (windows-latest, windows, amd64, ragcli.exe)	UNKNOWN STEP	2026-07-27T16:28:42.7588065Z   GH_PAT: ***
build-release-assets (windows-latest, windows, amd64, ragcli.exe)	UNKNOWN STEP	2026-07-27T16:28:42.7588243Z ##[endgroup]
build-release-assets (windows-latest, windows, amd64, ragcli.exe)	UNKNOWN STEP	2026-07-27T16:28:43.2718493Z ##[group]Run choco install ninja -y
build-release-assets (windows-latest, windows, amd64, ragcli.exe)	UNKNOWN STEP	2026-07-27T16:28:43.2718904Z ^[[36;1mchoco install ninja -y^[[0m
build-release-assets (windows-latest, windows, amd64, ragcli.exe)	UNKNOWN STEP	2026-07-27T16:28:43.2777332Z shell: C:\Program Files\PowerShell\7\pwsh.EXE -command ". '{0}'"
build-release-assets (windows-latest, windows, amd64, ragcli.exe)	UNKNOWN STEP	2026-07-27T16:28:43.2777684Z ##[endgroup]
build-release-assets (windows-latest, windows, amd64, ragcli.exe)	UNKNOWN STEP	2026-07-27T16:28:48.9634036Z Chocolatey v2.7.3
build-release-assets (windows-latest, windows, amd64, ragcli.exe)	UNKNOWN STEP	2026-07-27T16:28:49.4534526Z Installing the following packages:
build-release-assets (windows-latest, windows, amd64, ragcli.exe)	UNKNOWN STEP	2026-07-27T16:28:49.4539776Z ninja
build-release-assets (windows-latest, windows, amd64, ragcli.exe)	UNKNOWN STEP	2026-07-27T16:28:49.4570607Z By installing, you accept licenses for the packages.
build-release-assets (windows-latest, windows, amd64, ragcli.exe)	UNKNOWN STEP	2026-07-27T16:28:57.8691327Z ninja v1.13.2 already installed.
build-release-assets (windows-latest, windows, amd64, ragcli.exe)	UNKNOWN STEP	2026-07-27T16:28:57.8692364Z  Use --force to reinstall, specify a version to install, or try upgrade.
build-release-assets (windows-latest, windows, amd64, ragcli.exe)	UNKNOWN STEP	2026-07-27T16:28:57.8777210Z 
build-release-assets (windows-latest, windows, amd64, ragcli.exe)	UNKNOWN STEP	2026-07-27T16:28:57.8778092Z Chocolatey installed 0/1 packages. 
build-release-assets (windows-latest, windows, amd64, ragcli.exe)	UNKNOWN STEP	2026-07-27T16:28:57.8790326Z  See the log for details (C:\ProgramData\chocolatey\logs\chocolatey.log).
build-release-assets (windows-latest, windows, amd64, ragcli.exe)	UNKNOWN STEP	2026-07-27T16:28:57.8819917Z 
build-release-assets (windows-latest, windows, amd64, ragcli.exe)	UNKNOWN STEP	2026-07-27T16:28:57.8833718Z Warnings:
build-release-assets (windows-latest, windows, amd64, ragcli.exe)	UNKNOWN STEP	2026-07-27T16:28:57.8834427Z  - ninja - ninja v1.13.2 already installed.
build-release-assets (windows-latest, windows, amd64, ragcli.exe)	UNKNOWN STEP	2026-07-27T16:28:57.8835527Z  Use --force to reinstall, specify a version to install, or try upgrade.
build-release-assets (windows-latest, windows, amd64, ragcli.exe)	UNKNOWN STEP	2026-07-27T16:28:58.0149246Z ##[group]Run git clone https://github.com/microsoft/vcpkg.git "$env:USERPROFILE\vcpkg"
build-release-assets (windows-latest, windows, amd64, ragcli.exe)	UNKNOWN STEP	2026-07-27T16:28:58.0150317Z ^[[36;1mgit clone https://github.com/microsoft/vcpkg.git "$env:USERPROFILE\vcpkg"^[[0m
build-release-assets (windows-latest, windows, amd64, ragcli.exe)	UNKNOWN STEP	2026-07-27T16:28:58.0150815Z ^[[36;1m& "$env:USERPROFILE\vcpkg\bootstrap-vcpkg.bat"^[[0m
build-release-assets (windows-latest, windows, amd64, ragcli.exe)	UNKNOWN STEP	2026-07-27T16:28:58.0151367Z ^[[36;1m"VCPKG_ROOT=$env:USERPROFILE\vcpkg" | Out-File -FilePath $env:GITHUB_ENV -Encoding utf8 -Append^[[0m
build-release-assets (windows-latest, windows, amd64, ragcli.exe)	UNKNOWN STEP	2026-07-27T16:28:58.0209944Z shell: C:\Program Files\PowerShell\7\pwsh.EXE -command ". '{0}'"
build-release-assets (windows-latest, windows, amd64, ragcli.exe)	UNKNOWN STEP	2026-07-27T16:28:58.0210358Z ##[endgroup]
build-release-assets (windows-latest, windows, amd64, ragcli.exe)	UNKNOWN STEP	2026-07-27T16:28:58.3551459Z Cloning into 'C:\Users\runneradmin\vcpkg'...
build-release-assets (windows-latest, windows, amd64, ragcli.exe)	UNKNOWN STEP	2026-07-27T16:29:25.1168546Z Updating files:   8% (1148/14160)
build-release-assets (windows-latest, windows, amd64, ragcli.exe)	UNKNOWN STEP	2026-07-27T16:29:25.2377621Z Updating files:   9% (1275/14160)
build-release-assets (windows-latest, windows, amd64, ragcli.exe)	UNKNOWN STEP	2026-07-27T16:29:25.3674015Z Updating files:  10% (1416/14160)
build-release-assets (windows-latest, windows, amd64, ragcli.exe)	UNKNOWN STEP	2026-07-27T16:29:26.0233821Z Updating files:  11% (1558/14160)
build-release-assets (windows-latest, windows, amd64, ragcli.exe)	UNKNOWN STEP	2026-07-27T16:29:26.0365370Z Updating files:  11% (1684/14160)
build-release-assets (windows-latest, windows, amd64, ragcli.exe)	UNKNOWN STEP	2026-07-27T16:29:26.1656185Z Updating files:  12% (1700/14160)
build-release-assets (windows-latest, windows, amd64, ragcli.exe)	UNKNOWN STEP	2026-07-27T16:29:26.2818644Z Updating files:  13% (1841/14160)
build-release-assets (windows-latest, windows, amd64, ragcli.exe)	UNKNOWN STEP	2026-07-27T16:29:26.3971481Z Updating files:  14% (1983/14160)
build-release-assets (windows-latest, windows, amd64, ragcli.exe)	UNKNOWN STEP	2026-07-27T16:29:26.5191547Z Updating files:  15% (2124/14160)
build-release-assets (windows-latest, windows, amd64, ragcli.exe)	UNKNOWN STEP	2026-07-27T16:29:26.7347926Z Updating files:  16% (2266/14160)
build-release-assets (windows-latest, windows, amd64, ragcli.exe)	UNKNOWN STEP	2026-07-27T16:29:27.1098134Z Updating files:  17% (2408/14160)
build-release-assets (windows-latest, windows, amd64, ragcli.exe)	UNKNOWN STEP	2026-07-27T16:29:27.6220844Z Updating files:  17% (2443/14160)
build-release-assets (windows-latest, windows, amd64, ragcli.exe)	UNKNOWN STEP	2026-07-27T16:29:28.0265762Z Updating files:  18% (2549/14160)
build-release-assets (windows-latest, windows, amd64, ragcli.exe)	UNKNOWN STEP	2026-07-27T16:29:28.0417313Z Updating files:  18% (2679/14160)
build-release-assets (windows-latest, windows, amd64, ragcli.exe)	UNKNOWN STEP	2026-07-27T16:29:28.5687064Z Updating files:  19% (2691/14160)
build-release-assets (windows-latest, windows, amd64, ragcli.exe)	UNKNOWN STEP	2026-07-27T16:29:28.9536665Z Updating files:  20% (2832/14160)
build-release-assets (windows-latest, windows, amd64, ragcli.exe)	UNKNOWN STEP	2026-07-27T16:29:29.0298771Z Updating files:  21% (2974/14160)
build-release-assets (windows-latest, windows, amd64, ragcli.exe)	UNKNOWN STEP	2026-07-27T16:29:29.2752784Z Updating files:  21% (3019/14160)
build-release-assets (windows-latest, windows, amd64, ragcli.exe)	UNKNOWN STEP	2026-07-27T16:29:29.4340633Z Updating files:  22% (3116/14160)
build-release-assets (windows-latest, windows, amd64, ragcli.exe)	UNKNOWN STEP	2026-07-27T16:29:30.0630612Z Updating files:  23% (3257/14160)
build-release-assets (windows-latest, windows, amd64, ragcli.exe)	UNKNOWN STEP	2026-07-27T16:29:30.1074070Z Updating files:  23% (3363/14160)
build-release-assets (windows-latest, windows, amd64, ragcli.exe)	UNKNOWN STEP	2026-07-27T16:29:30.2603123Z Updating files:  24% (3399/14160)
build-release-assets (windows-latest, windows, amd64, ragcli.exe)	UNKNOWN STEP	2026-07-27T16:29:31.2118562Z Updating files:  25% (3540/14160)
build-release-assets (windows-latest, windows, amd64, ragcli.exe)	UNKNOWN STEP	2026-07-27T16:29:31.2849610Z Updating files:  25% (3592/14160)
build-release-assets (windows-latest, windows, amd64, ragcli.exe)	UNKNOWN STEP	2026-07-27T16:29:31.4327820Z Updating files:  26% (3682/14160)
build-release-assets (windows-latest, windows, amd64, ragcli.exe)	UNKNOWN STEP	2026-07-27T16:29:32.1031330Z Updating files:  27% (3824/14160)
build-release-assets (windows-latest, windows, amd64, ragcli.exe)	UNKNOWN STEP	2026-07-27T16:29:32.8367475Z Updating files:  27% (3904/14160)
build-release-assets (windows-latest, windows, amd64, ragcli.exe)	UNKNOWN STEP	2026-07-27T16:29:33.0131854Z Updating files:  28% (3965/14160)
build-release-assets (windows-latest, windows, amd64, ragcli.exe)	UNKNOWN STEP	2026-07-27T16:29:33.0551531Z Updating files:  29% (4107/14160)
build-release-assets (windows-latest, windows, amd64, ragcli.exe)	UNKNOWN STEP	2026-07-27T16:29:33.1554188Z Updating files:  29% (4147/14160)
build-release-assets (windows-latest, windows, amd64, ragcli.exe)	UNKNOWN STEP	2026-07-27T16:29:33.2661368Z Updating files:  30% (4248/14160)
build-release-assets (windows-latest, windows, amd64, ragcli.exe)	UNKNOWN STEP	2026-07-27T16:29:33.4013687Z Updating files:  31% (4390/14160)
build-release-assets (windows-latest, windows, amd64, ragcli.exe)	UNKNOWN STEP	2026-07-27T16:29:33.5154106Z Updating files:  32% (4532/14160)
build-release-assets (windows-latest, windows, amd64, ragcli.exe)	UNKNOWN STEP	2026-07-27T16:29:33.6420943Z Updating files:  33% (4673/14160)
build-release-assets (windows-latest, windows, amd64, ragcli.exe)	UNKNOWN STEP	2026-07-27T16:29:33.9836555Z Updating files:  34% (4815/14160)
build-release-assets (windows-latest, windows, amd64, ragcli.exe)	UNKNOWN STEP	2026-07-27T16:29:34.0560052Z Updating files:  35% (4956/14160)
build-release-assets (windows-latest, windows, amd64, ragcli.exe)	UNKNOWN STEP	2026-07-27T16:29:34.0923849Z Updating files:  35% (5045/14160)
build-release-assets (windows-latest, windows, amd64, ragcli.exe)	UNKNOWN STEP	2026-07-27T16:29:34.2059422Z Updating files:  36% (5098/14160)
build-release-assets (windows-latest, windows, amd64, ragcli.exe)	UNKNOWN STEP	2026-07-27T16:29:34.3103879Z Updating files:  37% (5240/14160)
build-release-assets (windows-latest, windows, amd64, ragcli.exe)	UNKNOWN STEP	2026-07-27T16:29:34.4186861Z Updating files:  38% (5381/14160)
build-release-assets (windows-latest, windows, amd64, ragcli.exe)	UNKNOWN STEP	2026-07-27T16:29:34.5182381Z Updating files:  39% (5523/14160)
build-release-assets (windows-latest, windows, amd64, ragcli.exe)	UNKNOWN STEP	2026-07-27T16:29:34.6170513Z Updating files:  40% (5664/14160)
build-release-assets (windows-latest, windows, amd64, ragcli.exe)	UNKNOWN STEP	2026-07-27T16:29:34.7273850Z Updating files:  41% (5806/14160)
build-release-assets (windows-latest, windows, amd64, ragcli.exe)	UNKNOWN STEP	2026-07-27T16:29:34.8239220Z Updating files:  42% (5948/14160)
build-release-assets (windows-latest, windows, amd64, ragcli.exe)	UNKNOWN STEP	2026-07-27T16:29:34.9211080Z Updating files:  43% (6089/14160)
build-release-assets (windows-latest, windows, amd64, ragcli.exe)	UNKNOWN STEP	2026-07-27T16:29:35.0184574Z Updating files:  44% (6231/14160)
build-release-assets (windows-latest, windows, amd64, ragcli.exe)	UNKNOWN STEP	2026-07-27T16:29:35.0771191Z Updating files:  45% (6372/14160)
build-release-assets (windows-latest, windows, amd64, ragcli.exe)	UNKNOWN STEP	2026-07-27T16:29:35.5504755Z Updating files:  45% (6386/14160)
build-release-assets (windows-latest, windows, amd64, ragcli.exe)	UNKNOWN STEP	2026-07-27T16:29:35.6649557Z Updating files:  46% (6514/14160)
build-release-assets (windows-latest, windows, amd64, ragcli.exe)	UNKNOWN STEP	2026-07-27T16:29:35.7724990Z Updating files:  47% (6656/14160)
build-release-assets (windows-latest, windows, amd64, ragcli.exe)	UNKNOWN STEP	2026-07-27T16:29:35.8721963Z Updating files:  48% (6797/14160)
build-release-assets (windows-latest, windows, amd64, ragcli.exe)	UNKNOWN STEP	2026-07-27T16:29:35.9669938Z Updating files:  49% (6939/14160)
build-release-assets (windows-latest, windows, amd64, ragcli.exe)	UNKNOWN STEP	2026-07-27T16:29:36.0662133Z Updating files:  50% (7080/14160)
build-release-assets (windows-latest, windows, amd64, ragcli.exe)	UNKNOWN STEP	2026-07-27T16:29:36.0670277Z Updating files:  50% (7221/14160)
build-release-assets (windows-latest, windows, amd64, ragcli.exe)	UNKNOWN STEP	2026-07-27T16:29:36.1627443Z Updating files:  51% (7222/14160)
build-release-assets (windows-latest, windows, amd64, ragcli.exe)	UNKNOWN STEP	2026-07-27T16:29:36.2611802Z Updating files:  52% (7364/14160)
build-release-assets (windows-latest, windows, amd64, ragcli.exe)	UNKNOWN STEP	2026-07-27T16:29:36.3670244Z Updating files:  53% (7505/14160)
build-release-assets (windows-latest, windows, amd64, ragcli.exe)	UNKNOWN STEP	2026-07-27T16:29:36.7674199Z Updating files:  54% (7647/14160)
build-release-assets (windows-latest, windows, amd64, ragcli.exe)	UNKNOWN STEP	2026-07-27T16:29:36.8689357Z Updating files:  55% (7788/14160)
build-release-assets (windows-latest, windows, amd64, ragcli.exe)	UNKNOWN STEP	2026-07-27T16:29:36.9689808Z Updating files:  56% (7930/14160)
build-release-assets (windows-latest, windows, amd64, ragcli.exe)	UNKNOWN STEP	2026-07-27T16:29:37.0705818Z Updating files:  57% (8072/14160)
build-release-assets (windows-latest, windows, amd64, ragcli.exe)	UNKNOWN STEP	2026-07-27T16:29:37.0806792Z Updating files:  58% (8213/14160)
build-release-assets (windows-latest, windows, amd64, ragcli.exe)	UNKNOWN STEP	2026-07-27T16:29:37.1749982Z Updating files:  58% (8226/14160)
build-release-assets (windows-latest, windows, amd64, ragcli.exe)	UNKNOWN STEP	2026-07-27T16:29:37.2823963Z Updating files:  59% (8355/14160)
build-release-assets (windows-latest, windows, amd64, ragcli.exe)	UNKNOWN STEP	2026-07-27T16:29:37.3878094Z Updating files:  60% (8496/14160)
build-release-assets (windows-latest, windows, amd64, ragcli.exe)	UNKNOWN STEP	2026-07-27T16:29:37.4967100Z Updating files:  61% (8638/14160)
build-release-assets (windows-latest, windows, amd64, ragcli.exe)	UNKNOWN STEP	2026-07-27T16:29:37.6060747Z Updating files:  62% (8780/14160)
build-release-assets (windows-latest, windows, amd64, ragcli.exe)	UNKNOWN STEP	2026-07-27T16:29:37.7261493Z Updating files:  63% (8921/14160)
build-release-assets (windows-latest, windows, amd64, ragcli.exe)	UNKNOWN STEP	2026-07-27T16:29:38.2872849Z Updating files:  64% (9063/14160)
build-release-assets (windows-latest, windows, amd64, ragcli.exe)	UNKNOWN STEP	2026-07-27T16:29:38.3631037Z Updating files:  64% (9101/14160)
build-release-assets (windows-latest, windows, amd64, ragcli.exe)	UNKNOWN STEP	2026-07-27T16:29:38.4724853Z Updating files:  65% (9204/14160)
build-release-assets (windows-latest, windows, amd64, ragcli.exe)	UNKNOWN STEP	2026-07-27T16:29:38.6077462Z Updating files:  66% (9346/14160)
build-release-assets (windows-latest, windows, amd64, ragcli.exe)	UNKNOWN STEP	2026-07-27T16:29:38.7173328Z Updating files:  67% (9488/14160)
build-release-assets (windows-latest, windows, amd64, ragcli.exe)	UNKNOWN STEP	2026-07-27T16:29:38.8225455Z Updating files:  68% (9629/14160)
build-release-assets (windows-latest, windows, amd64, ragcli.exe)	UNKNOWN STEP	2026-07-27T16:29:38.9225383Z Updating files:  69% (9771/14160)
build-release-assets (windows-latest, windows, amd64, ragcli.exe)	UNKNOWN STEP	2026-07-27T16:29:39.0523387Z Updating files:  70% (9912/14160)
build-release-assets (windows-latest, windows, amd64, ragcli.exe)	UNKNOWN STEP	2026-07-27T16:29:39.1102213Z Updating files:  71% (10054/14160)
build-release-assets (windows-latest, windows, amd64, ragcli.exe)	UNKNOWN STEP	2026-07-27T16:29:39.3795535Z Updating files:  71% (10129/14160)
build-release-assets (windows-latest, windows, amd64, ragcli.exe)	UNKNOWN STEP	2026-07-27T16:29:39.4823435Z Updating files:  72% (10196/14160)
build-release-assets (windows-latest, windows, amd64, ragcli.exe)	UNKNOWN STEP	2026-07-27T16:29:39.5778733Z Updating files:  73% (10337/14160)
build-release-assets (windows-latest, windows, amd64, ragcli.exe)	UNKNOWN STEP	2026-07-27T16:29:39.6740037Z Updating files:  74% (10479/14160)
build-release-assets (windows-latest, windows, amd64, ragcli.exe)	UNKNOWN STEP	2026-07-27T16:29:39.7760420Z Updating files:  75% (10620/14160)
build-release-assets (windows-latest, windows, amd64, ragcli.exe)	UNKNOWN STEP	2026-07-27T16:29:39.8623047Z Updating files:  76% (10762/14160)
build-release-assets (windows-latest, windows, amd64, ragcli.exe)	UNKNOWN STEP	2026-07-27T16:29:39.9534111Z Updating files:  77% (10904/14160)
build-release-assets (windows-latest, windows, amd64, ragcli.exe)	UNKNOWN STEP	2026-07-27T16:29:40.0404530Z Updating files:  78% (11045/14160)
build-release-assets (windows-latest, windows, amd64, ragcli.exe)	UNKNOWN STEP	2026-07-27T16:29:40.1114505Z Updating files:  79% (11187/14160)
build-release-assets (windows-latest, windows, amd64, ragcli.exe)	UNKNOWN STEP	2026-07-27T16:29:40.1240564Z Updating files:  79% (11311/14160)
build-release-assets (windows-latest, windows, amd64, ragcli.exe)	UNKNOWN STEP	2026-07-27T16:29:40.2043776Z Updating files:  80% (11328/14160)
build-release-assets (windows-latest, windows, amd64, ragcli.exe)	UNKNOWN STEP	2026-07-27T16:29:40.2853978Z Updating files:  81% (11470/14160)
build-release-assets (windows-latest, windows, amd64, ragcli.exe)	UNKNOWN STEP	2026-07-27T16:29:40.3607885Z Updating files:  82% (11612/14160)
build-release-assets (windows-latest, windows, amd64, ragcli.exe)	UNKNOWN STEP	2026-07-27T16:29:40.4482990Z Updating files:  83% (11753/14160)
build-release-assets (windows-latest, windows, amd64, ragcli.exe)	UNKNOWN STEP	2026-07-27T16:29:40.8872903Z Updating files:  84% (11895/14160)
build-release-assets (windows-latest, windows, amd64, ragcli.exe)	UNKNOWN STEP	2026-07-27T16:29:40.9686555Z Updating files:  85% (12036/14160)
build-release-assets (windows-latest, windows, amd64, ragcli.exe)	UNKNOWN STEP	2026-07-27T16:29:41.0642736Z Updating files:  86% (12178/14160)
build-release-assets (windows-latest, windows, amd64, ragcli.exe)	UNKNOWN STEP	2026-07-27T16:29:41.1131259Z Updating files:  87% (12320/14160)
build-release-assets (windows-latest, windows, amd64, ragcli.exe)	UNKNOWN STEP	2026-07-27T16:29:41.1468118Z Updating files:  87% (12406/14160)
build-release-assets (windows-latest, windows, amd64, ragcli.exe)	UNKNOWN STEP	2026-07-27T16:29:41.2230607Z Updating files:  88% (12461/14160)
build-release-assets (windows-latest, windows, amd64, ragcli.exe)	UNKNOWN STEP	2026-07-27T16:29:41.2948682Z Updating files:  89% (12603/14160)
build-release-assets (windows-latest, windows, amd64, ragcli.exe)	UNKNOWN STEP	2026-07-27T16:29:41.3740546Z Updating files:  90% (12744/14160)
build-release-assets (windows-latest, windows, amd64, ragcli.exe)	UNKNOWN STEP	2026-07-27T16:29:41.4557046Z Updating files:  91% (12886/14160)
build-release-assets (windows-latest, windows, amd64, ragcli.exe)	UNKNOWN STEP	2026-07-27T16:29:41.5404884Z Updating files:  92% (13028/14160)
build-release-assets (windows-latest, windows, amd64, ragcli.exe)	UNKNOWN STEP	2026-07-27T16:29:41.6246832Z Updating files:  93% (13169/14160)
build-release-assets (windows-latest, windows, amd64, ragcli.exe)	UNKNOWN STEP	2026-07-27T16:29:41.7089361Z Updating files:  94% (13311/14160)
build-release-assets (windows-latest, windows, amd64, ragcli.exe)	UNKNOWN STEP	2026-07-27T16:29:41.7965594Z Updating files:  95% (13452/14160)
build-release-assets (windows-latest, windows, amd64, ragcli.exe)	UNKNOWN STEP	2026-07-27T16:29:41.9200907Z Updating files:  96% (13594/14160)
build-release-assets (windows-latest, windows, amd64, ragcli.exe)	UNKNOWN STEP	2026-07-27T16:29:42.2456064Z Updating files:  97% (13736/14160)
build-release-assets (windows-latest, windows, amd64, ragcli.exe)	UNKNOWN STEP	2026-07-27T16:29:42.3297056Z Updating files:  97% (13745/14160)
build-release-assets (windows-latest, windows, amd64, ragcli.exe)	UNKNOWN STEP	2026-07-27T16:29:42.4189192Z Updating files:  98% (13877/14160)
build-release-assets (windows-latest, windows, amd64, ragcli.exe)	UNKNOWN STEP	2026-07-27T16:29:42.5034545Z Updating files:  99% (14019/14160)
build-release-assets (windows-latest, windows, amd64, ragcli.exe)	UNKNOWN STEP	2026-07-27T16:29:42.5035232Z Updating files: 100% (14160/14160)
build-release-assets (windows-latest, windows, amd64, ragcli.exe)	UNKNOWN STEP	2026-07-27T16:29:42.5035662Z Updating files: 100% (14160/14160), done.
build-release-assets (windows-latest, windows, amd64, ragcli.exe)	UNKNOWN STEP	2026-07-27T16:29:43.2769804Z Downloading https://github.com/microsoft/vcpkg-tool/releases/download/2026-07-13/vcpkg.exe -> C:\Users\runneradmin\vcpkg\vcpkg.exe... done.
build-release-assets (windows-latest, windows, amd64, ragcli.exe)	UNKNOWN STEP	2026-07-27T16:29:43.3289754Z Validating signature... done.
build-release-assets (windows-latest, windows, amd64, ragcli.exe)	UNKNOWN STEP	2026-07-27T16:29:43.3424945Z 
build-release-assets (windows-latest, windows, amd64, ragcli.exe)	UNKNOWN STEP	2026-07-27T16:29:43.4169078Z vcpkg package management program version 2026-07-13-bf04c909169fdbb30821c02c6eb01f1cd1295d05
build-release-assets (windows-latest, windows, amd64, ragcli.exe)	UNKNOWN STEP	2026-07-27T16:29:43.4170223Z 
build-release-assets (windows-latest, windows, amd64, ragcli.exe)	UNKNOWN STEP	2026-07-27T16:29:43.4170734Z See LICENSE.txt for license information.
build-release-assets (windows-latest, windows, amd64, ragcli.exe)	UNKNOWN STEP	2026-07-27T16:29:43.4197879Z Telemetry
build-release-assets (windows-latest, windows, amd64, ragcli.exe)	UNKNOWN STEP	2026-07-27T16:29:43.4198248Z ---------
build-release-assets (windows-latest, windows, amd64, ragcli.exe)	UNKNOWN STEP	2026-07-27T16:29:43.4199053Z vcpkg collects usage data in order to help us improve your experience.
build-release-assets (windows-latest, windows, amd64, ragcli.exe)	UNKNOWN STEP	2026-07-27T16:29:43.4199937Z The data collected by Microsoft is anonymous.
build-release-assets (windows-latest, windows, amd64, ragcli.exe)	UNKNOWN STEP	2026-07-27T16:29:43.4201359Z You can opt-out of telemetry by re-running the bootstrap-vcpkg script with -disableMetrics,
build-release-assets (windows-latest, windows, amd64, ragcli.exe)	UNKNOWN STEP	2026-07-27T16:29:43.4202567Z passing --disable-metrics to vcpkg on the command line,
build-release-assets (windows-latest, windows, amd64, ragcli.exe)	UNKNOWN STEP	2026-07-27T16:29:43.4203514Z or by setting the VCPKG_DISABLE_METRICS environment variable.
build-release-assets (windows-latest, windows, amd64, ragcli.exe)	UNKNOWN STEP	2026-07-27T16:29:43.4205009Z 
build-release-assets (windows-latest, windows, amd64, ragcli.exe)	UNKNOWN STEP	2026-07-27T16:29:43.4205463Z Read more about vcpkg telemetry at docs/about/privacy.md
build-release-assets (windows-latest, windows, amd64, ragcli.exe)	UNKNOWN STEP	2026-07-27T16:29:43.9024459Z ##[group]Run cmake --preset release
build-release-assets (windows-latest, windows, amd64, ragcli.exe)	UNKNOWN STEP	2026-07-27T16:29:43.9024861Z ^[[36;1mcmake --preset release^[[0m
build-release-assets (windows-latest, windows, amd64, ragcli.exe)	UNKNOWN STEP	2026-07-27T16:29:43.9087695Z shell: C:\Program Files\PowerShell\7\pwsh.EXE -command ". '{0}'"
build-release-assets (windows-latest, windows, amd64, ragcli.exe)	UNKNOWN STEP	2026-07-27T16:29:43.9088046Z env:
build-release-assets (windows-latest, windows, amd64, ragcli.exe)	UNKNOWN STEP	2026-07-27T16:29:43.9088256Z   VCPKG_ROOT: C:\Users\runneradmin\vcpkg
build-release-assets (windows-latest, windows, amd64, ragcli.exe)	UNKNOWN STEP	2026-07-27T16:29:43.9088527Z ##[endgroup]
build-release-assets (windows-latest, windows, amd64, ragcli.exe)	UNKNOWN STEP	2026-07-27T16:29:47.1777851Z -- Running vcpkg install
build-release-assets (windows-latest, windows, amd64, ragcli.exe)	UNKNOWN STEP	2026-07-27T16:29:48.4713501Z Detecting compiler hash for triplet x64-windows...
build-release-assets (windows-latest, windows, amd64, ragcli.exe)	UNKNOWN STEP	2026-07-27T16:30:14.7445210Z Compiler found: C:/Program Files/Microsoft Visual Studio/18/Enterprise/VC/Tools/MSVC/14.51.36231/bin/Hostx64/x64/cl.exe
build-release-assets (windows-latest, windows, amd64, ragcli.exe)	UNKNOWN STEP	2026-07-27T16:30:14.7703969Z The following packages will be built and installed:
build-release-assets (windows-latest, windows, amd64, ragcli.exe)	UNKNOWN STEP	2026-07-27T16:30:14.7713763Z     cpr[core,ssl]:x64-windows@1.14.2
build-release-assets (windows-latest, windows, amd64, ragcli.exe)	UNKNOWN STEP	2026-07-27T16:30:14.7714762Z   * curl[core,non-http,ssl,sspi]:x64-windows@8.21.0#1
build-release-assets (windows-latest, windows, amd64, ragcli.exe)	UNKNOWN STEP	2026-07-27T16:30:14.7715527Z   * fmt:x64-windows@12.2.0#1
build-release-assets (windows-latest, windows, amd64, ragcli.exe)	UNKNOWN STEP	2026-07-27T16:30:14.7716154Z     nlohmann-json:x64-windows@3.12.0#2
build-release-assets (windows-latest, windows, amd64, ragcli.exe)	UNKNOWN STEP	2026-07-27T16:30:14.7716946Z     spdlog[core,fmt,tz-offset]:x64-windows@1.17.0#1
build-release-assets (windows-latest, windows, amd64, ragcli.exe)	UNKNOWN STEP	2026-07-27T16:30:14.7717674Z     stb:x64-windows@2024-07-29#1
build-release-assets (windows-latest, windows, amd64, ragcli.exe)	UNKNOWN STEP	2026-07-27T16:30:14.7718298Z   * vcpkg-cmake:x64-windows@2024-04-23
build-release-assets (windows-latest, windows, amd64, ragcli.exe)	UNKNOWN STEP	2026-07-27T16:30:14.7718961Z   * vcpkg-cmake-config:x64-windows@2026-07-21
build-release-assets (windows-latest, windows, amd64, ragcli.exe)	UNKNOWN STEP	2026-07-27T16:30:14.7719670Z   * zlib:x64-windows@1.3.2#1
build-release-assets (windows-latest, windows, amd64, ragcli.exe)	UNKNOWN STEP	2026-07-27T16:30:14.7720458Z Additional packages (*) will be modified to complete this operation.
build-release-assets (windows-latest, windows, amd64, ragcli.exe)	UNKNOWN STEP	2026-07-27T16:30:15.1764326Z Restored 0 package(s) from C:\Users\runneradmin\AppData\Local\vcpkg\archives in 137 us. Use --debug to see more details.
build-release-assets (windows-latest, windows, amd64, ragcli.exe)	UNKNOWN STEP	2026-07-27T16:30:15.1766856Z Installing 1/9 vcpkg-cmake-config:x64-windows@2026-07-21...
build-release-assets (windows-latest, windows, amd64, ragcli.exe)	UNKNOWN STEP	2026-07-27T16:30:15.1768633Z vcpkg-cmake-config:x64-windows@2026-07-21 package ABI: c0a3c18c4e6bcda8f4cab1e0acb825efaf230469bed0a5f9179740e62798cc7f
build-release-assets (windows-latest, windows, amd64, ragcli.exe)	UNKNOWN STEP	2026-07-27T16:30:15.1770040Z Building vcpkg-cmake-config:x64-windows@2026-07-21...
build-release-assets (windows-latest, windows, amd64, ragcli.exe)	UNKNOWN STEP	2026-07-27T16:30:15.2290856Z -- Installing: C:/Users/runneradmin/vcpkg/packages/vcpkg-cmake-config_x64-windows/share/vcpkg-cmake-config/vcpkg_cmake_config_fixup.cmake
build-release-assets (windows-latest, windows, amd64, ragcli.exe)	UNKNOWN STEP	2026-07-27T16:30:15.2302194Z -- Installing: C:/Users/runneradmin/vcpkg/packages/vcpkg-cmake-config_x64-windows/share/vcpkg-cmake-config/vcpkg-port-config.cmake
build-release-assets (windows-latest, windows, amd64, ragcli.exe)	UNKNOWN STEP	2026-07-27T16:30:15.2313605Z -- Installing: C:/Users/runneradmin/vcpkg/packages/vcpkg-cmake-config_x64-windows/share/vcpkg-cmake-config/copyright
build-release-assets (windows-latest, windows, amd64, ragcli.exe)	UNKNOWN STEP	2026-07-27T16:30:15.2392290Z -- Skipping post-build validation due to VCPKG_POLICY_EMPTY_PACKAGE
build-release-assets (windows-latest, windows, amd64, ragcli.exe)	UNKNOWN STEP	2026-07-27T16:30:15.2490655Z Starting submission of vcpkg-cmake-config:x64-windows@2026-07-21 to 1 binary cache(s) in the background
build-release-assets (windows-latest, windows, amd64, ragcli.exe)	UNKNOWN STEP	2026-07-27T16:30:15.2491760Z Elapsed time to handle vcpkg-cmake-config:x64-windows: 70.6 ms
build-release-assets (windows-latest, windows, amd64, ragcli.exe)	UNKNOWN STEP	2026-07-27T16:30:15.2492589Z Installing 2/9 vcpkg-cmake:x64-windows@2024-04-23...
build-release-assets (windows-latest, windows, amd64, ragcli.exe)	UNKNOWN STEP	2026-07-27T16:30:15.2493551Z vcpkg-cmake:x64-windows@2024-04-23 package ABI: add31f714d47281afa40d27267609f8acad99aaafd7be321c2a782da6f046623
build-release-assets (windows-latest, windows, amd64, ragcli.exe)	UNKNOWN STEP	2026-07-27T16:30:15.2494486Z Building vcpkg-cmake:x64-windows@2024-04-23...
build-release-assets (windows-latest, windows, amd64, ragcli.exe)	UNKNOWN STEP	2026-07-27T16:30:15.3061294Z -- Installing: C:/Users/runneradmin/vcpkg/packages/vcpkg-cmake_x64-windows/share/vcpkg-cmake/vcpkg_cmake_configure.cmake
build-release-assets (windows-latest, windows, amd64, ragcli.exe)	UNKNOWN STEP	2026-07-27T16:30:15.3074271Z -- Installing: C:/Users/runneradmin/vcpkg/packages/vcpkg-cmake_x64-windows/share/vcpkg-cmake/vcpkg_cmake_build.cmake
build-release-assets (windows-latest, windows, amd64, ragcli.exe)	UNKNOWN STEP	2026-07-27T16:30:15.3091602Z -- Installing: C:/Users/runneradmin/vcpkg/packages/vcpkg-cmake_x64-windows/share/vcpkg-cmake/vcpkg_cmake_install.cmake
build-release-assets (windows-latest, windows, amd64, ragcli.exe)	UNKNOWN STEP	2026-07-27T16:30:15.3534096Z -- Installing: C:/Users/runneradmin/vcpkg/packages/vcpkg-cmake_x64-windows/share/vcpkg-cmake/vcpkg-port-config.cmake
build-release-assets (windows-latest, windows, amd64, ragcli.exe)	UNKNOWN STEP	2026-07-27T16:30:15.3548605Z -- Installing: C:/Users/runneradmin/vcpkg/packages/vcpkg-cmake_x64-windows/share/vcpkg-cmake/copyright
build-release-assets (windows-latest, windows, amd64, ragcli.exe)	UNKNOWN STEP	2026-07-27T16:30:15.3615972Z -- Performing post-build validation
build-release-assets (windows-latest, windows, amd64, ragcli.exe)	UNKNOWN STEP	2026-07-27T16:30:15.4183804Z Starting submission of vcpkg-cmake:x64-windows@2024-04-23 to 1 binary cache(s) in the background
build-release-assets (windows-latest, windows, amd64, ragcli.exe)	UNKNOWN STEP	2026-07-27T16:30:15.4184872Z Elapsed time to handle vcpkg-cmake:x64-windows: 171 ms
build-release-assets (windows-latest, windows, amd64, ragcli.exe)	UNKNOWN STEP	2026-07-27T16:30:15.4188531Z Installing 3/9 zlib:x64-windows@1.3.2#1...
build-release-assets (windows-latest, windows, amd64, ragcli.exe)	UNKNOWN STEP	2026-07-27T16:30:15.4189588Z zlib:x64-windows@1.3.2#1 package ABI: bf5e3032e77dd9fe8f315d1474a0c793bbdf5f9cf8635e7b376243e076038045
build-release-assets (windows-latest, windows, amd64, ragcli.exe)	UNKNOWN STEP	2026-07-27T16:30:15.4190502Z Building zlib:x64-windows@1.3.2#1...
build-release-assets (windows-latest, windows, amd64, ragcli.exe)	UNKNOWN STEP	2026-07-27T16:30:15.4714178Z Downloading https://github.com/madler/zlib/archive/v1.3.2.tar.gz -> madler-zlib-v1.3.2.tar.gz
build-release-assets (windows-latest, windows, amd64, ragcli.exe)	UNKNOWN STEP	2026-07-27T16:30:16.3379833Z Successfully downloaded madler-zlib-v1.3.2.tar.gz
build-release-assets (windows-latest, windows, amd64, ragcli.exe)	UNKNOWN STEP	2026-07-27T16:30:16.3599739Z -- Extracting source C:/Users/runneradmin/vcpkg/downloads/madler-zlib-v1.3.2.tar.gz
build-release-assets (windows-latest, windows, amd64, ragcli.exe)	UNKNOWN STEP	2026-07-27T16:30:16.9882659Z -- Applying patch 0001-no-version-script-on-ohos.patch
build-release-assets (windows-latest, windows, amd64, ragcli.exe)	UNKNOWN STEP	2026-07-27T16:30:17.0233337Z -- Using source at C:/Users/runneradmin/vcpkg/buildtrees/zlib/src/v1.3.2-c19a0bfd23.clean
build-release-assets (windows-latest, windows, amd64, ragcli.exe)	UNKNOWN STEP	2026-07-27T16:30:17.0506873Z -- Configuring x64-windows
build-release-assets (windows-latest, windows, amd64, ragcli.exe)	UNKNOWN STEP	2026-07-27T16:30:27.4267927Z -- Building x64-windows-dbg
build-release-assets (windows-latest, windows, amd64, ragcli.exe)	UNKNOWN STEP	2026-07-27T16:30:29.5769266Z -- Building x64-windows-rel
build-release-assets (windows-latest, windows, amd64, ragcli.exe)	UNKNOWN STEP	2026-07-27T16:30:32.8829411Z -- Fixing pkgconfig file: C:/Users/runneradmin/vcpkg/packages/zlib_x64-windows/lib/pkgconfig/zlib.pc
build-release-assets (windows-latest, windows, amd64, ragcli.exe)	UNKNOWN STEP	2026-07-27T16:30:32.9056138Z Downloading msys2-mingw-w64-x86_64-pkgconf-1~2.5.1-1-any.pkg.tar.zst, trying https://mirror.msys2.org/mingw/mingw64/mingw-w64-x86_64-pkgconf-1~2.5.1-1-any.pkg.tar.zst
build-release-assets (windows-latest, windows, amd64, ragcli.exe)	UNKNOWN STEP	2026-07-27T16:30:34.0405988Z Successfully downloaded msys2-mingw-w64-x86_64-pkgconf-1~2.5.1-1-any.pkg.tar.zst
build-release-assets (windows-latest, windows, amd64, ragcli.exe)	UNKNOWN STEP	2026-07-27T16:30:34.0548890Z Downloading msys2-msys2-runtime-3.6.5-1-x86_64.pkg.tar.zst, trying https://mirror.msys2.org/msys/x86_64/msys2-runtime-3.6.5-1-x86_64.pkg.tar.zst
build-release-assets (windows-latest, windows, amd64, ragcli.exe)	UNKNOWN STEP	2026-07-27T16:30:35.6018670Z Successfully downloaded msys2-msys2-runtime-3.6.5-1-x86_64.pkg.tar.zst
build-release-assets (windows-latest, windows, amd64, ragcli.exe)	UNKNOWN STEP	2026-07-27T16:30:35.8231889Z -- Using msys root at C:/Users/runneradmin/vcpkg/downloads/tools/msys2/3e71d1f8e22ab23f
build-release-assets (windows-latest, windows, amd64, ragcli.exe)	UNKNOWN STEP	2026-07-27T16:30:35.8456573Z -- Fixing pkgconfig file: C:/Users/runneradmin/vcpkg/packages/zlib_x64-windows/debug/lib/pkgconfig/zlib.pc
build-release-assets (windows-latest, windows, amd64, ragcli.exe)	UNKNOWN STEP	2026-07-27T16:30:35.8609592Z -- Installing: C:/Users/runneradmin/vcpkg/packages/zlib_x64-windows/share/zlib/vcpkg-cmake-wrapper.cmake
build-release-assets (windows-latest, windows, amd64, ragcli.exe)	UNKNOWN STEP	2026-07-27T16:30:35.8632865Z -- Installing: C:/Users/runneradmin/vcpkg/packages/zlib_x64-windows/share/zlib/copyright
build-release-assets (windows-latest, windows, amd64, ragcli.exe)	UNKNOWN STEP	2026-07-27T16:30:35.8728297Z -- Performing post-build validation
build-release-assets (windows-latest, windows, amd64, ragcli.exe)	UNKNOWN STEP	2026-07-27T16:30:35.9010482Z Starting submission of zlib:x64-windows@1.3.2#1 to 1 binary cache(s) in the background
build-release-assets (windows-latest, windows, amd64, ragcli.exe)	UNKNOWN STEP	2026-07-27T16:30:35.9014275Z Elapsed time to handle zlib:x64-windows: 20 s
build-release-assets (windows-latest, windows, amd64, ragcli.exe)	UNKNOWN STEP	2026-07-27T16:30:35.9015167Z Completed submission of vcpkg-cmake-config:x64-windows@2026-07-21 to 1 binary cache(s) in 1 s
build-release-assets (windows-latest, windows, amd64, ragcli.exe)	UNKNOWN STEP	2026-07-27T16:30:35.9016293Z Completed submission of vcpkg-cmake:x64-windows@2024-04-23 to 1 binary cache(s) in 61.9 ms
build-release-assets (windows-latest, windows, amd64, ragcli.exe)	UNKNOWN STEP	2026-07-27T16:30:35.9017273Z Installing 4/9 curl[core,non-http,ssl,sspi]:x64-windows@8.21.0#1...
build-release-assets (windows-latest, windows, amd64, ragcli.exe)	UNKNOWN STEP	2026-07-27T16:30:35.9018421Z curl[core,non-http,ssl,sspi]:x64-windows@8.21.0#1 package ABI: be1d1c806349fa3ff5fbc2a209c247bde4742663c1edb030dace697c692e9088
build-release-assets (windows-latest, windows, amd64, ragcli.exe)	UNKNOWN STEP	2026-07-27T16:30:35.9019614Z Building curl[core,non-http,ssl,sspi]:x64-windows@8.21.0#1...
build-release-assets (windows-latest, windows, amd64, ragcli.exe)	UNKNOWN STEP	2026-07-27T16:30:36.0080476Z Downloading https://github.com/curl/curl/archive/curl-8_21_0.tar.gz -> curl-curl-curl-8_21_0.tar.gz
build-release-assets (windows-latest, windows, amd64, ragcli.exe)	UNKNOWN STEP	2026-07-27T16:30:37.0368216Z Successfully downloaded curl-curl-curl-8_21_0.tar.gz
build-release-assets (windows-latest, windows, amd64, ragcli.exe)	UNKNOWN STEP	2026-07-27T16:30:37.0528550Z -- Extracting source C:/Users/runneradmin/vcpkg/downloads/curl-curl-curl-8_21_0.tar.gz
build-release-assets (windows-latest, windows, amd64, ragcli.exe)	UNKNOWN STEP	2026-07-27T16:30:40.1917243Z -- Applying patch dependencies.patch
build-release-assets (windows-latest, windows, amd64, ragcli.exe)	UNKNOWN STEP	2026-07-27T16:30:40.2421449Z -- Using source at C:/Users/runneradmin/vcpkg/buildtrees/curl/src/url-8_21_0-3ffa9f46b7.clean
build-release-assets (windows-latest, windows, amd64, ragcli.exe)	UNKNOWN STEP	2026-07-27T16:30:40.2556727Z -- Using cached msys2-mingw-w64-x86_64-pkgconf-1~2.5.1-1-any.pkg.tar.zst
build-release-assets (windows-latest, windows, amd64, ragcli.exe)	UNKNOWN STEP	2026-07-27T16:30:40.2644251Z -- Using cached msys2-msys2-runtime-3.6.5-1-x86_64.pkg.tar.zst
build-release-assets (windows-latest, windows, amd64, ragcli.exe)	UNKNOWN STEP	2026-07-27T16:30:40.2650763Z -- Using msys root at C:/Users/runneradmin/vcpkg/downloads/tools/msys2/3e71d1f8e22ab23f
build-release-assets (windows-latest, windows, amd64, ragcli.exe)	UNKNOWN STEP	2026-07-27T16:30:40.2990251Z -- Configuring x64-windows
build-release-assets (windows-latest, windows, amd64, ragcli.exe)	UNKNOWN STEP	2026-07-27T16:30:50.7675624Z -- Building x64-windows-dbg
build-release-assets (windows-latest, windows, amd64, ragcli.exe)	UNKNOWN STEP	2026-07-27T16:31:24.9157011Z -- Building x64-windows-rel
build-release-assets (windows-latest, windows, amd64, ragcli.exe)	UNKNOWN STEP	2026-07-27T16:32:06.3835003Z -- Fixing pkgconfig file: C:/Users/runneradmin/vcpkg/packages/curl_x64-windows/lib/pkgconfig/libcurl.pc
build-release-assets (windows-latest, windows, amd64, ragcli.exe)	UNKNOWN STEP	2026-07-27T16:32:06.3931255Z -- Fixing pkgconfig file: C:/Users/runneradmin/vcpkg/packages/curl_x64-windows/debug/lib/pkgconfig/libcurl.pc
build-release-assets (windows-latest, windows, amd64, ragcli.exe)	UNKNOWN STEP	2026-07-27T16:32:06.4204534Z -- Installing: C:/Users/runneradmin/vcpkg/packages/curl_x64-windows/share/curl/vcpkg-cmake-wrapper.cmake
build-release-assets (windows-latest, windows, amd64, ragcli.exe)	UNKNOWN STEP	2026-07-27T16:32:06.4217542Z -- Installing: C:/Users/runneradmin/vcpkg/packages/curl_x64-windows/share/curl/usage
build-release-assets (windows-latest, windows, amd64, ragcli.exe)	UNKNOWN STEP	2026-07-27T16:32:06.4324965Z -- Performing post-build validation
build-release-assets (windows-latest, windows, amd64, ragcli.exe)	UNKNOWN STEP	2026-07-27T16:32:06.4861341Z Starting submission of curl[core,non-http,ssl,sspi]:x64-windows@8.21.0#1 to 1 binary cache(s) in the background
build-release-assets (windows-latest, windows, amd64, ragcli.exe)	UNKNOWN STEP	2026-07-27T16:32:06.4862733Z Elapsed time to handle curl:x64-windows: 1.5 min
build-release-assets (windows-latest, windows, amd64, ragcli.exe)	UNKNOWN STEP	2026-07-27T16:32:06.4863740Z Completed submission of zlib:x64-windows@1.3.2#1 to 1 binary cache(s) in 217 ms
build-release-assets (windows-latest, windows, amd64, ragcli.exe)	UNKNOWN STEP	2026-07-27T16:32:06.4864649Z Installing 5/9 cpr[core,ssl]:x64-windows@1.14.2...
build-release-assets (windows-latest, windows, amd64, ragcli.exe)	UNKNOWN STEP	2026-07-27T16:32:06.4865695Z cpr[core,ssl]:x64-windows@1.14.2 package ABI: 7bdc196a540d36e6e2817cfcf67746e6b1757631e0ea23914ed3f800ed84f976
build-release-assets (windows-latest, windows, amd64, ragcli.exe)	UNKNOWN STEP	2026-07-27T16:32:06.4866623Z Building cpr[core,ssl]:x64-windows@1.14.2...
build-release-assets (windows-latest, windows, amd64, ragcli.exe)	UNKNOWN STEP	2026-07-27T16:32:06.6428543Z Downloading https://github.com/libcpr/cpr/archive/1.14.2.tar.gz -> libcpr-cpr-1.14.2.tar.gz
build-release-assets (windows-latest, windows, amd64, ragcli.exe)	UNKNOWN STEP	2026-07-27T16:32:07.3490091Z Successfully downloaded libcpr-cpr-1.14.2.tar.gz
build-release-assets (windows-latest, windows, amd64, ragcli.exe)	UNKNOWN STEP	2026-07-27T16:32:07.3539313Z -- Extracting source C:/Users/runneradmin/vcpkg/downloads/libcpr-cpr-1.14.2.tar.gz
build-release-assets (windows-latest, windows, amd64, ragcli.exe)	UNKNOWN STEP	2026-07-27T16:32:07.6184730Z -- Applying patch disable_werror.patch
build-release-assets (windows-latest, windows, amd64, ragcli.exe)	UNKNOWN STEP	2026-07-27T16:32:07.6491686Z -- Using source at C:/Users/runneradmin/vcpkg/buildtrees/cpr/src/1.14.2-af7a08bbf1.clean
build-release-assets (windows-latest, windows, amd64, ragcli.exe)	UNKNOWN STEP	2026-07-27T16:32:07.6776364Z -- Configuring x64-windows
build-release-assets (windows-latest, windows, amd64, ragcli.exe)	UNKNOWN STEP	2026-07-27T16:32:16.6140544Z CMake Warning at D:/a/ragcli/ragcli/build/release/vcpkg_installed/x64-windows/share/vcpkg-cmake/vcpkg_cmake_configure.cmake:344 (message):
build-release-assets (windows-latest, windows, amd64, ragcli.exe)	UNKNOWN STEP	2026-07-27T16:32:16.6141791Z   The following variables are not used in CMakeLists.txt:
build-release-assets (windows-latest, windows, amd64, ragcli.exe)	UNKNOWN STEP	2026-07-27T16:32:16.6142476Z 
build-release-assets (windows-latest, windows, amd64, ragcli.exe)	UNKNOWN STEP	2026-07-27T16:32:16.6142631Z       ADDRESS_SANITIZER_AVAILABLE
build-release-assets (windows-latest, windows, amd64, ragcli.exe)	UNKNOWN STEP	2026-07-27T16:32:16.6143064Z       ALL_SANITIZERS_AVAILABLE
build-release-assets (windows-latest, windows, amd64, ragcli.exe)	UNKNOWN STEP	2026-07-27T16:32:16.6143446Z       LEAK_SANITIZER_AVAILABLE
build-release-assets (windows-latest, windows, amd64, ragcli.exe)	UNKNOWN STEP	2026-07-27T16:32:16.6143832Z       THREAD_SANITIZER_AVAILABLE
build-release-assets (windows-latest, windows, amd64, ragcli.exe)	UNKNOWN STEP	2026-07-27T16:32:16.6144242Z       UNDEFINED_BEHAVIOUR_SANITIZER_AVAILABLE
build-release-assets (windows-latest, windows, amd64, ragcli.exe)	UNKNOWN STEP	2026-07-27T16:32:16.6144557Z 
build-release-assets (windows-latest, windows, amd64, ragcli.exe)	UNKNOWN STEP	2026-07-27T16:32:16.6144837Z   Please recheck them and remove the unnecessary options from the
build-release-assets (windows-latest, windows, amd64, ragcli.exe)	UNKNOWN STEP	2026-07-27T16:32:16.6145430Z   `vcpkg_cmake_configure` call.
build-release-assets (windows-latest, windows, amd64, ragcli.exe)	UNKNOWN STEP	2026-07-27T16:32:16.6145704Z 
build-release-assets (windows-latest, windows, amd64, ragcli.exe)	UNKNOWN STEP	2026-07-27T16:32:16.6146042Z   If these options should still be passed for whatever reason, please use the
build-release-assets (windows-latest, windows, amd64, ragcli.exe)	UNKNOWN STEP	2026-07-27T16:32:16.6146743Z   `MAYBE_UNUSED_VARIABLES` argument.
build-release-assets (windows-latest, windows, amd64, ragcli.exe)	UNKNOWN STEP	2026-07-27T16:32:16.6147211Z Call Stack (most recent call first):
build-release-assets (windows-latest, windows, amd64, ragcli.exe)	UNKNOWN STEP	2026-07-27T16:32:16.6147754Z   ports/cpr/portfile.cmake:16 (vcpkg_cmake_configure)
build-release-assets (windows-latest, windows, amd64, ragcli.exe)	UNKNOWN STEP	2026-07-27T16:32:16.6148309Z   scripts/ports.cmake:206 (include)
build-release-assets (windows-latest, windows, amd64, ragcli.exe)	UNKNOWN STEP	2026-07-27T16:32:16.6148618Z 
build-release-assets (windows-latest, windows, amd64, ragcli.exe)	UNKNOWN STEP	2026-07-27T16:32:16.6155537Z 
build-release-assets (windows-latest, windows, amd64, ragcli.exe)	UNKNOWN STEP	2026-07-27T16:32:16.6160102Z -- Building x64-windows-dbg
build-release-assets (windows-latest, windows, amd64, ragcli.exe)	UNKNOWN STEP	2026-07-27T16:32:44.7897030Z -- Building x64-windows-rel
build-release-assets (windows-latest, windows, amd64, ragcli.exe)	UNKNOWN STEP	2026-07-27T16:33:19.2341965Z -- Installing: C:/Users/runneradmin/vcpkg/packages/cpr_x64-windows/share/cpr/copyright
build-release-assets (windows-latest, windows, amd64, ragcli.exe)	UNKNOWN STEP	2026-07-27T16:33:19.2432152Z -- Performing post-build validation
build-release-assets (windows-latest, windows, amd64, ragcli.exe)	UNKNOWN STEP	2026-07-27T16:33:19.3008908Z Starting submission of cpr[core,ssl]:x64-windows@1.14.2 to 1 binary cache(s) in the background
build-release-assets (windows-latest, windows, amd64, ragcli.exe)	UNKNOWN STEP	2026-07-27T16:33:19.3010279Z Elapsed time to handle cpr:x64-windows: 1.2 min
build-release-assets (windows-latest, windows, amd64, ragcli.exe)	UNKNOWN STEP	2026-07-27T16:33:19.3011479Z Completed submission of curl[core,non-http,ssl,sspi]:x64-windows@8.21.0#1 to 1 binary cache(s) in 942 ms
build-release-assets (windows-latest, windows, amd64, ragcli.exe)	UNKNOWN STEP	2026-07-27T16:33:19.3012599Z Installing 6/9 nlohmann-json:x64-windows@3.12.0#2...
build-release-assets (windows-latest, windows, amd64, ragcli.exe)	UNKNOWN STEP	2026-07-27T16:33:19.3014497Z nlohmann-json:x64-windows@3.12.0#2 package ABI: 82a0634164fc06d731f86e1411a89fbc6f11262ceae56dc0f86b5f0fc76c6d66
build-release-assets (windows-latest, windows, amd64, ragcli.exe)	UNKNOWN STEP	2026-07-27T16:33:19.3015791Z Building nlohmann-json:x64-windows@3.12.0#2...
build-release-assets (windows-latest, windows, amd64, ragcli.exe)	UNKNOWN STEP	2026-07-27T16:33:19.4047911Z Downloading https://github.com/nlohmann/json/archive/v3.12.0.tar.gz -> nlohmann-json-v3.12.0.tar.gz
build-release-assets (windows-latest, windows, amd64, ragcli.exe)	UNKNOWN STEP	2026-07-27T16:33:20.3459961Z Successfully downloaded nlohmann-json-v3.12.0.tar.gz
build-release-assets (windows-latest, windows, amd64, ragcli.exe)	UNKNOWN STEP	2026-07-27T16:33:20.3856853Z -- Extracting source C:/Users/runneradmin/vcpkg/downloads/nlohmann-json-v3.12.0.tar.gz
build-release-assets (windows-latest, windows, amd64, ragcli.exe)	UNKNOWN STEP	2026-07-27T16:33:21.4158776Z -- Applying patch fix-4736_char8_t.patch
build-release-assets (windows-latest, windows, amd64, ragcli.exe)	UNKNOWN STEP	2026-07-27T16:33:21.4532810Z -- Applying patch fix-4742_std_optional.patch
build-release-assets (windows-latest, windows, amd64, ragcli.exe)	UNKNOWN STEP	2026-07-27T16:33:21.4912314Z -- Using source at C:/Users/runneradmin/vcpkg/buildtrees/nlohmann-json/src/v3.12.0-89fed620e6.clean
build-release-assets (windows-latest, windows, amd64, ragcli.exe)	UNKNOWN STEP	2026-07-27T16:33:21.5193858Z -- Configuring x64-windows
build-release-assets (windows-latest, windows, amd64, ragcli.exe)	UNKNOWN STEP	2026-07-27T16:33:22.9688188Z -- Building x64-windows-dbg
build-release-assets (windows-latest, windows, amd64, ragcli.exe)	UNKNOWN STEP	2026-07-27T16:33:23.1239362Z -- Building x64-windows-rel
build-release-assets (windows-latest, windows, amd64, ragcli.exe)	UNKNOWN STEP	2026-07-27T16:33:23.2925501Z -- Fixing pkgconfig file: C:/Users/runneradmin/vcpkg/packages/nlohmann-json_x64-windows/share/pkgconfig/nlohmann_json.pc
build-release-assets (windows-latest, windows, amd64, ragcli.exe)	UNKNOWN STEP	2026-07-27T16:33:23.3038066Z -- Using cached msys2-mingw-w64-x86_64-pkgconf-1~2.5.1-1-any.pkg.tar.zst
build-release-assets (windows-latest, windows, amd64, ragcli.exe)	UNKNOWN STEP	2026-07-27T16:33:23.3121911Z -- Using cached msys2-msys2-runtime-3.6.5-1-x86_64.pkg.tar.zst
build-release-assets (windows-latest, windows, amd64, ragcli.exe)	UNKNOWN STEP	2026-07-27T16:33:23.3128535Z -- Using msys root at C:/Users/runneradmin/vcpkg/downloads/tools/msys2/3e71d1f8e22ab23f
build-release-assets (windows-latest, windows, amd64, ragcli.exe)	UNKNOWN STEP	2026-07-27T16:33:23.3220513Z -- Fixing pkgconfig file: C:/Users/runneradmin/vcpkg/packages/nlohmann-json_x64-windows/debug/share/pkgconfig/nlohmann_json.pc
build-release-assets (windows-latest, windows, amd64, ragcli.exe)	UNKNOWN STEP	2026-07-27T16:33:23.3447310Z -- Installing: C:/Users/runneradmin/vcpkg/packages/nlohmann-json_x64-windows/share/nlohmann-json/copyright
build-release-assets (windows-latest, windows, amd64, ragcli.exe)	UNKNOWN STEP	2026-07-27T16:33:23.3536709Z -- Performing post-build validation
build-release-assets (windows-latest, windows, amd64, ragcli.exe)	UNKNOWN STEP	2026-07-27T16:33:23.3932504Z Starting submission of nlohmann-json:x64-windows@3.12.0#2 to 1 binary cache(s) in the background
build-release-assets (windows-latest, windows, amd64, ragcli.exe)	UNKNOWN STEP	2026-07-27T16:33:23.3933973Z Elapsed time to handle nlohmann-json:x64-windows: 4.1 s
build-release-assets (windows-latest, windows, amd64, ragcli.exe)	UNKNOWN STEP	2026-07-27T16:33:23.3934846Z Completed submission of cpr[core,ssl]:x64-windows@1.14.2 to 1 binary cache(s) in 597 ms
build-release-assets (windows-latest, windows, amd64, ragcli.exe)	UNKNOWN STEP	2026-07-27T16:33:23.3935637Z Installing 7/9 fmt:x64-windows@12.2.0#1...
build-release-assets (windows-latest, windows, amd64, ragcli.exe)	UNKNOWN STEP	2026-07-27T16:33:23.3936994Z fmt:x64-windows@12.2.0#1 package ABI: ebb471cbaf44c5e54b897ddcdac992c2073ee57b5043921f769de85f98581af9
build-release-assets (windows-latest, windows, amd64, ragcli.exe)	UNKNOWN STEP	2026-07-27T16:33:23.3938139Z Building fmt:x64-windows@12.2.0#1...
build-release-assets (windows-latest, windows, amd64, ragcli.exe)	UNKNOWN STEP	2026-07-27T16:33:23.4667883Z Downloading https://github.com/fmtlib/fmt/commit/588b3a0f8f6a8bcf2a959cae882d5b2703e86737.patch?full_index=1 -> fmt-backport-4813.patch
build-release-assets (windows-latest, windows, amd64, ragcli.exe)	UNKNOWN STEP	2026-07-27T16:33:23.7541396Z Successfully downloaded fmt-backport-4813.patch
build-release-assets (windows-latest, windows, amd64, ragcli.exe)	UNKNOWN STEP	2026-07-27T16:33:23.7682143Z Downloading https://github.com/fmtlib/fmt/archive/12.2.0.tar.gz -> fmtlib-fmt-12.2.0.tar.gz
build-release-assets (windows-latest, windows, amd64, ragcli.exe)	UNKNOWN STEP	2026-07-27T16:33:24.4745868Z Successfully downloaded fmtlib-fmt-12.2.0.tar.gz
build-release-assets (windows-latest, windows, amd64, ragcli.exe)	UNKNOWN STEP	2026-07-27T16:33:24.4802988Z -- Extracting source C:/Users/runneradmin/vcpkg/downloads/fmtlib-fmt-12.2.0.tar.gz
build-release-assets (windows-latest, windows, amd64, ragcli.exe)	UNKNOWN STEP	2026-07-27T16:33:24.7068991Z -- Applying patch C:/Users/runneradmin/vcpkg/downloads/fmt-backport-4813.patch
build-release-assets (windows-latest, windows, amd64, ragcli.exe)	UNKNOWN STEP	2026-07-27T16:33:24.7390816Z -- Using source at C:/Users/runneradmin/vcpkg/buildtrees/fmt/src/12.2.0-d352ede310.clean
build-release-assets (windows-latest, windows, amd64, ragcli.exe)	UNKNOWN STEP	2026-07-27T16:33:24.7663049Z -- Configuring x64-windows
build-release-assets (windows-latest, windows, amd64, ragcli.exe)	UNKNOWN STEP	2026-07-27T16:33:26.1067808Z -- Building x64-windows-dbg
build-release-assets (windows-latest, windows, amd64, ragcli.exe)	UNKNOWN STEP	2026-07-27T16:33:28.4978275Z -- Building x64-windows-rel
build-release-assets (windows-latest, windows, amd64, ragcli.exe)	UNKNOWN STEP	2026-07-27T16:33:33.2617021Z -- Fixing pkgconfig file: C:/Users/runneradmin/vcpkg/packages/fmt_x64-windows/lib/pkgconfig/fmt.pc
build-release-assets (windows-latest, windows, amd64, ragcli.exe)	UNKNOWN STEP	2026-07-27T16:33:33.2730553Z -- Using cached msys2-mingw-w64-x86_64-pkgconf-1~2.5.1-1-any.pkg.tar.zst
build-release-assets (windows-latest, windows, amd64, ragcli.exe)	UNKNOWN STEP	2026-07-27T16:33:33.2814289Z -- Using cached msys2-msys2-runtime-3.6.5-1-x86_64.pkg.tar.zst
build-release-assets (windows-latest, windows, amd64, ragcli.exe)	UNKNOWN STEP	2026-07-27T16:33:33.2821097Z -- Using msys root at C:/Users/runneradmin/vcpkg/downloads/tools/msys2/3e71d1f8e22ab23f
build-release-assets (windows-latest, windows, amd64, ragcli.exe)	UNKNOWN STEP	2026-07-27T16:33:33.2915204Z -- Fixing pkgconfig file: C:/Users/runneradmin/vcpkg/packages/fmt_x64-windows/debug/lib/pkgconfig/fmt.pc
build-release-assets (windows-latest, windows, amd64, ragcli.exe)	UNKNOWN STEP	2026-07-27T16:33:33.3645895Z -- Installing: C:/Users/runneradmin/vcpkg/packages/fmt_x64-windows/share/fmt/usage
build-release-assets (windows-latest, windows, amd64, ragcli.exe)	UNKNOWN STEP	2026-07-27T16:33:33.3659369Z -- Installing: C:/Users/runneradmin/vcpkg/packages/fmt_x64-windows/share/fmt/copyright
build-release-assets (windows-latest, windows, amd64, ragcli.exe)	UNKNOWN STEP	2026-07-27T16:33:33.3755703Z -- Performing post-build validation
build-release-assets (windows-latest, windows, amd64, ragcli.exe)	UNKNOWN STEP	2026-07-27T16:33:33.4081791Z Starting submission of fmt:x64-windows@12.2.0#1 to 1 binary cache(s) in the background
build-release-assets (windows-latest, windows, amd64, ragcli.exe)	UNKNOWN STEP	2026-07-27T16:33:33.4082782Z Elapsed time to handle fmt:x64-windows: 10 s
build-release-assets (windows-latest, windows, amd64, ragcli.exe)	UNKNOWN STEP	2026-07-27T16:33:33.4084145Z Completed submission of nlohmann-json:x64-windows@3.12.0#2 to 1 binary cache(s) in 152 ms
build-release-assets (windows-latest, windows, amd64, ragcli.exe)	UNKNOWN STEP	2026-07-27T16:33:33.4085216Z Installing 8/9 spdlog[core,fmt,tz-offset]:x64-windows@1.17.0#1...
build-release-assets (windows-latest, windows, amd64, ragcli.exe)	UNKNOWN STEP	2026-07-27T16:33:33.4086363Z spdlog[core,fmt,tz-offset]:x64-windows@1.17.0#1 package ABI: 213b9dfd7808328dd8508c14942fd69000f9fa1b8e46f22f9a9a2a17618ea531
build-release-assets (windows-latest, windows, amd64, ragcli.exe)	UNKNOWN STEP	2026-07-27T16:33:33.4087603Z Building spdlog[core,fmt,tz-offset]:x64-windows@1.17.0#1...
build-release-assets (windows-latest, windows, amd64, ragcli.exe)	UNKNOWN STEP	2026-07-27T16:33:33.5153193Z Downloading https://github.com/gabime/spdlog/commit/1685e694c5cd8328280c48f8b94b1281c17c6fee.patch?full_index=1 -> spdlog-backport-3541.patch
build-release-assets (windows-latest, windows, amd64, ragcli.exe)	UNKNOWN STEP	2026-07-27T16:33:33.8714378Z Successfully downloaded spdlog-backport-3541.patch
build-release-assets (windows-latest, windows, amd64, ragcli.exe)	UNKNOWN STEP	2026-07-27T16:33:33.8846161Z Downloading https://github.com/gabime/spdlog/commit/d5af52d903ed69f96c7350155e94aeff248b31eb.patch?full_index=1 -> spdlog-backport-3543.patch
build-release-assets (windows-latest, windows, amd64, ragcli.exe)	UNKNOWN STEP	2026-07-27T16:33:34.2203385Z Successfully downloaded spdlog-backport-3543.patch
build-release-assets (windows-latest, windows, amd64, ragcli.exe)	UNKNOWN STEP	2026-07-27T16:33:34.2342982Z Downloading https://github.com/gabime/spdlog/archive/v1.17.0.tar.gz -> gabime-spdlog-v1.17.0.tar.gz
build-release-assets (windows-latest, windows, amd64, ragcli.exe)	UNKNOWN STEP	2026-07-27T16:33:34.9470781Z Successfully downloaded gabime-spdlog-v1.17.0.tar.gz
build-release-assets (windows-latest, windows, amd64, ragcli.exe)	UNKNOWN STEP	2026-07-27T16:33:34.9510744Z -- Extracting source C:/Users/runneradmin/vcpkg/downloads/gabime-spdlog-v1.17.0.tar.gz
build-release-assets (windows-latest, windows, amd64, ragcli.exe)	UNKNOWN STEP	2026-07-27T16:33:35.1840795Z -- Applying patch C:/Users/runneradmin/vcpkg/downloads/spdlog-backport-3541.patch
build-release-assets (windows-latest, windows, amd64, ragcli.exe)	UNKNOWN STEP	2026-07-27T16:33:35.2187136Z -- Applying patch C:/Users/runneradmin/vcpkg/downloads/spdlog-backport-3543.patch
build-release-assets (windows-latest, windows, amd64, ragcli.exe)	UNKNOWN STEP	2026-07-27T16:33:35.2521282Z -- Using source at C:/Users/runneradmin/vcpkg/buildtrees/spdlog/src/v1.17.0-8a1a388e84.clean
build-release-assets (windows-latest, windows, amd64, ragcli.exe)	UNKNOWN STEP	2026-07-27T16:33:35.2839577Z -- Configuring x64-windows
build-release-assets (windows-latest, windows, amd64, ragcli.exe)	UNKNOWN STEP	2026-07-27T16:33:38.4809004Z -- Building x64-windows-dbg
build-release-assets (windows-latest, windows, amd64, ragcli.exe)	UNKNOWN STEP	2026-07-27T16:33:45.2816568Z -- Building x64-windows-rel
build-release-assets (windows-latest, windows, amd64, ragcli.exe)	UNKNOWN STEP	2026-07-27T16:33:57.9506039Z -- Fixing pkgconfig file: C:/Users/runneradmin/vcpkg/packages/spdlog_x64-windows/lib/pkgconfig/spdlog.pc
build-release-assets (windows-latest, windows, amd64, ragcli.exe)	UNKNOWN STEP	2026-07-27T16:33:57.9616798Z -- Using cached msys2-mingw-w64-x86_64-pkgconf-1~2.5.1-1-any.pkg.tar.zst
build-release-assets (windows-latest, windows, amd64, ragcli.exe)	UNKNOWN STEP	2026-07-27T16:33:57.9699218Z -- Using cached msys2-msys2-runtime-3.6.5-1-x86_64.pkg.tar.zst
build-release-assets (windows-latest, windows, amd64, ragcli.exe)	UNKNOWN STEP	2026-07-27T16:33:57.9705325Z -- Using msys root at C:/Users/runneradmin/vcpkg/downloads/tools/msys2/3e71d1f8e22ab23f
build-release-assets (windows-latest, windows, amd64, ragcli.exe)	UNKNOWN STEP	2026-07-27T16:33:57.9796164Z -- Fixing pkgconfig file: C:/Users/runneradmin/vcpkg/packages/spdlog_x64-windows/debug/lib/pkgconfig/spdlog.pc
build-release-assets (windows-latest, windows, amd64, ragcli.exe)	UNKNOWN STEP	2026-07-27T16:33:58.0869072Z -- Installing: C:/Users/runneradmin/vcpkg/packages/spdlog_x64-windows/share/spdlog/usage
build-release-assets (windows-latest, windows, amd64, ragcli.exe)	UNKNOWN STEP	2026-07-27T16:33:58.0881708Z -- Installing: C:/Users/runneradmin/vcpkg/packages/spdlog_x64-windows/share/spdlog/copyright
build-release-assets (windows-latest, windows, amd64, ragcli.exe)	UNKNOWN STEP	2026-07-27T16:33:58.0976307Z -- Performing post-build validation
build-release-assets (windows-latest, windows, amd64, ragcli.exe)	UNKNOWN STEP	2026-07-27T16:33:58.1746503Z Starting submission of spdlog[core,fmt,tz-offset]:x64-windows@1.17.0#1 to 1 binary cache(s) in the background
build-release-assets (windows-latest, windows, amd64, ragcli.exe)	UNKNOWN STEP	2026-07-27T16:33:58.1747742Z Elapsed time to handle spdlog:x64-windows: 25 s
build-release-assets (windows-latest, windows, amd64, ragcli.exe)	UNKNOWN STEP	2026-07-27T16:33:58.1748977Z Completed submission of fmt:x64-windows@12.2.0#1 to 1 binary cache(s) in 420 ms
build-release-assets (windows-latest, windows, amd64, ragcli.exe)	UNKNOWN STEP	2026-07-27T16:33:58.1749933Z Installing 9/9 stb:x64-windows@2024-07-29#1...
build-release-assets (windows-latest, windows, amd64, ragcli.exe)	UNKNOWN STEP	2026-07-27T16:33:58.1751360Z stb:x64-windows@2024-07-29#1 package ABI: 3ae7ae71eb9e87bb080289b91ece594bb62df736842b38115996c483673546b6
build-release-assets (windows-latest, windows, amd64, ragcli.exe)	UNKNOWN STEP	2026-07-27T16:33:58.1752277Z Building stb:x64-windows@2024-07-29#1...
build-release-assets (windows-latest, windows, amd64, ragcli.exe)	UNKNOWN STEP	2026-07-27T16:33:58.2438728Z Downloading https://github.com/nothings/stb/archive/f75e8d1cad7d90d72ef7a4661f1b994ef78b4e31.tar.gz -> nothings-stb-f75e8d1cad7d90d72ef7a4661f1b994ef78b4e31.tar.gz
build-release-assets (windows-latest, windows, amd64, ragcli.exe)	UNKNOWN STEP	2026-07-27T16:33:59.0716281Z Successfully downloaded nothings-stb-f75e8d1cad7d90d72ef7a4661f1b994ef78b4e31.tar.gz
build-release-assets (windows-latest, windows, amd64, ragcli.exe)	UNKNOWN STEP	2026-07-27T16:33:59.6564272Z -- Extracting source C:/Users/runneradmin/vcpkg/downloads/nothings-stb-f75e8d1cad7d90d72ef7a4661f1b994ef78b4e31.tar.gz
build-release-assets (windows-latest, windows, amd64, ragcli.exe)	UNKNOWN STEP	2026-07-27T16:33:59.6565859Z -- Using source at C:/Users/runneradmin/vcpkg/buildtrees/stb/src/4ef78b4e31-bf024d35de.clean
build-release-assets (windows-latest, windows, amd64, ragcli.exe)	UNKNOWN STEP	2026-07-27T16:33:59.6567160Z -- Installing: C:/Users/runneradmin/vcpkg/packages/stb_x64-windows/share/stb/FindStb.cmake
build-release-assets (windows-latest, windows, amd64, ragcli.exe)	UNKNOWN STEP	2026-07-27T16:33:59.6569501Z -- Installing: C:/Users/runneradmin/vcpkg/packages/stb_x64-windows/share/stb/vcpkg-cmake-wrapper.cmake
build-release-assets (windows-latest, windows, amd64, ragcli.exe)	UNKNOWN STEP	2026-07-27T16:33:59.6570947Z -- Installing: C:/Users/runneradmin/vcpkg/packages/stb_x64-windows/share/stb/usage
build-release-assets (windows-latest, windows, amd64, ragcli.exe)	UNKNOWN STEP	2026-07-27T16:33:59.6572152Z -- Installing: C:/Users/runneradmin/vcpkg/packages/stb_x64-windows/share/stb/copyright
build-release-assets (windows-latest, windows, amd64, ragcli.exe)	UNKNOWN STEP	2026-07-27T16:33:59.6573112Z -- Performing post-build validation
build-release-assets (windows-latest, windows, amd64, ragcli.exe)	UNKNOWN STEP	2026-07-27T16:33:59.6574014Z Starting submission of stb:x64-windows@2024-07-29#1 to 1 binary cache(s) in the background
build-release-assets (windows-latest, windows, amd64, ragcli.exe)	UNKNOWN STEP	2026-07-27T16:33:59.6574988Z Elapsed time to handle stb:x64-windows: 1.5 s
build-release-assets (windows-latest, windows, amd64, ragcli.exe)	UNKNOWN STEP	2026-07-27T16:34:00.6729173Z Installed contents are licensed to you by owners. Microsoft is not responsible for, nor does it grant any licenses to, third-party packages.
build-release-assets (windows-latest, windows, amd64, ragcli.exe)	UNKNOWN STEP	2026-07-27T16:34:00.6730622Z Packages installed in this vcpkg installation declare the following licenses:
build-release-assets (windows-latest, windows, amd64, ragcli.exe)	UNKNOWN STEP	2026-07-27T16:34:00.6731584Z (MIT OR CC-PDDC)
build-release-assets (windows-latest, windows, amd64, ragcli.exe)	UNKNOWN STEP	2026-07-27T16:34:00.6732003Z BSD-3-Clause
build-release-assets (windows-latest, windows, amd64, ragcli.exe)	UNKNOWN STEP	2026-07-27T16:34:00.6732368Z ISC
build-release-assets (windows-latest, windows, amd64, ragcli.exe)	UNKNOWN STEP	2026-07-27T16:34:00.6732702Z MIT
build-release-assets (windows-latest, windows, amd64, ragcli.exe)	UNKNOWN STEP	2026-07-27T16:34:00.6733072Z Zlib
build-release-assets (windows-latest, windows, amd64, ragcli.exe)	UNKNOWN STEP	2026-07-27T16:34:00.6733429Z curl
build-release-assets (windows-latest, windows, amd64, ragcli.exe)	UNKNOWN STEP	2026-07-27T16:34:00.6733804Z cpr provides CMake targets:
build-release-assets (windows-latest, windows, amd64, ragcli.exe)	UNKNOWN STEP	2026-07-27T16:34:00.6734090Z 
build-release-assets (windows-latest, windows, amd64, ragcli.exe)	UNKNOWN STEP	2026-07-27T16:34:00.6734400Z   # this is heuristically generated, and may not be correct
build-release-assets (windows-latest, windows, amd64, ragcli.exe)	UNKNOWN STEP	2026-07-27T16:34:00.6735070Z   find_package(cpr CONFIG REQUIRED)
build-release-assets (windows-latest, windows, amd64, ragcli.exe)	UNKNOWN STEP	2026-07-27T16:34:00.6796455Z   target_link_libraries(main PRIVATE cpr::cpr)
build-release-assets (windows-latest, windows, amd64, ragcli.exe)	UNKNOWN STEP	2026-07-27T16:34:00.6796913Z 
build-release-assets (windows-latest, windows, amd64, ragcli.exe)	UNKNOWN STEP	2026-07-27T16:34:00.6797155Z The package nlohmann-json provides CMake targets:
build-release-assets (windows-latest, windows, amd64, ragcli.exe)	UNKNOWN STEP	2026-07-27T16:34:00.6797584Z 
build-release-assets (windows-latest, windows, amd64, ragcli.exe)	UNKNOWN STEP	2026-07-27T16:34:00.6797836Z     find_package(nlohmann_json CONFIG REQUIRED)
build-release-assets (windows-latest, windows, amd64, ragcli.exe)	UNKNOWN STEP	2026-07-27T16:34:00.6798930Z     target_link_libraries(main PRIVATE nlohmann_json::nlohmann_json)
build-release-assets (windows-latest, windows, amd64, ragcli.exe)	UNKNOWN STEP	2026-07-27T16:34:00.6799832Z 
build-release-assets (windows-latest, windows, amd64, ragcli.exe)	UNKNOWN STEP	2026-07-27T16:34:00.6800510Z The package nlohmann-json can be configured to not provide implicit conversions via a custom triplet file:
build-release-assets (windows-latest, windows, amd64, ragcli.exe)	UNKNOWN STEP	2026-07-27T16:34:00.6801310Z 
build-release-assets (windows-latest, windows, amd64, ragcli.exe)	UNKNOWN STEP	2026-07-27T16:34:00.6801459Z     set(nlohmann-json_IMPLICIT_CONVERSIONS OFF)
build-release-assets (windows-latest, windows, amd64, ragcli.exe)	UNKNOWN STEP	2026-07-27T16:34:00.6801709Z 
build-release-assets (windows-latest, windows, amd64, ragcli.exe)	UNKNOWN STEP	2026-07-27T16:34:00.6801808Z For more information, see the docs here:
build-release-assets (windows-latest, windows, amd64, ragcli.exe)	UNKNOWN STEP	2026-07-27T16:34:00.6802129Z     
build-release-assets (windows-latest, windows, amd64, ragcli.exe)	UNKNOWN STEP	2026-07-27T16:34:00.6802534Z     https://json.nlohmann.me/api/macros/json_use_implicit_conversions/
build-release-assets (windows-latest, windows, amd64, ragcli.exe)	UNKNOWN STEP	2026-07-27T16:34:00.6803072Z 
build-release-assets (windows-latest, windows, amd64, ragcli.exe)	UNKNOWN STEP	2026-07-27T16:34:00.6803240Z The package spdlog provides CMake targets:
build-release-assets (windows-latest, windows, amd64, ragcli.exe)	UNKNOWN STEP	2026-07-27T16:34:00.6803455Z 
build-release-assets (windows-latest, windows, amd64, ragcli.exe)	UNKNOWN STEP	2026-07-27T16:34:00.6803663Z     find_package(spdlog CONFIG REQUIRED)
build-release-assets (windows-latest, windows, amd64, ragcli.exe)	UNKNOWN STEP	2026-07-27T16:34:00.6804196Z     target_link_libraries(main PRIVATE spdlog::spdlog)
build-release-assets (windows-latest, windows, amd64, ragcli.exe)	UNKNOWN STEP	2026-07-27T16:34:00.6804466Z 
build-release-assets (windows-latest, windows, amd64, ragcli.exe)	UNKNOWN STEP	2026-07-27T16:34:00.6804576Z     # Or use the header-only version
build-release-assets (windows-latest, windows, amd64, ragcli.exe)	UNKNOWN STEP	2026-07-27T16:34:00.6804908Z     find_package(spdlog CONFIG REQUIRED)
build-release-assets (windows-latest, windows, amd64, ragcli.exe)	UNKNOWN STEP	2026-07-27T16:34:00.6805338Z     target_link_libraries(main PRIVATE spdlog::spdlog_header_only)
build-release-assets (windows-latest, windows, amd64, ragcli.exe)	UNKNOWN STEP	2026-07-27T16:34:00.6805613Z 
build-release-assets (windows-latest, windows, amd64, ragcli.exe)	UNKNOWN STEP	2026-07-27T16:34:00.6805760Z The package stb provides CMake targets:
build-release-assets (windows-latest, windows, amd64, ragcli.exe)	UNKNOWN STEP	2026-07-27T16:34:00.6805962Z 
build-release-assets (windows-latest, windows, amd64, ragcli.exe)	UNKNOWN STEP	2026-07-27T16:34:00.6806097Z     find_package(Stb REQUIRED)
build-release-assets (windows-latest, windows, amd64, ragcli.exe)	UNKNOWN STEP	2026-07-27T16:34:00.6806463Z     target_include_directories(main PRIVATE ${Stb_INCLUDE_DIR})
build-release-assets (windows-latest, windows, amd64, ragcli.exe)	UNKNOWN STEP	2026-07-27T16:34:00.6807060Z Completed submission of spdlog[core,fmt,tz-offset]:x64-windows@1.17.0#1 to 1 binary cache(s) in 1.3 s
build-release-assets (windows-latest, windows, amd64, ragcli.exe)	UNKNOWN STEP	2026-07-27T16:34:00.6807628Z Waiting for 1 remaining binary cache submissions...
build-release-assets (windows-latest, windows, amd64, ragcli.exe)	UNKNOWN STEP	2026-07-27T16:34:00.6808145Z Completed submission of stb:x64-windows@2024-07-29#1 to 1 binary cache(s) in 188 ms (1/1)
build-release-assets (windows-latest, windows, amd64, ragcli.exe)	UNKNOWN STEP	2026-07-27T16:34:00.6808731Z All requested installations completed successfully in: 3.7 min
build-release-assets (windows-latest, windows, amd64, ragcli.exe)	UNKNOWN STEP	2026-07-27T16:34:00.6809319Z -- Running vcpkg install - done
build-release-assets (windows-latest, windows, amd64, ragcli.exe)	UNKNOWN STEP	2026-07-27T16:34:12.3874595Z -- The CXX compiler identification is GNU 15.2.0
build-release-assets (windows-latest, windows, amd64, ragcli.exe)	UNKNOWN STEP	2026-07-27T16:34:13.3597820Z -- Detecting CXX compiler ABI info
build-release-assets (windows-latest, windows, amd64, ragcli.exe)	UNKNOWN STEP	2026-07-27T16:34:14.2307624Z -- Detecting CXX compiler ABI info - done
build-release-assets (windows-latest, windows, amd64, ragcli.exe)	UNKNOWN STEP	2026-07-27T16:34:14.3913615Z -- Check for working CXX compiler: C:/mingw64/bin/c++.exe - skipped
build-release-assets (windows-latest, windows, amd64, ragcli.exe)	UNKNOWN STEP	2026-07-27T16:34:14.3919900Z -- Detecting CXX compile features
build-release-assets (windows-latest, windows, amd64, ragcli.exe)	UNKNOWN STEP	2026-07-27T16:34:14.3935677Z -- Detecting CXX compile features - done
build-release-assets (windows-latest, windows, amd64, ragcli.exe)	UNKNOWN STEP	2026-07-27T16:34:22.1561030Z -- Found ZLIB: optimized;D:/a/ragcli/ragcli/build/release/vcpkg_installed/x64-windows/lib/z.lib;debug;D:/a/ragcli/ragcli/build/release/vcpkg_installed/x64-windows/debug/lib/zd.lib (found suitable version "1.3.2", minimum required is "1")
build-release-assets (windows-latest, windows, amd64, ragcli.exe)	UNKNOWN STEP	2026-07-27T16:34:22.1829255Z -- Found nlohmann_json: D:/a/ragcli/ragcli/build/release/vcpkg_installed/x64-windows/share/nlohmann_json/nlohmann_jsonConfig.cmake (found version "3.12.0")
build-release-assets (windows-latest, windows, amd64, ragcli.exe)	UNKNOWN STEP	2026-07-27T16:34:22.2063764Z -- Performing Test CMAKE_HAVE_LIBC_PTHREAD
build-release-assets (windows-latest, windows, amd64, ragcli.exe)	UNKNOWN STEP	2026-07-27T16:34:24.8813978Z -- Performing Test CMAKE_HAVE_LIBC_PTHREAD - Success
build-release-assets (windows-latest, windows, amd64, ragcli.exe)	UNKNOWN STEP	2026-07-27T16:34:24.8814785Z -- Found Threads: TRUE
build-release-assets (windows-latest, windows, amd64, ragcli.exe)	UNKNOWN STEP	2026-07-27T16:34:26.8861165Z -- Found ZLIB: optimized;D:/a/ragcli/ragcli/build/release/vcpkg_installed/x64-windows/lib/z.lib;debug;D:/a/ragcli/ragcli/build/release/vcpkg_installed/x64-windows/debug/lib/zd.lib (found version "1.3.2")
build-release-assets (windows-latest, windows, amd64, ragcli.exe)	UNKNOWN STEP	2026-07-27T16:34:34.7638185Z -- Could NOT find JPEG (missing: JPEG_LIBRARY JPEG_INCLUDE_DIR) 
build-release-assets (windows-latest, windows, amd64, ragcli.exe)	UNKNOWN STEP	2026-07-27T16:34:34.7645411Z -- JPEG support disabled (libjpeg not found)
build-release-assets (windows-latest, windows, amd64, ragcli.exe)	UNKNOWN STEP	2026-07-27T16:34:35.4488572Z -- Could NOT find JPEG (missing: JPEG_LIBRARY JPEG_INCLUDE_DIR) 
build-release-assets (windows-latest, windows, amd64, ragcli.exe)	UNKNOWN STEP	2026-07-27T16:34:35.4893630Z -- Found Stb: D:/a/ragcli/ragcli/build/release/vcpkg_installed/x64-windows/include
build-release-assets (windows-latest, windows, amd64, ragcli.exe)	UNKNOWN STEP	2026-07-27T16:35:23.4599886Z -- The C compiler identification is GNU 15.2.0
build-release-assets (windows-latest, windows, amd64, ragcli.exe)	UNKNOWN STEP	2026-07-27T16:35:23.4600621Z -- Detecting C compiler ABI info
build-release-assets (windows-latest, windows, amd64, ragcli.exe)	UNKNOWN STEP	2026-07-27T16:35:24.2675875Z -- Detecting C compiler ABI info - done
build-release-assets (windows-latest, windows, amd64, ragcli.exe)	UNKNOWN STEP	2026-07-27T16:35:24.2870412Z -- Check for working C compiler: C:/mingw64/bin/cc.exe - skipped
build-release-assets (windows-latest, windows, amd64, ragcli.exe)	UNKNOWN STEP	2026-07-27T16:35:24.2876693Z -- Detecting C compile features
build-release-assets (windows-latest, windows, amd64, ragcli.exe)	UNKNOWN STEP	2026-07-27T16:35:24.2883886Z -- Detecting C compile features - done
build-release-assets (windows-latest, windows, amd64, ragcli.exe)	UNKNOWN STEP	2026-07-27T16:35:24.9665551Z -- Could NOT find JPEG (missing: JPEG_LIBRARY JPEG_INCLUDE_DIR) 
build-release-assets (windows-latest, windows, amd64, ragcli.exe)	UNKNOWN STEP	2026-07-27T16:35:25.0153060Z -- Configuring done (338.2s)
build-release-assets (windows-latest, windows, amd64, ragcli.exe)	UNKNOWN STEP	2026-07-27T16:35:25.1292216Z -- Generating done (0.1s)
build-release-assets (windows-latest, windows, amd64, ragcli.exe)	UNKNOWN STEP	2026-07-27T16:35:25.1305833Z -- Build files have been written to: D:/a/ragcli/ragcli/build/release
build-release-assets (windows-latest, windows, amd64, ragcli.exe)	UNKNOWN STEP	2026-07-27T16:35:25.2675911Z ##[group]Run cmake --build --preset release
build-release-assets (windows-latest, windows, amd64, ragcli.exe)	UNKNOWN STEP	2026-07-27T16:35:25.2676417Z ^[[36;1mcmake --build --preset release^[[0m
build-release-assets (windows-latest, windows, amd64, ragcli.exe)	UNKNOWN STEP	2026-07-27T16:35:25.2833464Z shell: C:\Program Files\PowerShell\7\pwsh.EXE -command ". '{0}'"
build-release-assets (windows-latest, windows, amd64, ragcli.exe)	UNKNOWN STEP	2026-07-27T16:35:25.2833924Z env:
build-release-assets (windows-latest, windows, amd64, ragcli.exe)	UNKNOWN STEP	2026-07-27T16:35:25.2834194Z   VCPKG_ROOT: C:\Users\runneradmin\vcpkg
build-release-assets (windows-latest, windows, amd64, ragcli.exe)	UNKNOWN STEP	2026-07-27T16:35:25.2834526Z ##[endgroup]
build-release-assets (windows-latest, windows, amd64, ragcli.exe)	UNKNOWN STEP	2026-07-27T16:35:34.0807679Z [1/69] Building CXX object _deps/wcppcli-build/CMakeFiles/wcppcli.dir/src/wcli.cpp.obj
build-release-assets (windows-latest, windows, amd64, ragcli.exe)	UNKNOWN STEP	2026-07-27T16:35:34.5299567Z [2/69] Building CXX object _deps/wcppcli-build/CMakeFiles/wcppcli.dir/src/wstyle.cpp.obj
build-release-assets (windows-latest, windows, amd64, ragcli.exe)	UNKNOWN STEP	2026-07-27T16:35:35.8003210Z [3/69] Building CXX object _deps/wcppcli-build/CMakeFiles/wcppcli.dir/src/wui.cpp.obj
build-release-assets (windows-latest, windows, amd64, ragcli.exe)	UNKNOWN STEP	2026-07-27T16:35:37.1893194Z [4/69] Building CXX object _deps/wcppcli-build/CMakeFiles/wcppcli.dir/src/wlog.cpp.obj
build-release-assets (windows-latest, windows, amd64, ragcli.exe)	UNKNOWN STEP	2026-07-27T16:35:40.0547250Z [5/69] Building CXX object _deps/wcppcli-build/CMakeFiles/wcppcli.dir/src/wconf.cpp.obj
build-release-assets (windows-latest, windows, amd64, ragcli.exe)	UNKNOWN STEP	2026-07-27T16:35:45.8912735Z [6/69] Building CXX object _deps/llm_client-build/CMakeFiles/llm_client.dir/src/llm_client.cpp.obj
build-release-assets (windows-latest, windows, amd64, ragcli.exe)	UNKNOWN STEP	2026-07-27T16:36:07.8245419Z [7/69] Building CXX object _deps/googletest-build/googletest/CMakeFiles/gtest.dir/src/gtest-all.cc.obj
build-release-assets (windows-latest, windows, amd64, ragcli.exe)	UNKNOWN STEP	2026-07-27T16:36:08.4790283Z [8/69] Building CXX object _deps/llm_client-build/CMakeFiles/llm_client.dir/src/openai_client.cpp.obj
build-release-assets (windows-latest, windows, amd64, ragcli.exe)	UNKNOWN STEP	2026-07-27T16:36:08.8678981Z [9/69] Building CXX object _deps/llm_client-build/CMakeFiles/llm_client.dir/src/azure_openai_client.cpp.obj
build-release-assets (windows-latest, windows, amd64, ragcli.exe)	UNKNOWN STEP	2026-07-27T16:36:10.3206220Z [10/69] Building CXX object _deps/cpppdf-build/CMakeFiles/cpppdf.dir/src/cpppdf.cpp.obj
build-release-assets (windows-latest, windows, amd64, ragcli.exe)	UNKNOWN STEP	2026-07-27T16:36:11.3831589Z [11/69] Building CXX object _deps/cpppdf-build/CMakeFiles/cpppdf.dir/src/error.cpp.obj
build-release-assets (windows-latest, windows, amd64, ragcli.exe)	UNKNOWN STEP	2026-07-27T16:36:11.7999040Z [12/69] Building CXX object _deps/llm_client-build/CMakeFiles/llm_client.dir/src/llm_client_c.cpp.obj
build-release-assets (windows-latest, windows, amd64, ragcli.exe)	UNKNOWN STEP	2026-07-27T16:36:11.8022889Z D:/a/ragcli/ragcli/build/release/_deps/llm_client-src/src/llm_client_c.cpp:218:14: warning: 'void* llm_client_create(const char*, const char*, const char*, const char*)' redeclared without dllimport attribute: previous dllimport ignored [-Wattributes]
build-release-assets (windows-latest, windows, amd64, ragcli.exe)	UNKNOWN STEP	2026-07-27T16:36:11.8339813Z   218 | llm_client_h llm_client_create(const char *provider, const char *api_key,
build-release-assets (windows-latest, windows, amd64, ragcli.exe)	UNKNOWN STEP	2026-07-27T16:36:11.8342807Z       |              ^~~~~~~~~~~~~~~~~
build-release-assets (windows-latest, windows, amd64, ragcli.exe)	UNKNOWN STEP	2026-07-27T16:36:11.8672163Z D:/a/ragcli/ragcli/build/release/_deps/llm_client-src/src/llm_client_c.cpp:237:6: warning: 'void llm_client_destroy(llm_client_h)' redeclared without dllimport attribute: previous dllimport ignored [-Wattributes]
build-release-assets (windows-latest, windows, amd64, ragcli.exe)	UNKNOWN STEP	2026-07-27T16:36:11.8675139Z   237 | void llm_client_destroy(llm_client_h client) {
build-release-assets (windows-latest, windows, amd64, ragcli.exe)	UNKNOWN STEP	2026-07-27T16:36:11.9011183Z       |      ^~~~~~~~~~~~~~~~~~
build-release-assets (windows-latest, windows, amd64, ragcli.exe)	UNKNOWN STEP	2026-07-27T16:36:11.9345795Z D:/a/ragcli/ragcli/build/release/_deps/llm_client-src/src/llm_client_c.cpp:244:1: warning: 'llm_response_data_t llm_client_chat(llm_client_h, const llm_message_t*, size_t, const llm_request_params_t*)' redeclared without dllimport attribute: previous dllimport ignored [-Wattributes]
build-release-assets (windows-latest, windows, amd64, ragcli.exe)	UNKNOWN STEP	2026-07-27T16:36:11.9380770Z   244 | llm_client_chat(llm_client_h client, const llm_message_t *messages,
build-release-assets (windows-latest, windows, amd64, ragcli.exe)	UNKNOWN STEP	2026-07-27T16:36:11.9718560Z       | ^~~~~~~~~~~~~~~
build-release-assets (windows-latest, windows, amd64, ragcli.exe)	UNKNOWN STEP	2026-07-27T16:36:11.9761121Z D:/a/ragcli/ragcli/build/release/_deps/llm_client-src/src/llm_client_c.cpp:258:1: warning: 'llm_response_data_t llm_client_generate(llm_client_h, const char*, const llm_request_params_t*)' redeclared without dllimport attribute: previous dllimport ignored [-Wattributes]
build-release-assets (windows-latest, windows, amd64, ragcli.exe)	UNKNOWN STEP	2026-07-27T16:36:12.0071863Z   258 | llm_client_generate(llm_client_h client, const char *prompt,
build-release-assets (windows-latest, windows, amd64, ragcli.exe)	UNKNOWN STEP	2026-07-27T16:36:12.0095609Z       | ^~~~~~~~~~~~~~~~~~~
build-release-assets (windows-latest, windows, amd64, ragcli.exe)	UNKNOWN STEP	2026-07-27T16:36:12.0419020Z D:/a/ragcli/ragcli/build/release/_deps/llm_client-src/src/llm_client_c.cpp:266:21: warning: 'llm_response_data_t llm_client_chat_stream(llm_client_h, const llm_message_t*, size_t, llm_stream_callback_t, void*, const llm_request_params_t*)' redeclared without dllimport attribute: previous dllimport ignored [-Wattributes]
build-release-assets (windows-latest, windows, amd64, ragcli.exe)	UNKNOWN STEP	2026-07-27T16:36:12.0752098Z   266 | llm_response_data_t llm_client_chat_stream(
build-release-assets (windows-latest, windows, amd64, ragcli.exe)	UNKNOWN STEP	2026-07-27T16:36:12.1072138Z       |                     ^~~~~~~~~~~~~~~~~~~~~~
build-release-assets (windows-latest, windows, amd64, ragcli.exe)	UNKNOWN STEP	2026-07-27T16:36:12.1408792Z D:/a/ragcli/ragcli/build/release/_deps/llm_client-src/src/llm_client_c.cpp:288:6: warning: 'void llm_response_free(llm_response_data_t*)' redeclared without dllimport attribute: previous dllimport ignored [-Wattributes]
build-release-assets (windows-latest, windows, amd64, ragcli.exe)	UNKNOWN STEP	2026-07-27T16:36:12.1747294Z   288 | void llm_response_free(llm_response_data_t *response) {
build-release-assets (windows-latest, windows, amd64, ragcli.exe)	UNKNOWN STEP	2026-07-27T16:36:12.2082772Z       |      ^~~~~~~~~~~~~~~~~
build-release-assets (windows-latest, windows, amd64, ragcli.exe)	UNKNOWN STEP	2026-07-27T16:36:12.2412167Z D:/a/ragcli/ragcli/build/release/_deps/llm_client-src/src/llm_client_c.cpp:315:1: warning: 'llm_embedding_response_t llm_client_embed(llm_client_h, const char**, size_t, const llm_embedding_params_t*)' redeclared without dllimport attribute: previous dllimport ignored [-Wattributes]
build-release-assets (windows-latest, windows, amd64, ragcli.exe)	UNKNOWN STEP	2026-07-27T16:36:12.2744216Z   315 | llm_client_embed(llm_client_h client, const char **inputs, size_t input_count,
build-release-assets (windows-latest, windows, amd64, ragcli.exe)	UNKNOWN STEP	2026-07-27T16:36:12.3083090Z       | ^~~~~~~~~~~~~~~~
build-release-assets (windows-latest, windows, amd64, ragcli.exe)	UNKNOWN STEP	2026-07-27T16:36:12.3416100Z D:/a/ragcli/ragcli/build/release/_deps/llm_client-src/src/llm_client_c.cpp:329:6: warning: 'void llm_embedding_response_free(llm_embedding_response_t*)' redeclared without dllimport attribute: previous dllimport ignored [-Wattributes]
build-release-assets (windows-latest, windows, amd64, ragcli.exe)	UNKNOWN STEP	2026-07-27T16:36:12.3747306Z   329 | void llm_embedding_response_free(llm_embedding_response_t *response) {
build-release-assets (windows-latest, windows, amd64, ragcli.exe)	UNKNOWN STEP	2026-07-27T16:36:12.4066724Z       |      ^~~~~~~~~~~~~~~~~~~~~~~~~~~
build-release-assets (windows-latest, windows, amd64, ragcli.exe)	UNKNOWN STEP	2026-07-27T16:36:13.1582832Z [13/69] Building CXX object _deps/cpppdf-build/CMakeFiles/cpppdf.dir/src/parser/lexer.cpp.obj
build-release-assets (windows-latest, windows, amd64, ragcli.exe)	UNKNOWN STEP	2026-07-27T16:36:19.0973607Z [14/69] Building CXX object _deps/cpppdf-build/CMakeFiles/cpppdf.dir/src/parser/xref.cpp.obj
build-release-assets (windows-latest, windows, amd64, ragcli.exe)	UNKNOWN STEP	2026-07-27T16:36:19.0975147Z [15/69] Building CXX object _deps/cpppdf-build/CMakeFiles/cpppdf.dir/src/parser/object_parser.cpp.obj
build-release-assets (windows-latest, windows, amd64, ragcli.exe)	UNKNOWN STEP	2026-07-27T16:36:23.6517805Z [16/69] Building CXX object _deps/cpppdf-build/CMakeFiles/cpppdf.dir/src/document/document.cpp.obj
build-release-assets (windows-latest, windows, amd64, ragcli.exe)	UNKNOWN STEP	2026-07-27T16:36:23.6520224Z [17/69] Building CXX object _deps/cpppdf-build/CMakeFiles/cpppdf.dir/src/extractor/text.cpp.obj
build-release-assets (windows-latest, windows, amd64, ragcli.exe)	UNKNOWN STEP	2026-07-27T16:36:25.4113790Z [18/69] Building CXX object _deps/cpppdf-build/CMakeFiles/cpppdf.dir/src/extractor/image.cpp.obj
build-release-assets (windows-latest, windows, amd64, ragcli.exe)	UNKNOWN STEP	2026-07-27T16:36:30.5052723Z [19/69] Building CXX object _deps/cpppdf-build/CMakeFiles/cpppdf.dir/src/converter/normalizer.cpp.obj
build-release-assets (windows-latest, windows, amd64, ragcli.exe)	UNKNOWN STEP	2026-07-27T16:36:30.5062255Z [20/69] Building CXX object _deps/cpppdf-build/CMakeFiles/cpppdf.dir/src/converter/line_assembler.cpp.obj
build-release-assets (windows-latest, windows, amd64, ragcli.exe)	UNKNOWN STEP	2026-07-27T16:36:30.5217816Z [21/69] Building CXX object _deps/cpppdf-build/CMakeFiles/cpppdf.dir/src/converter/paragraph_splitter.cpp.obj
build-release-assets (windows-latest, windows, amd64, ragcli.exe)	UNKNOWN STEP	2026-07-27T16:36:30.5552869Z [22/69] Building CXX object _deps/cpppdf-build/CMakeFiles/cpppdf.dir/src/converter/table_detector.cpp.obj
build-release-assets (windows-latest, windows, amd64, ragcli.exe)	UNKNOWN STEP	2026-07-27T16:36:32.3901157Z [23/69] Building CXX object _deps/cpppdf-build/CMakeFiles/cpppdf.dir/src/converter/md_renderer.cpp.obj
build-release-assets (windows-latest, windows, amd64, ragcli.exe)	UNKNOWN STEP	2026-07-27T16:36:32.9544694Z [24/69] Building CXX object _deps/cpppdf-build/CMakeFiles/cpppdf.dir/src/converter/pdf2md.cpp.obj
build-release-assets (windows-latest, windows, amd64, ragcli.exe)	UNKNOWN STEP	2026-07-27T16:36:34.2589406Z [25/69] Building CXX object _deps/llm_client-build/CMakeFiles/llm_client.dir/src/ollama_client.cpp.obj
build-release-assets (windows-latest, windows, amd64, ragcli.exe)	UNKNOWN STEP	2026-07-27T16:36:35.8515839Z [26/69] Linking CXX static library lib\libgtest.a
build-release-assets (windows-latest, windows, amd64, ragcli.exe)	UNKNOWN STEP	2026-07-27T16:36:42.0944685Z [27/69] Building CXX object _deps/cpppdf-build/CMakeFiles/cpppdf.dir/src/renderer/terminal.cpp.obj
build-release-assets (windows-latest, windows, amd64, ragcli.exe)	UNKNOWN STEP	2026-07-27T16:36:42.0946056Z [28/69] Building CXX object _deps/googletest-build/googletest/CMakeFiles/gtest_main.dir/src/gtest_main.cc.obj
build-release-assets (windows-latest, windows, amd64, ragcli.exe)	UNKNOWN STEP	2026-07-27T16:36:42.0947445Z [29/69] Building CXX object _deps/googletest-build/googlemock/CMakeFiles/gmock.dir/src/gmock-all.cc.obj
build-release-assets (windows-latest, windows, amd64, ragcli.exe)	UNKNOWN STEP	2026-07-27T16:36:42.0948548Z [30/69] Linking CXX static library _deps\wcppcli-build\libwcppcli.a
build-release-assets (windows-latest, windows, amd64, ragcli.exe)	UNKNOWN STEP	2026-07-27T16:36:42.7022904Z [31/69] Linking CXX static library _deps\llm_client-build\libllm_client.a
build-release-assets (windows-latest, windows, amd64, ragcli.exe)	UNKNOWN STEP	2026-07-27T16:36:49.4434382Z [32/69] Building CXX object _deps/llm_client-build/CMakeFiles/llm_client_shared.dir/src/llm_client.cpp.obj
build-release-assets (windows-latest, windows, amd64, ragcli.exe)	UNKNOWN STEP	2026-07-27T16:36:53.8753583Z [33/69] Building CXX object CMakeFiles/ragcli.dir/src/utils/stb_image_impl.cpp.obj
build-release-assets (windows-latest, windows, amd64, ragcli.exe)	UNKNOWN STEP	2026-07-27T16:37:12.0661712Z [34/69] Building CXX object CMakeFiles/ragcli.dir/src/main.cpp.obj
build-release-assets (windows-latest, windows, amd64, ragcli.exe)	UNKNOWN STEP	2026-07-27T16:37:15.7665846Z [35/69] Building CXX object _deps/llm_client-build/CMakeFiles/llm_client_shared.dir/src/openai_client.cpp.obj
build-release-assets (windows-latest, windows, amd64, ragcli.exe)	UNKNOWN STEP	2026-07-27T16:37:19.1607801Z [36/69] Building CXX object _deps/llm_client-build/CMakeFiles/llm_client_shared.dir/src/azure_openai_client.cpp.obj
build-release-assets (windows-latest, windows, amd64, ragcli.exe)	UNKNOWN STEP	2026-07-27T16:37:19.3655409Z [37/69] Building CXX object _deps/llm_client-build/CMakeFiles/llm_client_shared.dir/src/llm_client_c.cpp.obj
build-release-assets (windows-latest, windows, amd64, ragcli.exe)	UNKNOWN STEP	2026-07-27T16:37:19.3680224Z D:/a/ragcli/ragcli/build/release/_deps/llm_client-src/src/llm_client_c.cpp:218:14: warning: 'void* llm_client_create(const char*, const char*, const char*, const char*)' redeclared without dllimport attribute: previous dllimport ignored [-Wattributes]
build-release-assets (windows-latest, windows, amd64, ragcli.exe)	UNKNOWN STEP	2026-07-27T16:37:19.4009042Z   218 | llm_client_h llm_client_create(const char *provider, const char *api_key,
build-release-assets (windows-latest, windows, amd64, ragcli.exe)	UNKNOWN STEP	2026-07-27T16:37:19.4010054Z       |              ^~~~~~~~~~~~~~~~~
build-release-assets (windows-latest, windows, amd64, ragcli.exe)	UNKNOWN STEP	2026-07-27T16:37:19.4326473Z D:/a/ragcli/ragcli/build/release/_deps/llm_client-src/src/llm_client_c.cpp:237:6: warning: 'void llm_client_destroy(llm_client_h)' redeclared without dllimport attribute: previous dllimport ignored [-Wattributes]
build-release-assets (windows-latest, windows, amd64, ragcli.exe)	UNKNOWN STEP	2026-07-27T16:37:19.4345283Z   237 | void llm_client_destroy(llm_client_h client) {
build-release-assets (windows-latest, windows, amd64, ragcli.exe)	UNKNOWN STEP	2026-07-27T16:37:19.4649547Z       |      ^~~~~~~~~~~~~~~~~~
build-release-assets (windows-latest, windows, amd64, ragcli.exe)	UNKNOWN STEP	2026-07-27T16:37:19.4726424Z D:/a/ragcli/ragcli/build/release/_deps/llm_client-src/src/llm_client_c.cpp:244:1: warning: 'llm_response_data_t llm_client_chat(llm_client_h, const llm_message_t*, size_t, const llm_request_params_t*)' redeclared without dllimport attribute: previous dllimport ignored [-Wattributes]
build-release-assets (windows-latest, windows, amd64, ragcli.exe)	UNKNOWN STEP	2026-07-27T16:37:19.5029850Z   244 | llm_client_chat(llm_client_h client, const llm_message_t *messages,
build-release-assets (windows-latest, windows, amd64, ragcli.exe)	UNKNOWN STEP	2026-07-27T16:37:19.5099417Z       | ^~~~~~~~~~~~~~~
build-release-assets (windows-latest, windows, amd64, ragcli.exe)	UNKNOWN STEP	2026-07-27T16:37:19.5423495Z D:/a/ragcli/ragcli/build/release/_deps/llm_client-src/src/llm_client_c.cpp:258:1: warning: 'llm_response_data_t llm_client_generate(llm_client_h, const char*, const llm_request_params_t*)' redeclared without dllimport attribute: previous dllimport ignored [-Wattributes]
build-release-assets (windows-latest, windows, amd64, ragcli.exe)	UNKNOWN STEP	2026-07-27T16:37:19.5777996Z   258 | llm_client_generate(llm_client_h client, const char *prompt,
build-release-assets (windows-latest, windows, amd64, ragcli.exe)	UNKNOWN STEP	2026-07-27T16:37:19.6114428Z       | ^~~~~~~~~~~~~~~~~~~
build-release-assets (windows-latest, windows, amd64, ragcli.exe)	UNKNOWN STEP	2026-07-27T16:37:19.6435440Z D:/a/ragcli/ragcli/build/release/_deps/llm_client-src/src/llm_client_c.cpp:266:21: warning: 'llm_response_data_t llm_client_chat_stream(llm_client_h, const llm_message_t*, size_t, llm_stream_callback_t, void*, const llm_request_params_t*)' redeclared without dllimport attribute: previous dllimport ignored [-Wattributes]
build-release-assets (windows-latest, windows, amd64, ragcli.exe)	UNKNOWN STEP	2026-07-27T16:37:19.6773319Z   266 | llm_response_data_t llm_client_chat_stream(
build-release-assets (windows-latest, windows, amd64, ragcli.exe)	UNKNOWN STEP	2026-07-27T16:37:19.7097200Z       |                     ^~~~~~~~~~~~~~~~~~~~~~
build-release-assets (windows-latest, windows, amd64, ragcli.exe)	UNKNOWN STEP	2026-07-27T16:37:19.7427477Z D:/a/ragcli/ragcli/build/release/_deps/llm_client-src/src/llm_client_c.cpp:288:6: warning: 'void llm_response_free(llm_response_data_t*)' redeclared without dllimport attribute: previous dllimport ignored [-Wattributes]
build-release-assets (windows-latest, windows, amd64, ragcli.exe)	UNKNOWN STEP	2026-07-27T16:37:19.7758155Z   288 | void llm_response_free(llm_response_data_t *response) {
build-release-assets (windows-latest, windows, amd64, ragcli.exe)	UNKNOWN STEP	2026-07-27T16:37:19.8091968Z       |      ^~~~~~~~~~~~~~~~~
build-release-assets (windows-latest, windows, amd64, ragcli.exe)	UNKNOWN STEP	2026-07-27T16:37:19.8424389Z D:/a/ragcli/ragcli/build/release/_deps/llm_client-src/src/llm_client_c.cpp:315:1: warning: 'llm_embedding_response_t llm_client_embed(llm_client_h, const char**, size_t, const llm_embedding_params_t*)' redeclared without dllimport attribute: previous dllimport ignored [-Wattributes]
build-release-assets (windows-latest, windows, amd64, ragcli.exe)	UNKNOWN STEP	2026-07-27T16:37:19.8749910Z   315 | llm_client_embed(llm_client_h client, const char **inputs, size_t input_count,
build-release-assets (windows-latest, windows, amd64, ragcli.exe)	UNKNOWN STEP	2026-07-27T16:37:19.9068454Z       | ^~~~~~~~~~~~~~~~
build-release-assets (windows-latest, windows, amd64, ragcli.exe)	UNKNOWN STEP	2026-07-27T16:37:19.9406438Z D:/a/ragcli/ragcli/build/release/_deps/llm_client-src/src/llm_client_c.cpp:329:6: warning: 'void llm_embedding_response_free(llm_embedding_response_t*)' redeclared without dllimport attribute: previous dllimport ignored [-Wattributes]
build-release-assets (windows-latest, windows, amd64, ragcli.exe)	UNKNOWN STEP	2026-07-27T16:37:19.9740402Z   329 | void llm_embedding_response_free(llm_embedding_response_t *response) {
build-release-assets (windows-latest, windows, amd64, ragcli.exe)	UNKNOWN STEP	2026-07-27T16:37:20.0059573Z       |      ^~~~~~~~~~~~~~~~~~~~~~~~~~~
build-release-assets (windows-latest, windows, amd64, ragcli.exe)	UNKNOWN STEP	2026-07-27T16:37:28.9134213Z [38/69] Building CXX object _deps/llm_client-build/CMakeFiles/test_async.dir/tests/test_async.cpp.obj
build-release-assets (windows-latest, windows, amd64, ragcli.exe)	UNKNOWN STEP	2026-07-27T16:37:37.3812091Z [39/69] Building CXX object _deps/llm_client-build/CMakeFiles/test_multimodal.dir/tests/test_multimodal.cpp.obj
build-release-assets (windows-latest, windows, amd64, ragcli.exe)	UNKNOWN STEP	2026-07-27T16:37:37.3815813Z [40/69] Building CXX object _deps/llm_client-build/CMakeFiles/test_session.dir/tests/test_session.cpp.obj
build-release-assets (windows-latest, windows, amd64, ragcli.exe)	UNKNOWN STEP	2026-07-27T16:37:37.4148030Z [41/69] Linking CXX static library _deps\cpppdf-build\libcpppdf.a
build-release-assets (windows-latest, windows, amd64, ragcli.exe)	UNKNOWN STEP	2026-07-27T16:37:39.5561537Z [42/69] Building CXX object _deps/llm_client-build/CMakeFiles/llm_client_shared.dir/src/ollama_client.cpp.obj
build-release-assets (windows-latest, windows, amd64, ragcli.exe)	UNKNOWN STEP	2026-07-27T16:37:43.0196093Z [43/69] Building CXX object _deps/llm_client-build/CMakeFiles/test_embedding.dir/tests/test_embedding.cpp.obj
build-release-assets (windows-latest, windows, amd64, ragcli.exe)	UNKNOWN STEP	2026-07-27T16:38:13.7565643Z [44/69] Building CXX object tests/CMakeFiles/ragcli_tests.dir/registry_test.cpp.obj
build-release-assets (windows-latest, windows, amd64, ragcli.exe)	UNKNOWN STEP	2026-07-27T16:38:16.6893594Z [45/69] Building CXX object tests/CMakeFiles/ragcli_tests.dir/pdf_summarize_test.cpp.obj
build-release-assets (windows-latest, windows, amd64, ragcli.exe)	UNKNOWN STEP	2026-07-27T16:38:21.3965186Z [46/69] Building CXX object tests/CMakeFiles/ragcli_tests.dir/ocr_test.cpp.obj
build-release-assets (windows-latest, windows, amd64, ragcli.exe)	UNKNOWN STEP	2026-07-27T16:38:45.1564559Z [47/69] Building CXX object tests/CMakeFiles/ragcli_tests.dir/rag_runner_test.cpp.obj
build-release-assets (windows-latest, windows, amd64, ragcli.exe)	UNKNOWN STEP	2026-07-27T16:38:57.7006697Z [48/69] Building CXX object tests/CMakeFiles/ragcli_tests.dir/rag_test.cpp.obj
build-release-assets (windows-latest, windows, amd64, ragcli.exe)	UNKNOWN STEP	2026-07-27T16:38:59.7076578Z [49/69] Building CXX object tests/CMakeFiles/ragcli_tests.dir/chat_runner_test.cpp.obj
build-release-assets (windows-latest, windows, amd64, ragcli.exe)	UNKNOWN STEP	2026-07-27T16:39:01.5480580Z [50/69] Building CXX object tests/CMakeFiles/ragcli_tests.dir/chat_test.cpp.obj
build-release-assets (windows-latest, windows, amd64, ragcli.exe)	UNKNOWN STEP	2026-07-27T16:39:04.3214003Z [51/69] Building CXX object tests/CMakeFiles/ragcli_tests.dir/rag_config_test.cpp.obj
build-release-assets (windows-latest, windows, amd64, ragcli.exe)	UNKNOWN STEP	2026-07-27T16:39:06.3615657Z [52/69] Building CXX object tests/CMakeFiles/ragcli_tests.dir/provider_config_test.cpp.obj
build-release-assets (windows-latest, windows, amd64, ragcli.exe)	UNKNOWN STEP	2026-07-27T16:39:17.9478452Z [53/69] Building CXX object tests/CMakeFiles/ragcli_tests.dir/directory_source_test.cpp.obj
build-release-assets (windows-latest, windows, amd64, ragcli.exe)	UNKNOWN STEP	2026-07-27T16:39:21.6200125Z [54/69] Building CXX object tests/CMakeFiles/ragcli_tests.dir/document_source_factory_test.cpp.obj
build-release-assets (windows-latest, windows, amd64, ragcli.exe)	UNKNOWN STEP	2026-07-27T16:39:26.2921048Z [55/69] Building CXX object tests/CMakeFiles/ragcli_tests.dir/pdf_document_test.cpp.obj
build-release-assets (windows-latest, windows, amd64, ragcli.exe)	UNKNOWN STEP	2026-07-27T16:39:42.1843983Z [56/69] Building CXX object tests/CMakeFiles/ragcli_tests.dir/__/src/utils/stb_image_impl.cpp.obj
build-release-assets (windows-latest, windows, amd64, ragcli.exe)	UNKNOWN STEP	2026-07-27T16:39:43.0741409Z [57/69] Linking CXX static library lib\libgmock.a
build-release-assets (windows-latest, windows, amd64, ragcli.exe)	UNKNOWN STEP	2026-07-27T16:39:46.4941951Z [58/69] Building CXX object tests/CMakeFiles/ragcli_tests.dir/indexer_test.cpp.obj
build-release-assets (windows-latest, windows, amd64, ragcli.exe)	UNKNOWN STEP	2026-07-27T16:39:47.3835612Z [59/69] Building CXX object _deps/googletest-build/googlemock/CMakeFiles/gmock_main.dir/src/gmock_main.cc.obj
build-release-assets (windows-latest, windows, amd64, ragcli.exe)	UNKNOWN STEP	2026-07-27T16:39:47.4232862Z [60/69] Linking CXX static library lib\libgtest_main.a
build-release-assets (windows-latest, windows, amd64, ragcli.exe)	UNKNOWN STEP	2026-07-27T16:39:50.6371277Z [61/69] Building CXX object tests/CMakeFiles/ragcli_tests.dir/collection_test.cpp.obj
build-release-assets (windows-latest, windows, amd64, ragcli.exe)	UNKNOWN STEP	2026-07-27T16:40:16.0377160Z [62/69] Linking CXX executable _deps\llm_client-build\test_async.exe
build-release-assets (windows-latest, windows, amd64, ragcli.exe)	UNKNOWN STEP	2026-07-27T16:40:16.3733907Z [63/69] Linking CXX executable _deps\llm_client-build\test_multimodal.exe
build-release-assets (windows-latest, windows, amd64, ragcli.exe)	UNKNOWN STEP	2026-07-27T16:40:17.2522704Z [64/69] Linking CXX executable _deps\llm_client-build\test_session.exe
build-release-assets (windows-latest, windows, amd64, ragcli.exe)	UNKNOWN STEP	2026-07-27T16:40:17.4453458Z [65/69] Linking CXX executable _deps\llm_client-build\test_embedding.exe
build-release-assets (windows-latest, windows, amd64, ragcli.exe)	UNKNOWN STEP	2026-07-27T16:40:19.5897917Z [66/69] Linking CXX shared library _deps\llm_client-build\libllm_client.dll
build-release-assets (windows-latest, windows, amd64, ragcli.exe)	UNKNOWN STEP	2026-07-27T16:40:19.5899135Z FAILED: [code=1] _deps/llm_client-build/libllm_client.dll _deps/llm_client-build/libllm_client.dll.a 
build-release-assets (windows-latest, windows, amd64, ragcli.exe)	UNKNOWN STEP	2026-07-27T16:40:19.5954920Z C:\Windows\system32\cmd.exe /C "cd . && C:\mingw64\bin\c++.exe -O3 -DNDEBUG  -shared -o _deps\llm_client-build\libllm_client.dll -Wl,--out-implib,_deps\llm_client-build\libllm_client.dll.a -Wl,--major-image-version,0,--minor-image-version,0 _deps/llm_client-build/CMakeFiles/llm_client_shared.dir/src/llm_client.cpp.obj _deps/llm_client-build/CMakeFiles/llm_client_shared.dir/src/openai_client.cpp.obj _deps/llm_client-build/CMakeFiles/llm_client_shared.dir/src/azure_openai_client.cpp.obj _deps/llm_client-build/CMakeFiles/llm_client_shared.dir/src/ollama_client.cpp.obj _deps/llm_client-build/CMakeFiles/llm_client_shared.dir/src/llm_client_c.cpp.obj  vcpkg_installed/x64-windows/lib/cpr.lib  vcpkg_installed/x64-windows/lib/spdlog.lib  vcpkg_installed/x64-windows/lib/libcurl.lib  vcpkg_installed/x64-windows/lib/fmt.lib  -lkernel32 -luser32 -lgdi32 -lwinspool -lshell32 -lole32 -loleaut32 -luuid -lcomdlg32 -ladvapi32 && C:\Windows\system32\cmd.exe /C "cd /D D:\a\ragcli\ragcli\build\release\_deps\llm_client-build && C:\Users\runneradmin\vcpkg\vcpkg.exe z-applocal --target-binary=D:/a/ragcli/ragcli/build/release/_deps/llm_client-build/libllm_client.dll --installed-bin-dir=D:/a/ragcli/ragcli/build/release/vcpkg_installed/x64-windows/bin""
build-release-assets (windows-latest, windows, amd64, ragcli.exe)	UNKNOWN STEP	2026-07-27T16:40:19.6035906Z C:/mingw64/bin/../lib/gcc/x86_64-w64-mingw32/15.2.0/../../../../x86_64-w64-mingw32/bin/ld.exe: _deps/llm_client-build/CMakeFiles/llm_client_shared.dir/src/llm_client.cpp.obj:llm_client.cpp:(.text+0xfb): undefined reference to `__imp__ZNK6spdlog7details10backtracer7enabledEv'
build-release-assets (windows-latest, windows, amd64, ragcli.exe)	UNKNOWN STEP	2026-07-27T16:40:19.6049825Z C:/mingw64/bin/../lib/gcc/x86_64-w64-mingw32/15.2.0/../../../../x86_64-w64-mingw32/bin/ld.exe: _deps/llm_client-build/CMakeFiles/llm_client_shared.dir/src/llm_client.cpp.obj:llm_client.cpp:(.text+0x1b4): undefined reference to `__imp__ZN3fmt3v126detail10vformat_toERNS1_6bufferIcEENS0_17basic_string_viewIcEENS0_17basic_format_argsINS0_7contextEEENS0_10locale_refE'
build-release-assets (windows-latest, windows, amd64, ragcli.exe)	UNKNOWN STEP	2026-07-27T16:40:19.6066778Z C:/mingw64/bin/../lib/gcc/x86_64-w64-mingw32/15.2.0/../../../../x86_64-w64-mingw32/bin/ld.exe: _deps/llm_client-build/CMakeFiles/llm_client_shared.dir/src/llm_client.cpp.obj:llm_client.cpp:(.text+0x222): undefined reference to `__imp__ZN6spdlog7details7log_msgC1ENS_10source_locEN3fmt3v1217basic_string_viewIcEENS_5level10level_enumES6_'
build-release-assets (windows-latest, windows, amd64, ragcli.exe)	UNKNOWN STEP	2026-07-27T16:40:19.6080595Z C:/mingw64/bin/../lib/gcc/x86_64-w64-mingw32/15.2.0/../../../../x86_64-w64-mingw32/bin/ld.exe: _deps/llm_client-build/CMakeFiles/llm_client_shared.dir/src/llm_client.cpp.obj:llm_client.cpp:(.text+0x23d): undefined reference to `__imp__ZN6spdlog6logger7log_it_ERKNS_7details7log_msgEbb'
build-release-assets (windows-latest, windows, amd64, ragcli.exe)	UNKNOWN STEP	2026-07-27T16:40:19.6094785Z C:/mingw64/bin/../lib/gcc/x86_64-w64-mingw32/15.2.0/../../../../x86_64-w64-mingw32/bin/ld.exe: _deps/llm_client-build/CMakeFiles/llm_client_shared.dir/src/llm_client.cpp.obj:llm_client.cpp:(.text+0xa3c): undefined reference to `__imp__ZNK6spdlog6logger12err_handler_ERKNSt7__cxx1112basic_stringIcSt11char_traitsIcESaIcEEE'
build-release-assets (windows-latest, windows, amd64, ragcli.exe)	UNKNOWN STEP	2026-07-27T16:40:19.6108574Z C:/mingw64/bin/../lib/gcc/x86_64-w64-mingw32/15.2.0/../../../../x86_64-w64-mingw32/bin/ld.exe: _deps/llm_client-build/CMakeFiles/llm_client_shared.dir/src/llm_client.cpp.obj:llm_client.cpp:(.text+0xa6e): undefined reference to `__imp__ZNK6spdlog6logger12err_handler_ERKNSt7__cxx1112basic_stringIcSt11char_traitsIcESaIcEEE'
build-release-assets (windows-latest, windows, amd64, ragcli.exe)	UNKNOWN STEP	2026-07-27T16:40:19.6127340Z C:/mingw64/bin/../lib/gcc/x86_64-w64-mingw32/15.2.0/../../../../x86_64-w64-mingw32/bin/ld.exe: _deps/llm_client-build/CMakeFiles/llm_client_shared.dir/src/llm_client.cpp.obj:llm_client.cpp:(.text$_ZN3fmt3v1219basic_memory_bufferIcLy250ENS0_6detail9allocatorIcEEE4growERNS2_6bufferIcEEy[_ZN3fmt3v1219basic_memory_bufferIcLy250ENS0_6detail9allocatorIcEEE4growERNS2_6bufferIcEEy]+0x2a): undefined reference to `__imp__ZN3fmt3v126detail8allocateEy'
build-release-assets (windows-latest, windows, amd64, ragcli.exe)	UNKNOWN STEP	2026-07-27T16:40:19.6145029Z C:/mingw64/bin/../lib/gcc/x86_64-w64-mingw32/15.2.0/../../../../x86_64-w64-mingw32/bin/ld.exe: _deps/llm_client-build/CMakeFiles/llm_client_shared.dir/src/llm_client.cpp.obj:llm_client.cpp:(.text$_ZN6spdlog6loggerD1Ev[_ZN6spdlog6loggerD1Ev]+0xd): undefined reference to `__imp__ZTVN6spdlog6loggerE'
build-release-assets (windows-latest, windows, amd64, ragcli.exe)	UNKNOWN STEP	2026-07-27T16:40:19.6161759Z C:/mingw64/bin/../lib/gcc/x86_64-w64-mingw32/15.2.0/../../../../x86_64-w64-mingw32/bin/ld.exe: _deps/llm_client-build/CMakeFiles/llm_client_shared.dir/src/llm_client.cpp.obj:llm_client.cpp:(.text$_ZNSt23_Sp_counted_ptr_inplaceIN6spdlog6loggerESaIvELN9__gnu_cxx12_Lock_policyE2EE10_M_disposeEv[_ZNSt23_Sp_counted_ptr_inplaceIN6spdlog6loggerESaIvELN9__gnu_cxx12_Lock_policyE2EE10_M_disposeEv]+0x2b): undefined reference to `__imp__ZTVN6spdlog6loggerE'
build-release-assets (windows-latest, windows, amd64, ragcli.exe)	UNKNOWN STEP	2026-07-27T16:40:19.6187101Z C:/mingw64/bin/../lib/gcc/x86_64-w64-mingw32/15.2.0/../../../../x86_64-w64-mingw32/bin/ld.exe: _deps/llm_client-build/CMakeFiles/llm_client_shared.dir/src/llm_client.cpp.obj:llm_client.cpp:(.text$_ZN10llm_client6Logger3getEv[_ZN10llm_client6Logger3getEv]+0xa1): undefined reference to `spdlog::sinks::wincolor_stdout_sink<spdlog::details::console_mutex>::wincolor_stdout_sink(spdlog::color_mode)'
build-release-assets (windows-latest, windows, amd64, ragcli.exe)	UNKNOWN STEP	2026-07-27T16:40:19.6203230Z C:/mingw64/bin/../lib/gcc/x86_64-w64-mingw32/15.2.0/../../../../x86_64-w64-mingw32/bin/ld.exe: _deps/llm_client-build/CMakeFiles/llm_client_shared.dir/src/llm_client.cpp.obj:llm_client.cpp:(.text$_ZN10llm_client6Logger3getEv[_ZN10llm_client6Logger3getEv]+0x216): undefined reference to `__imp__ZTVN6spdlog6loggerE'
build-release-assets (windows-latest, windows, amd64, ragcli.exe)	UNKNOWN STEP	2026-07-27T16:40:19.6218426Z C:/mingw64/bin/../lib/gcc/x86_64-w64-mingw32/15.2.0/../../../../x86_64-w64-mingw32/bin/ld.exe: _deps/llm_client-build/CMakeFiles/llm_client_shared.dir/src/llm_client.cpp.obj:llm_client.cpp:(.text$_ZN10llm_client6Logger3getEv[_ZN10llm_client6Logger3getEv]+0x3b9): undefined reference to `__imp__ZN6spdlog15register_loggerESt10shared_ptrINS_6loggerEE'
build-release-assets (windows-latest, windows, amd64, ragcli.exe)	UNKNOWN STEP	2026-07-27T16:40:19.6234266Z C:/mingw64/bin/../lib/gcc/x86_64-w64-mingw32/15.2.0/../../../../x86_64-w64-mingw32/bin/ld.exe: _deps/llm_client-build/CMakeFiles/llm_client_shared.dir/src/llm_client.cpp.obj:llm_client.cpp:(.text$_ZN10llm_client6Logger3getEv[_ZN10llm_client6Logger3getEv]+0x406): undefined reference to `__imp__ZN6spdlog6logger9set_levelENS_5level10level_enumE'
build-release-assets (windows-latest, windows, amd64, ragcli.exe)	UNKNOWN STEP	2026-07-27T16:40:19.6250549Z C:/mingw64/bin/../lib/gcc/x86_64-w64-mingw32/15.2.0/../../../../x86_64-w64-mingw32/bin/ld.exe: _deps/llm_client-build/CMakeFiles/llm_client_shared.dir/src/llm_client.cpp.obj:llm_client.cpp:(.text$_ZN6spdlog6logger3logIA37_cEEvNS_5level10level_enumERKT_[_ZN6spdlog6logger3logIA37_cEEvNS_5level10level_enumERKT_]+0x4d): undefined reference to `__imp__ZNK6spdlog7details10backtracer7enabledEv'
build-release-assets (windows-latest, windows, amd64, ragcli.exe)	UNKNOWN STEP	2026-07-27T16:40:19.6274056Z C:/mingw64/bin/../lib/gcc/x86_64-w64-mingw32/15.2.0/../../../../x86_64-w64-mingw32/bin/ld.exe: _deps/llm_client-build/CMakeFiles/llm_client_shared.dir/src/llm_client.cpp.obj:llm_client.cpp:(.text$_ZN6spdlog6logger3logIA37_cEEvNS_5level10level_enumERKT_[_ZN6spdlog6logger3logIA37_cEEvNS_5level10level_enumERKT_]+0xdf): undefined reference to `__imp__ZN6spdlog7details7log_msgC1ENS_10source_locEN3fmt3v1217basic_string_viewIcEENS_5level10level_enumES6_'
build-release-assets (windows-latest, windows, amd64, ragcli.exe)	UNKNOWN STEP	2026-07-27T16:40:19.6292375Z C:/mingw64/bin/../lib/gcc/x86_64-w64-mingw32/15.2.0/../../../../x86_64-w64-mingw32/bin/ld.exe: _deps/llm_client-build/CMakeFiles/llm_client_shared.dir/src/llm_client.cpp.obj:llm_client.cpp:(.text$_ZN6spdlog6logger3logIA37_cEEvNS_5level10level_enumERKT_[_ZN6spdlog6logger3logIA37_cEEvNS_5level10level_enumERKT_]+0xfd): undefined reference to `__imp__ZN6spdlog6logger7log_it_ERKNS_7details7log_msgEbb'
build-release-assets (windows-latest, windows, amd64, ragcli.exe)	UNKNOWN STEP	2026-07-27T16:40:19.6309777Z C:/mingw64/bin/../lib/gcc/x86_64-w64-mingw32/15.2.0/../../../../x86_64-w64-mingw32/bin/ld.exe: _deps/llm_client-build/CMakeFiles/llm_client_shared.dir/src/llm_client.cpp.obj:llm_client.cpp:(.text$_ZN6spdlog6logger3logIA38_cEEvNS_5level10level_enumERKT_[_ZN6spdlog6logger3logIA38_cEEvNS_5level10level_enumERKT_]+0x4d): undefined reference to `__imp__ZNK6spdlog7details10backtracer7enabledEv'
build-release-assets (windows-latest, windows, amd64, ragcli.exe)	UNKNOWN STEP	2026-07-27T16:40:19.6329444Z C:/mingw64/bin/../lib/gcc/x86_64-w64-mingw32/15.2.0/../../../../x86_64-w64-mingw32/bin/ld.exe: _deps/llm_client-build/CMakeFiles/llm_client_shared.dir/src/llm_client.cpp.obj:llm_client.cpp:(.text$_ZN6spdlog6logger3logIA38_cEEvNS_5level10level_enumERKT_[_ZN6spdlog6logger3logIA38_cEEvNS_5level10level_enumERKT_]+0xdf): undefined reference to `__imp__ZN6spdlog7details7log_msgC1ENS_10source_locEN3fmt3v1217basic_string_viewIcEENS_5level10level_enumES6_'
build-release-assets (windows-latest, windows, amd64, ragcli.exe)	UNKNOWN STEP	2026-07-27T16:40:19.6351190Z C:/mingw64/bin/../lib/gcc/x86_64-w64-mingw32/15.2.0/../../../../x86_64-w64-mingw32/bin/ld.exe: _deps/llm_client-build/CMakeFiles/llm_client_shared.dir/src/llm_client.cpp.obj:llm_client.cpp:(.text$_ZN6spdlog6logger3logIA38_cEEvNS_5level10level_enumERKT_[_ZN6spdlog6logger3logIA38_cEEvNS_5level10level_enumERKT_]+0xfd): undefined reference to `__imp__ZN6spdlog6logger7log_it_ERKNS_7details7log_msgEbb'
build-release-assets (windows-latest, windows, amd64, ragcli.exe)	UNKNOWN STEP	2026-07-27T16:40:19.6366145Z C:/mingw64/bin/../lib/gcc/x86_64-w64-mingw32/15.2.0/../../../../x86_64-w64-mingw32/bin/ld.exe: _deps/llm_client-build/CMakeFiles/llm_client_shared.dir/src/openai_client.cpp.obj:openai_client.cpp:(.text+0x188): undefined reference to `__imp__ZNK6spdlog7details10backtracer7enabledEv'
build-release-assets (windows-latest, windows, amd64, ragcli.exe)	UNKNOWN STEP	2026-07-27T16:40:19.6380676Z C:/mingw64/bin/../lib/gcc/x86_64-w64-mingw32/15.2.0/../../../../x86_64-w64-mingw32/bin/ld.exe: _deps/llm_client-build/CMakeFiles/llm_client_shared.dir/src/openai_client.cpp.obj:openai_client.cpp:(.text+0x211): undefined reference to `__imp__ZN6spdlog7details7log_msgC1ENS_10source_locEN3fmt3v1217basic_string_viewIcEENS_5level10level_enumES6_'
build-release-assets (windows-latest, windows, amd64, ragcli.exe)	UNKNOWN STEP	2026-07-27T16:40:19.6396904Z C:/mingw64/bin/../lib/gcc/x86_64-w64-mingw32/15.2.0/../../../../x86_64-w64-mingw32/bin/ld.exe: _deps/llm_client-build/CMakeFiles/llm_client_shared.dir/src/openai_client.cpp.obj:openai_client.cpp:(.text+0x22f): undefined reference to `__imp__ZN6spdlog6logger7log_it_ERKNS_7details7log_msgEbb'
build-release-assets (windows-latest, windows, amd64, ragcli.exe)	UNKNOWN STEP	2026-07-27T16:40:19.6440127Z C:/mingw64/bin/../lib/gcc/x86_64-w64-mingw32/15.2.0/../../../../x86_64-w64-mingw32/bin/ld.exe: _deps/llm_client-build/CMakeFiles/llm_client_shared.dir/src/openai_client.cpp.obj:openai_client.cpp:(.text+0x1c95): undefined reference to `spdlog::sinks::wincolor_stdout_sink<spdlog::details::console_mutex>::wincolor_stdout_sink(spdlog::color_mode)'
build-release-assets (windows-latest, windows, amd64, ragcli.exe)	UNKNOWN STEP	2026-07-27T16:40:19.6443971Z C:/mingw64/bin/../lib/gcc/x86_64-w64-mingw32/15.2.0/../../../../x86_64-w64-mingw32/bin/ld.exe: _deps/llm_client-build/CMakeFiles/llm_client_shared.dir/src/openai_client.cpp.obj:openai_client.cpp:(.text+0x1d65): undefined reference to `__imp__ZTVN6spdlog6loggerE'
build-release-assets (windows-latest, windows, amd64, ragcli.exe)	UNKNOWN STEP	2026-07-27T16:40:19.6447176Z C:/mingw64/bin/../lib/gcc/x86_64-w64-mingw32/15.2.0/../../../../x86_64-w64-mingw32/bin/ld.exe: _deps/llm_client-build/CMakeFiles/llm_client_shared.dir/src/openai_client.cpp.obj:openai_client.cpp:(.text+0x1ed2): undefined reference to `__imp__ZN6spdlog15register_loggerESt10shared_ptrINS_6loggerEE'
build-release-assets (windows-latest, windows, amd64, ragcli.exe)	UNKNOWN STEP	2026-07-27T16:40:19.6450779Z C:/mingw64/bin/../lib/gcc/x86_64-w64-mingw32/15.2.0/../../../../x86_64-w64-mingw32/bin/ld.exe: _deps/llm_client-build/CMakeFiles/llm_client_shared.dir/src/openai_client.cpp.obj:openai_client.cpp:(.text+0x1eef): undefined reference to `__imp__ZN6spdlog6logger9set_levelENS_5level10level_enumE'
build-release-assets (windows-latest, windows, amd64, ragcli.exe)	UNKNOWN STEP	2026-07-27T16:40:19.6453956Z C:/mingw64/bin/../lib/gcc/x86_64-w64-mingw32/15.2.0/../../../../x86_64-w64-mingw32/bin/ld.exe: _deps/llm_client-build/CMakeFiles/llm_client_shared.dir/src/openai_client.cpp.obj:openai_client.cpp:(.text+0x1fba): undefined reference to `__imp__ZTVN6spdlog6loggerE'
build-release-assets (windows-latest, windows, amd64, ragcli.exe)	UNKNOWN STEP	2026-07-27T16:40:19.6457060Z C:/mingw64/bin/../lib/gcc/x86_64-w64-mingw32/15.2.0/../../../../x86_64-w64-mingw32/bin/ld.exe: _deps/llm_client-build/CMakeFiles/llm_client_shared.dir/src/openai_client.cpp.obj:openai_client.cpp:(.text+0x4eaf): undefined reference to `__imp__ZNK6spdlog7details10backtracer7enabledEv'
build-release-assets (windows-latest, windows, amd64, ragcli.exe)	UNKNOWN STEP	2026-07-27T16:40:19.6461309Z C:/mingw64/bin/../lib/gcc/x86_64-w64-mingw32/15.2.0/../../../../x86_64-w64-mingw32/bin/ld.exe: _deps/llm_client-build/CMakeFiles/llm_client_shared.dir/src/openai_client.cpp.obj:openai_client.cpp:(.text+0x517b): undefined reference to `cpr::CaseInsensitiveCompare::operator()(std::__cxx11::basic_string<char, std::char_traits<char>, std::allocator<char> > const&, std::__cxx11::basic_string<char, std::char_traits<char>, std::allocator<char> > const&) const'
build-release-assets (windows-latest, windows, amd64, ragcli.exe)	UNKNOWN STEP	2026-07-27T16:40:19.6466433Z C:/mingw64/bin/../lib/gcc/x86_64-w64-mingw32/15.2.0/../../../../x86_64-w64-mingw32/bin/ld.exe: _deps/llm_client-build/CMakeFiles/llm_client_shared.dir/src/openai_client.cpp.obj:openai_client.cpp:(.text+0x5249): undefined reference to `cpr::CaseInsensitiveCompare::operator()(std::__cxx11::basic_string<char, std::char_traits<char>, std::allocator<char> > const&, std::__cxx11::basic_string<char, std::char_traits<char>, std::allocator<char> > const&) const'
build-release-assets (windows-latest, windows, amd64, ragcli.exe)	UNKNOWN STEP	2026-07-27T16:40:19.6472245Z C:/mingw64/bin/../lib/gcc/x86_64-w64-mingw32/15.2.0/../../../../x86_64-w64-mingw32/bin/ld.exe: _deps/llm_client-build/CMakeFiles/llm_client_shared.dir/src/openai_client.cpp.obj:openai_client.cpp:(.text+0x5287): undefined reference to `cpr::CaseInsensitiveCompare::operator()(std::__cxx11::basic_string<char, std::char_traits<char>, std::allocator<char> > const&, std::__cxx11::basic_string<char, std::char_traits<char>, std::allocator<char> > const&) const'
build-release-assets (windows-latest, windows, amd64, ragcli.exe)	UNKNOWN STEP	2026-07-27T16:40:19.6477818Z C:/mingw64/bin/../lib/gcc/x86_64-w64-mingw32/15.2.0/../../../../x86_64-w64-mingw32/bin/ld.exe: _deps/llm_client-build/CMakeFiles/llm_client_shared.dir/src/openai_client.cpp.obj:openai_client.cpp:(.text+0x52ad): undefined reference to `cpr::CaseInsensitiveCompare::operator()(std::__cxx11::basic_string<char, std::char_traits<char>, std::allocator<char> > const&, std::__cxx11::basic_string<char, std::char_traits<char>, std::allocator<char> > const&) const'
build-release-assets (windows-latest, windows, amd64, ragcli.exe)	UNKNOWN STEP	2026-07-27T16:40:19.6483036Z C:/mingw64/bin/../lib/gcc/x86_64-w64-mingw32/15.2.0/../../../../x86_64-w64-mingw32/bin/ld.exe: _deps/llm_client-build/CMakeFiles/llm_client_shared.dir/src/openai_client.cpp.obj:openai_client.cpp:(.text+0x5378): undefined reference to `__imp__ZN3fmt3v126detail10vformat_toERNS1_6bufferIcEENS0_17basic_string_viewIcEENS0_17basic_format_argsINS0_7contextEEENS0_10locale_refE'
build-release-assets (windows-latest, windows, amd64, ragcli.exe)	UNKNOWN STEP	2026-07-27T16:40:19.6487567Z C:/mingw64/bin/../lib/gcc/x86_64-w64-mingw32/15.2.0/../../../../x86_64-w64-mingw32/bin/ld.exe: _deps/llm_client-build/CMakeFiles/llm_client_shared.dir/src/openai_client.cpp.obj:openai_client.cpp:(.text+0x5409): undefined reference to `__imp__ZN6spdlog7details7log_msgC1ENS_10source_locEN3fmt3v1217basic_string_viewIcEENS_5level10level_enumES6_'
build-release-assets (windows-latest, windows, amd64, ragcli.exe)	UNKNOWN STEP	2026-07-27T16:40:19.6491828Z C:/mingw64/bin/../lib/gcc/x86_64-w64-mingw32/15.2.0/../../../../x86_64-w64-mingw32/bin/ld.exe: _deps/llm_client-build/CMakeFiles/llm_client_shared.dir/src/openai_client.cpp.obj:openai_client.cpp:(.text+0x5422): undefined reference to `__imp__ZN6spdlog6logger7log_it_ERKNS_7details7log_msgEbb'
build-release-assets (windows-latest, windows, amd64, ragcli.exe)	UNKNOWN STEP	2026-07-27T16:40:19.6495696Z C:/mingw64/bin/../lib/gcc/x86_64-w64-mingw32/15.2.0/../../../../x86_64-w64-mingw32/bin/ld.exe: _deps/llm_client-build/CMakeFiles/llm_client_shared.dir/src/openai_client.cpp.obj:openai_client.cpp:(.text+0x58b3): undefined reference to `__imp__ZNK6spdlog6logger12err_handler_ERKNSt7__cxx1112basic_stringIcSt11char_traitsIcESaIcEEE'
build-release-assets (windows-latest, windows, amd64, ragcli.exe)	UNKNOWN STEP	2026-07-27T16:40:19.6499811Z C:/mingw64/bin/../lib/gcc/x86_64-w64-mingw32/15.2.0/../../../../x86_64-w64-mingw32/bin/ld.exe: _deps/llm_client-build/CMakeFiles/llm_client_shared.dir/src/openai_client.cpp.obj:openai_client.cpp:(.text+0x5999): undefined reference to `__imp__ZNK6spdlog6logger12err_handler_ERKNSt7__cxx1112basic_stringIcSt11char_traitsIcESaIcEEE'
build-release-assets (windows-latest, windows, amd64, ragcli.exe)	UNKNOWN STEP	2026-07-27T16:40:19.6503651Z C:/mingw64/bin/../lib/gcc/x86_64-w64-mingw32/15.2.0/../../../../x86_64-w64-mingw32/bin/ld.exe: _deps/llm_client-build/CMakeFiles/llm_client_shared.dir/src/openai_client.cpp.obj:openai_client.cpp:(.text+0x5a94): undefined reference to `__imp__ZNK6spdlog7details10backtracer7enabledEv'
build-release-assets (windows-latest, windows, amd64, ragcli.exe)	UNKNOWN STEP	2026-07-27T16:40:19.6508182Z C:/mingw64/bin/../lib/gcc/x86_64-w64-mingw32/15.2.0/../../../../x86_64-w64-mingw32/bin/ld.exe: _deps/llm_client-build/CMakeFiles/llm_client_shared.dir/src/openai_client.cpp.obj:openai_client.cpp:(.text+0x5cd3): undefined reference to `cpr::CaseInsensitiveCompare::operator()(std::__cxx11::basic_string<char, std::char_traits<char>, std::allocator<char> > const&, std::__cxx11::basic_string<char, std::char_traits<char>, std::allocator<char> > const&) const'
build-release-assets (windows-latest, windows, amd64, ragcli.exe)	UNKNOWN STEP	2026-07-27T16:40:19.6513598Z C:/mingw64/bin/../lib/gcc/x86_64-w64-mingw32/15.2.0/../../../../x86_64-w64-mingw32/bin/ld.exe: _deps/llm_client-build/CMakeFiles/llm_client_shared.dir/src/openai_client.cpp.obj:openai_client.cpp:(.text+0x5da1): undefined reference to `cpr::CaseInsensitiveCompare::operator()(std::__cxx11::basic_string<char, std::char_traits<char>, std::allocator<char> > const&, std::__cxx11::basic_string<char, std::char_traits<char>, std::allocator<char> > const&) const'
build-release-assets (windows-latest, windows, amd64, ragcli.exe)	UNKNOWN STEP	2026-07-27T16:40:19.6519449Z C:/mingw64/bin/../lib/gcc/x86_64-w64-mingw32/15.2.0/../../../../x86_64-w64-mingw32/bin/ld.exe: _deps/llm_client-build/CMakeFiles/llm_client_shared.dir/src/openai_client.cpp.obj:openai_client.cpp:(.text+0x5ddf): undefined reference to `cpr::CaseInsensitiveCompare::operator()(std::__cxx11::basic_string<char, std::char_traits<char>, std::allocator<char> > const&, std::__cxx11::basic_string<char, std::char_traits<char>, std::allocator<char> > const&) const'
build-release-assets (windows-latest, windows, amd64, ragcli.exe)	UNKNOWN STEP	2026-07-27T16:40:19.6524950Z C:/mingw64/bin/../lib/gcc/x86_64-w64-mingw32/15.2.0/../../../../x86_64-w64-mingw32/bin/ld.exe: _deps/llm_client-build/CMakeFiles/llm_client_shared.dir/src/openai_client.cpp.obj:openai_client.cpp:(.text+0x5e05): undefined reference to `cpr::CaseInsensitiveCompare::operator()(std::__cxx11::basic_string<char, std::char_traits<char>, std::allocator<char> > const&, std::__cxx11::basic_string<char, std::char_traits<char>, std::allocator<char> > const&) const'
build-release-assets (windows-latest, windows, amd64, ragcli.exe)	UNKNOWN STEP	2026-07-27T16:40:19.6530203Z C:/mingw64/bin/../lib/gcc/x86_64-w64-mingw32/15.2.0/../../../../x86_64-w64-mingw32/bin/ld.exe: _deps/llm_client-build/CMakeFiles/llm_client_shared.dir/src/openai_client.cpp.obj:openai_client.cpp:(.text+0x5ed3): undefined reference to `__imp__ZN3fmt3v126detail10vformat_toERNS1_6bufferIcEENS0_17basic_string_viewIcEENS0_17basic_format_argsINS0_7contextEEENS0_10locale_refE'
build-release-assets (windows-latest, windows, amd64, ragcli.exe)	UNKNOWN STEP	2026-07-27T16:40:19.6535643Z C:/mingw64/bin/../lib/gcc/x86_64-w64-mingw32/15.2.0/../../../../x86_64-w64-mingw32/bin/ld.exe: _deps/llm_client-build/CMakeFiles/llm_client_shared.dir/src/openai_client.cpp.obj:openai_client.cpp:(.text+0x5f6c): undefined reference to `__imp__ZN6spdlog7details7log_msgC1ENS_10source_locEN3fmt3v1217basic_string_viewIcEENS_5level10level_enumES6_'
build-release-assets (windows-latest, windows, amd64, ragcli.exe)	UNKNOWN STEP	2026-07-27T16:40:19.6539542Z C:/mingw64/bin/../lib/gcc/x86_64-w64-mingw32/15.2.0/../../../../x86_64-w64-mingw32/bin/ld.exe: _deps/llm_client-build/CMakeFiles/llm_client_shared.dir/src/openai_client.cpp.obj:openai_client.cpp:(.text+0x5f85): undefined reference to `__imp__ZN6spdlog6logger7log_it_ERKNS_7details7log_msgEbb'
build-release-assets (windows-latest, windows, amd64, ragcli.exe)	UNKNOWN STEP	2026-07-27T16:40:19.6543548Z C:/mingw64/bin/../lib/gcc/x86_64-w64-mingw32/15.2.0/../../../../x86_64-w64-mingw32/bin/ld.exe: _deps/llm_client-build/CMakeFiles/llm_client_shared.dir/src/openai_client.cpp.obj:openai_client.cpp:(.text+0x62c0): undefined reference to `__imp__ZN3fmt3v126detail10vformat_toERNS1_6bufferIcEENS0_17basic_string_viewIcEENS0_17basic_format_argsINS0_7contextEEENS0_10locale_refE'
build-release-assets (windows-latest, windows, amd64, ragcli.exe)	UNKNOWN STEP	2026-07-27T16:40:19.6548050Z C:/mingw64/bin/../lib/gcc/x86_64-w64-mingw32/15.2.0/../../../../x86_64-w64-mingw32/bin/ld.exe: _deps/llm_client-build/CMakeFiles/llm_client_shared.dir/src/openai_client.cpp.obj:openai_client.cpp:(.text+0x6354): undefined reference to `__imp__ZN6spdlog7details7log_msgC1ENS_10source_locEN3fmt3v1217basic_string_viewIcEENS_5level10level_enumES6_'
build-release-assets (windows-latest, windows, amd64, ragcli.exe)	UNKNOWN STEP	2026-07-27T16:40:19.6552301Z C:/mingw64/bin/../lib/gcc/x86_64-w64-mingw32/15.2.0/../../../../x86_64-w64-mingw32/bin/ld.exe: _deps/llm_client-build/CMakeFiles/llm_client_shared.dir/src/openai_client.cpp.obj:openai_client.cpp:(.text+0x636b): undefined reference to `__imp__ZN6spdlog6logger7log_it_ERKNS_7details7log_msgEbb'
build-release-assets (windows-latest, windows, amd64, ragcli.exe)	UNKNOWN STEP	2026-07-27T16:40:19.6556194Z C:/mingw64/bin/../lib/gcc/x86_64-w64-mingw32/15.2.0/../../../../x86_64-w64-mingw32/bin/ld.exe: _deps/llm_client-build/CMakeFiles/llm_client_shared.dir/src/openai_client.cpp.obj:openai_client.cpp:(.text+0x6961): undefined reference to `__imp__ZNK6spdlog6logger12err_handler_ERKNSt7__cxx1112basic_stringIcSt11char_traitsIcESaIcEEE'
build-release-assets (windows-latest, windows, amd64, ragcli.exe)	UNKNOWN STEP	2026-07-27T16:40:19.6560181Z C:/mingw64/bin/../lib/gcc/x86_64-w64-mingw32/15.2.0/../../../../x86_64-w64-mingw32/bin/ld.exe: _deps/llm_client-build/CMakeFiles/llm_client_shared.dir/src/openai_client.cpp.obj:openai_client.cpp:(.text+0x69be): undefined reference to `__imp__ZNK6spdlog6logger12err_handler_ERKNSt7__cxx1112basic_stringIcSt11char_traitsIcESaIcEEE'
build-release-assets (windows-latest, windows, amd64, ragcli.exe)	UNKNOWN STEP	2026-07-27T16:40:19.6565066Z C:/mingw64/bin/../lib/gcc/x86_64-w64-mingw32/15.2.0/../../../../x86_64-w64-mingw32/bin/ld.exe: _deps/llm_client-build/CMakeFiles/llm_client_shared.dir/src/openai_client.cpp.obj:openai_client.cpp:(.text+0x6bbc): undefined reference to `__imp__ZNK6spdlog6logger12err_handler_ERKNSt7__cxx1112basic_stringIcSt11char_traitsIcESaIcEEE'
build-release-assets (windows-latest, windows, amd64, ragcli.exe)	UNKNOWN STEP	2026-07-27T16:40:19.6569310Z C:/mingw64/bin/../lib/gcc/x86_64-w64-mingw32/15.2.0/../../../../x86_64-w64-mingw32/bin/ld.exe: _deps/llm_client-build/CMakeFiles/llm_client_shared.dir/src/openai_client.cpp.obj:openai_client.cpp:(.text+0x6e97): undefined reference to `__imp__ZNK6spdlog6logger12err_handler_ERKNSt7__cxx1112basic_stringIcSt11char_traitsIcESaIcEEE'
build-release-assets (windows-latest, windows, amd64, ragcli.exe)	UNKNOWN STEP	2026-07-27T16:40:19.6574021Z C:/mingw64/bin/../lib/gcc/x86_64-w64-mingw32/15.2.0/../../../../x86_64-w64-mingw32/bin/ld.exe: _deps/llm_client-build/CMakeFiles/llm_client_shared.dir/src/openai_client.cpp.obj:openai_client.cpp:(.text+0x70f5): undefined reference to `__imp__ZNK6spdlog7details10backtracer7enabledEv'
build-release-assets (windows-latest, windows, amd64, ragcli.exe)	UNKNOWN STEP	2026-07-27T16:40:19.6578579Z C:/mingw64/bin/../lib/gcc/x86_64-w64-mingw32/15.2.0/../../../../x86_64-w64-mingw32/bin/ld.exe: _deps/llm_client-build/CMakeFiles/llm_client_shared.dir/src/openai_client.cpp.obj:openai_client.cpp:(.text+0x7543): undefined reference to `cpr::CaseInsensitiveCompare::operator()(std::__cxx11::basic_string<char, std::char_traits<char>, std::allocator<char> > const&, std::__cxx11::basic_string<char, std::char_traits<char>, std::allocator<char> > const&) const'
build-release-assets (windows-latest, windows, amd64, ragcli.exe)	UNKNOWN STEP	2026-07-27T16:40:19.6584107Z C:/mingw64/bin/../lib/gcc/x86_64-w64-mingw32/15.2.0/../../../../x86_64-w64-mingw32/bin/ld.exe: _deps/llm_client-build/CMakeFiles/llm_client_shared.dir/src/openai_client.cpp.obj:openai_client.cpp:(.text+0x7611): undefined reference to `cpr::CaseInsensitiveCompare::operator()(std::__cxx11::basic_string<char, std::char_traits<char>, std::allocator<char> > const&, std::__cxx11::basic_string<char, std::char_traits<char>, std::allocator<char> > const&) const'
build-release-assets (windows-latest, windows, amd64, ragcli.exe)	UNKNOWN STEP	2026-07-27T16:40:19.6597410Z C:/mingw64/bin/../lib/gcc/x86_64-w64-mingw32/15.2.0/../../../../x86_64-w64-mingw32/bin/ld.exe: _deps/llm_client-build/CMakeFiles/llm_client_shared.dir/src/openai_client.cpp.obj:openai_client.cpp:(.text+0x764f): undefined reference to `cpr::CaseInsensitiveCompare::operator()(std::__cxx11::basic_string<char, std::char_traits<char>, std::allocator<char> > const&, std::__cxx11::basic_string<char, std::char_traits<char>, std::allocator<char> > const&) const'
build-release-assets (windows-latest, windows, amd64, ragcli.exe)	UNKNOWN STEP	2026-07-27T16:40:19.6602616Z C:/mingw64/bin/../lib/gcc/x86_64-w64-mingw32/15.2.0/../../../../x86_64-w64-mingw32/bin/ld.exe: _deps/llm_client-build/CMakeFiles/llm_client_shared.dir/src/openai_client.cpp.obj:openai_client.cpp:(.text+0x7675): undefined reference to `cpr::CaseInsensitiveCompare::operator()(std::__cxx11::basic_string<char, std::char_traits<char>, std::allocator<char> > const&, std::__cxx11::basic_string<char, std::char_traits<char>, std::allocator<char> > const&) const'
build-release-assets (windows-latest, windows, amd64, ragcli.exe)	UNKNOWN STEP	2026-07-27T16:40:19.6607291Z C:/mingw64/bin/../lib/gcc/x86_64-w64-mingw32/15.2.0/../../../../x86_64-w64-mingw32/bin/ld.exe: _deps/llm_client-build/CMakeFiles/llm_client_shared.dir/src/openai_client.cpp.obj:openai_client.cpp:(.text+0x774e): undefined reference to `__imp__ZN3fmt3v126detail10vformat_toERNS1_6bufferIcEENS0_17basic_string_viewIcEENS0_17basic_format_argsINS0_7contextEEENS0_10locale_refE'
build-release-assets (windows-latest, windows, amd64, ragcli.exe)	UNKNOWN STEP	2026-07-27T16:40:19.6611755Z C:/mingw64/bin/../lib/gcc/x86_64-w64-mingw32/15.2.0/../../../../x86_64-w64-mingw32/bin/ld.exe: _deps/llm_client-build/CMakeFiles/llm_client_shared.dir/src/openai_client.cpp.obj:openai_client.cpp:(.text+0x77e2): undefined reference to `__imp__ZN6spdlog7details7log_msgC1ENS_10source_locEN3fmt3v1217basic_string_viewIcEENS_5level10level_enumES6_'
build-release-assets (windows-latest, windows, amd64, ragcli.exe)	UNKNOWN STEP	2026-07-27T16:40:19.6615385Z C:/mingw64/bin/../lib/gcc/x86_64-w64-mingw32/15.2.0/../../../../x86_64-w64-mingw32/bin/ld.exe: _deps/llm_client-build/CMakeFiles/llm_client_shared.dir/src/openai_client.cpp.obj:openai_client.cpp:(.text+0x77f9): undefined reference to `__imp__ZN6spdlog6logger7log_it_ERKNS_7details7log_msgEbb'
build-release-assets (windows-latest, windows, amd64, ragcli.exe)	UNKNOWN STEP	2026-07-27T16:40:19.6619970Z C:/mingw64/bin/../lib/gcc/x86_64-w64-mingw32/15.2.0/../../../../x86_64-w64-mingw32/bin/ld.exe: _deps/llm_client-build/CMakeFiles/llm_client_shared.dir/src/openai_client.cpp.obj:openai_client.cpp:(.text+0x7ae3): undefined reference to `__imp__ZN3fmt3v126detail10vformat_toERNS1_6bufferIcEENS0_17basic_string_viewIcEENS0_17basic_format_argsINS0_7contextEEENS0_10locale_refE'
build-release-assets (windows-latest, windows, amd64, ragcli.exe)	UNKNOWN STEP	2026-07-27T16:40:19.6624511Z C:/mingw64/bin/../lib/gcc/x86_64-w64-mingw32/15.2.0/../../../../x86_64-w64-mingw32/bin/ld.exe: _deps/llm_client-build/CMakeFiles/llm_client_shared.dir/src/openai_client.cpp.obj:openai_client.cpp:(.text+0x7b77): undefined reference to `__imp__ZN6spdlog7details7log_msgC1ENS_10source_locEN3fmt3v1217basic_string_viewIcEENS_5level10level_enumES6_'
build-release-assets (windows-latest, windows, amd64, ragcli.exe)	UNKNOWN STEP	2026-07-27T16:40:19.6628647Z C:/mingw64/bin/../lib/gcc/x86_64-w64-mingw32/15.2.0/../../../../x86_64-w64-mingw32/bin/ld.exe: _deps/llm_client-build/CMakeFiles/llm_client_shared.dir/src/openai_client.cpp.obj:openai_client.cpp:(.text+0x7b8e): undefined reference to `__imp__ZN6spdlog6logger7log_it_ERKNS_7details7log_msgEbb'
build-release-assets (windows-latest, windows, amd64, ragcli.exe)	UNKNOWN STEP	2026-07-27T16:40:19.6632850Z C:/mingw64/bin/../lib/gcc/x86_64-w64-mingw32/15.2.0/../../../../x86_64-w64-mingw32/bin/ld.exe: _deps/llm_client-build/CMakeFiles/llm_client_shared.dir/src/openai_client.cpp.obj:openai_client.cpp:(.text+0x87da): undefined reference to `__imp__ZNK6spdlog6logger12err_handler_ERKNSt7__cxx1112basic_stringIcSt11char_traitsIcESaIcEEE'
build-release-assets (windows-latest, windows, amd64, ragcli.exe)	UNKNOWN STEP	2026-07-27T16:40:19.6636941Z C:/mingw64/bin/../lib/gcc/x86_64-w64-mingw32/15.2.0/../../../../x86_64-w64-mingw32/bin/ld.exe: _deps/llm_client-build/CMakeFiles/llm_client_shared.dir/src/openai_client.cpp.obj:openai_client.cpp:(.text+0x8825): undefined reference to `__imp__ZNK6spdlog6logger12err_handler_ERKNSt7__cxx1112basic_stringIcSt11char_traitsIcESaIcEEE'
build-release-assets (windows-latest, windows, amd64, ragcli.exe)	UNKNOWN STEP	2026-07-27T16:40:19.6641033Z C:/mingw64/bin/../lib/gcc/x86_64-w64-mingw32/15.2.0/../../../../x86_64-w64-mingw32/bin/ld.exe: _deps/llm_client-build/CMakeFiles/llm_client_shared.dir/src/openai_client.cpp.obj:openai_client.cpp:(.text+0x891f): undefined reference to `__imp__ZNK6spdlog6logger12err_handler_ERKNSt7__cxx1112basic_stringIcSt11char_traitsIcESaIcEEE'
build-release-assets (windows-latest, windows, amd64, ragcli.exe)	UNKNOWN STEP	2026-07-27T16:40:19.6645219Z C:/mingw64/bin/../lib/gcc/x86_64-w64-mingw32/15.2.0/../../../../x86_64-w64-mingw32/bin/ld.exe: _deps/llm_client-build/CMakeFiles/llm_client_shared.dir/src/openai_client.cpp.obj:openai_client.cpp:(.text+0x8991): undefined reference to `__imp__ZNK6spdlog6logger12err_handler_ERKNSt7__cxx1112basic_stringIcSt11char_traitsIcESaIcEEE'
build-release-assets (windows-latest, windows, amd64, ragcli.exe)	UNKNOWN STEP	2026-07-27T16:40:19.6651563Z C:/mingw64/bin/../lib/gcc/x86_64-w64-mingw32/15.2.0/../../../../x86_64-w64-mingw32/bin/ld.exe: _deps/llm_client-build/CMakeFiles/llm_client_shared.dir/src/openai_client.cpp.obj:openai_client.cpp:(.text$_ZN6spdlog6logger4log_IJRKNSt7__cxx1112basic_stringIcSt11char_traitsIcESaIcEEERS7_EEEvNS_10source_locENS_5level10level_enumEN3fmt3v1217basic_string_viewIcEEDpOT_[_ZN6spdlog6logger4log_IJRKNSt7__cxx1112basic_stringIcSt11char_traitsIcESaIcEEERS7_EEEvNS_10source_locENS_5level10level_enumEN3fmt3v1217basic_string_viewIcEEDpOT_]+0x4a): undefined reference to `__imp__ZNK6spdlog7details10backtracer7enabledEv'
build-release-assets (windows-latest, windows, amd64, ragcli.exe)	UNKNOWN STEP	2026-07-27T16:40:19.6660225Z C:/mingw64/bin/../lib/gcc/x86_64-w64-mingw32/15.2.0/../../../../x86_64-w64-mingw32/bin/ld.exe: _deps/llm_client-build/CMakeFiles/llm_client_shared.dir/src/openai_client.cpp.obj:openai_client.cpp:(.text$_ZN6spdlog6logger4log_IJRKNSt7__cxx1112basic_stringIcSt11char_traitsIcESaIcEEERS7_EEEvNS_10source_locENS_5level10level_enumEN3fmt3v1217basic_string_viewIcEEDpOT_[_ZN6spdlog6logger4log_IJRKNSt7__cxx1112basic_stringIcSt11char_traitsIcESaIcEEERS7_EEEvNS_10source_locENS_5level10level_enumEN3fmt3v1217basic_string_viewIcEEDpOT_]+0x123): undefined reference to `__imp__ZN3fmt3v126detail10vformat_toERNS1_6bufferIcEENS0_17basic_string_viewIcEENS0_17basic_format_argsINS0_7contextEEENS0_10locale_refE'
build-release-assets (windows-latest, windows, amd64, ragcli.exe)	UNKNOWN STEP	2026-07-27T16:40:19.6669694Z C:/mingw64/bin/../lib/gcc/x86_64-w64-mingw32/15.2.0/../../../../x86_64-w64-mingw32/bin/ld.exe: _deps/llm_client-build/CMakeFiles/llm_client_shared.dir/src/openai_client.cpp.obj:openai_client.cpp:(.text$_ZN6spdlog6logger4log_IJRKNSt7__cxx1112basic_stringIcSt11char_traitsIcESaIcEEERS7_EEEvNS_10source_locENS_5level10level_enumEN3fmt3v1217basic_string_viewIcEEDpOT_[_ZN6spdlog6logger4log_IJRKNSt7__cxx1112basic_stringIcSt11char_traitsIcESaIcEEERS7_EEEvNS_10source_locENS_5level10level_enumEN3fmt3v1217basic_string_viewIcEEDpOT_]+0x192): undefined reference to `__imp__ZN6spdlog7details7log_msgC1ENS_10source_locEN3fmt3v1217basic_string_viewIcEENS_5level10level_enumES6_'
build-release-assets (windows-latest, windows, amd64, ragcli.exe)	UNKNOWN STEP	2026-07-27T16:40:19.6678383Z C:/mingw64/bin/../lib/gcc/x86_64-w64-mingw32/15.2.0/../../../../x86_64-w64-mingw32/bin/ld.exe: _deps/llm_client-build/CMakeFiles/llm_client_shared.dir/src/openai_client.cpp.obj:openai_client.cpp:(.text$_ZN6spdlog6logger4log_IJRKNSt7__cxx1112basic_stringIcSt11char_traitsIcESaIcEEERS7_EEEvNS_10source_locENS_5level10level_enumEN3fmt3v1217basic_string_viewIcEEDpOT_[_ZN6spdlog6logger4log_IJRKNSt7__cxx1112basic_stringIcSt11char_traitsIcESaIcEEERS7_EEEvNS_10source_locENS_5level10level_enumEN3fmt3v1217basic_string_viewIcEEDpOT_]+0x1ab): undefined reference to `__imp__ZN6spdlog6logger7log_it_ERKNS_7details7log_msgEbb'
build-release-assets (windows-latest, windows, amd64, ragcli.exe)	UNKNOWN STEP	2026-07-27T16:40:19.6686855Z C:/mingw64/bin/../lib/gcc/x86_64-w64-mingw32/15.2.0/../../../../x86_64-w64-mingw32/bin/ld.exe: _deps/llm_client-build/CMakeFiles/llm_client_shared.dir/src/openai_client.cpp.obj:openai_client.cpp:(.text$_ZN6spdlog6logger4log_IJRKNSt7__cxx1112basic_stringIcSt11char_traitsIcESaIcEEERS7_EEEvNS_10source_locENS_5level10level_enumEN3fmt3v1217basic_string_viewIcEEDpOT_[_ZN6spdlog6logger4log_IJRKNSt7__cxx1112basic_stringIcSt11char_traitsIcESaIcEEERS7_EEEvNS_10source_locENS_5level10level_enumEN3fmt3v1217basic_string_viewIcEEDpOT_]+0x20b): undefined reference to `__imp__ZNK6spdlog6logger12err_handler_ERKNSt7__cxx1112basic_stringIcSt11char_traitsIcESaIcEEE'
build-release-assets (windows-latest, windows, amd64, ragcli.exe)	UNKNOWN STEP	2026-07-27T16:40:19.6695778Z C:/mingw64/bin/../lib/gcc/x86_64-w64-mingw32/15.2.0/../../../../x86_64-w64-mingw32/bin/ld.exe: _deps/llm_client-build/CMakeFiles/llm_client_shared.dir/src/openai_client.cpp.obj:openai_client.cpp:(.text$_ZN6spdlog6logger4log_IJRKNSt7__cxx1112basic_stringIcSt11char_traitsIcESaIcEEERS7_EEEvNS_10source_locENS_5level10level_enumEN3fmt3v1217basic_string_viewIcEEDpOT_[_ZN6spdlog6logger4log_IJRKNSt7__cxx1112basic_stringIcSt11char_traitsIcESaIcEEERS7_EEEvNS_10source_locENS_5level10level_enumEN3fmt3v1217basic_string_viewIcEEDpOT_]+0x24e): undefined reference to `__imp__ZNK6spdlog6logger12err_handler_ERKNSt7__cxx1112basic_stringIcSt11char_traitsIcESaIcEEE'
build-release-assets (windows-latest, windows, amd64, ragcli.exe)	UNKNOWN STEP	2026-07-27T16:40:19.6704420Z C:/mingw64/bin/../lib/gcc/x86_64-w64-mingw32/15.2.0/../../../../x86_64-w64-mingw32/bin/ld.exe: _deps/llm_client-build/CMakeFiles/llm_client_shared.dir/src/openai_client.cpp.obj:openai_client.cpp:(.text$_ZN6spdlog6logger4log_IJRKNSt7__cxx1112basic_stringIcSt11char_traitsIcESaIcEEERS7_EEEvNS_10source_locENS_5level10level_enumEN3fmt3v1217basic_string_viewIcEEDpOT_[_ZN6spdlog6logger4log_IJRKNSt7__cxx1112basic_stringIcSt11char_traitsIcESaIcEEERS7_EEEvNS_10source_locENS_5level10level_enumEN3fmt3v1217basic_string_viewIcEEDpOT_]+0x2e7): undefined reference to `__imp__ZN3fmt3v127vformatB5cxx11ENS0_17basic_string_viewIcEENS0_17basic_format_argsINS0_7contextEEE'
build-release-assets (windows-latest, windows, amd64, ragcli.exe)	UNKNOWN STEP	2026-07-27T16:40:19.6713350Z C:/mingw64/bin/../lib/gcc/x86_64-w64-mingw32/15.2.0/../../../../x86_64-w64-mingw32/bin/ld.exe: _deps/llm_client-build/CMakeFiles/llm_client_shared.dir/src/openai_client.cpp.obj:openai_client.cpp:(.text$_ZN6spdlog6logger4log_IJRKNSt7__cxx1112basic_stringIcSt11char_traitsIcESaIcEEERS7_EEEvNS_10source_locENS_5level10level_enumEN3fmt3v1217basic_string_viewIcEEDpOT_[_ZN6spdlog6logger4log_IJRKNSt7__cxx1112basic_stringIcSt11char_traitsIcESaIcEEERS7_EEEvNS_10source_locENS_5level10level_enumEN3fmt3v1217basic_string_viewIcEEDpOT_]+0x2f3): undefined reference to `__imp__ZNK6spdlog6logger12err_handler_ERKNSt7__cxx1112basic_stringIcSt11char_traitsIcESaIcEEE'
build-release-assets (windows-latest, windows, amd64, ragcli.exe)	UNKNOWN STEP	2026-07-27T16:40:19.6722984Z C:/mingw64/bin/../lib/gcc/x86_64-w64-mingw32/15.2.0/../../../../x86_64-w64-mingw32/bin/ld.exe: _deps/llm_client-build/CMakeFiles/llm_client_shared.dir/src/openai_client.cpp.obj:openai_client.cpp:(.text$_ZNSt8_Rb_treeINSt7__cxx1112basic_stringIcSt11char_traitsIcESaIcEEESt4pairIKS5_S5_ESt10_Select1stIS8_EN3cpr22CaseInsensitiveCompareESaIS8_EE24_M_get_insert_unique_posERS7_[_ZNSt8_Rb_treeINSt7__cxx1112basic_stringIcSt11char_traitsIcESaIcEEESt4pairIKS5_S5_ESt10_Select1stIS8_EN3cpr22CaseInsensitiveCompareESaIS8_EE24_M_get_insert_unique_posERS7_]+0x39): undefined reference to `cpr::CaseInsensitiveCompare::operator()(std::__cxx11::basic_string<char, std::char_traits<char>, std::allocator<char> > const&, std::__cxx11::basic_string<char, std::char_traits<char>, std::allocator<char> > const&) const'
build-release-assets (windows-latest, windows, amd64, ragcli.exe)	UNKNOWN STEP	2026-07-27T16:40:19.6733924Z C:/mingw64/bin/../lib/gcc/x86_64-w64-mingw32/15.2.0/../../../../x86_64-w64-mingw32/bin/ld.exe: _deps/llm_client-build/CMakeFiles/llm_client_shared.dir/src/openai_client.cpp.obj:openai_client.cpp:(.text$_ZNSt8_Rb_treeINSt7__cxx1112basic_stringIcSt11char_traitsIcESaIcEEESt4pairIKS5_S5_ESt10_Select1stIS8_EN3cpr22CaseInsensitiveCompareESaIS8_EE24_M_get_insert_unique_posERS7_[_ZNSt8_Rb_treeINSt7__cxx1112basic_stringIcSt11char_traitsIcESaIcEEESt4pairIKS5_S5_ESt10_Select1stIS8_EN3cpr22CaseInsensitiveCompareESaIS8_EE24_M_get_insert_unique_posERS7_]+0x79): undefined reference to `cpr::CaseInsensitiveCompare::operator()(std::__cxx11::basic_string<char, std::char_traits<char>, std::allocator<char> > const&, std::__cxx11::basic_string<char, std::char_traits<char>, std::allocator<char> > const&) const'
build-release-assets (windows-latest, windows, amd64, ragcli.exe)	UNKNOWN STEP	2026-07-27T16:40:19.6744895Z C:/mingw64/bin/../lib/gcc/x86_64-w64-mingw32/15.2.0/../../../../x86_64-w64-mingw32/bin/ld.exe: _deps/llm_client-build/CMakeFiles/llm_client_shared.dir/src/openai_client.cpp.obj:openai_client.cpp:(.text$_ZN10llm_client6detail16http_post_streamERKNSt7__cxx1112basic_stringIcSt11char_traitsIcESaIcEEERKSt3mapIS6_S6_N3cpr22CaseInsensitiveCompareESaISt4pairIS7_S6_EEERKN8nlohmann16json_abi_v3_12_010basic_jsonIS9_St6vectorS6_bxydSaNSJ_14adl_serializerESL_IhSaIhEEvEES8_St8functionIFvS8_EEii[_ZN10llm_client6detail16http_post_streamERKNSt7__cxx1112basic_stringIcSt11char_traitsIcESaIcEEERKSt3mapIS6_S6_N3cpr22CaseInsensitiveCompareESaISt4pairIS7_S6_EEERKN8nlohmann16json_abi_v3_12_010basic_jsonIS9_St6vectorS6_bxydSaNSJ_14adl_serializerESL_IhSaIhEEvEES8_St8functionIFvS8_EEii]+0x246): undefined reference to `__imp__ZNK6spdlog7details10backtracer7enabledEv'
build-release-assets (windows-latest, windows, amd64, ragcli.exe)	UNKNOWN STEP	2026-07-27T16:40:19.6759392Z C:/mingw64/bin/../lib/gcc/x86_64-w64-mingw32/15.2.0/../../../../x86_64-w64-mingw32/bin/ld.exe: _deps/llm_client-build/CMakeFiles/llm_client_shared.dir/src/openai_client.cpp.obj:openai_client.cpp:(.text$_ZN10llm_client6detail16http_post_streamERKNSt7__cxx1112basic_stringIcSt11char_traitsIcESaIcEEERKSt3mapIS6_S6_N3cpr22CaseInsensitiveCompareESaISt4pairIS7_S6_EEERKN8nlohmann16json_abi_v3_12_010basic_jsonIS9_St6vectorS6_bxydSaNSJ_14adl_serializerESL_IhSaIhEEvEES8_St8functionIFvS8_EEii[_ZN10llm_client6detail16http_post_streamERKNSt7__cxx1112basic_stringIcSt11char_traitsIcESaIcEEERKSt3mapIS6_S6_N3cpr22CaseInsensitiveCompareESaISt4pairIS7_S6_EEERKN8nlohmann16json_abi_v3_12_010basic_jsonIS9_St6vectorS6_bxydSaNSJ_14adl_serializerESL_IhSaIhEEvEES8_St8functionIFvS8_EEii]+0x52a): undefined reference to `cpr::Session::Session()'
build-release-assets (windows-latest, windows, amd64, ragcli.exe)	UNKNOWN STEP	2026-07-27T16:40:19.6774926Z C:/mingw64/bin/../lib/gcc/x86_64-w64-mingw32/15.2.0/../../../../x86_64-w64-mingw32/bin/ld.exe: _deps/llm_client-build/CMakeFiles/llm_client_shared.dir/src/openai_client.cpp.obj:openai_client.cpp:(.text$_ZN10llm_client6detail16http_post_streamERKNSt7__cxx1112basic_stringIcSt11char_traitsIcESaIcEEERKSt3mapIS6_S6_N3cpr22CaseInsensitiveCompareESaISt4pairIS7_S6_EEERKN8nlohmann16json_abi_v3_12_010basic_jsonIS9_St6vectorS6_bxydSaNSJ_14adl_serializerESL_IhSaIhEEvEES8_St8functionIFvS8_EEii[_ZN10llm_client6detail16http_post_streamERKNSt7__cxx1112basic_stringIcSt11char_traitsIcESaIcEEERKSt3mapIS6_S6_N3cpr22CaseInsensitiveCompareESaISt4pairIS7_S6_EEERKN8nlohmann16json_abi_v3_12_010basic_jsonIS9_St6vectorS6_bxydSaNSJ_14adl_serializerESL_IhSaIhEEvEES8_St8functionIFvS8_EEii]+0x74d): undefined reference to `cpr::Session::SetUrl(cpr::Url const&)'
build-release-assets (windows-latest, windows, amd64, ragcli.exe)	UNKNOWN STEP	2026-07-27T16:40:19.6789366Z C:/mingw64/bin/../lib/gcc/x86_64-w64-mingw32/15.2.0/../../../../x86_64-w64-mingw32/bin/ld.exe: _deps/llm_client-build/CMakeFiles/llm_client_shared.dir/src/openai_client.cpp.obj:openai_client.cpp:(.text$_ZN10llm_client6detail16http_post_streamERKNSt7__cxx1112basic_stringIcSt11char_traitsIcESaIcEEERKSt3mapIS6_S6_N3cpr22CaseInsensitiveCompareESaISt4pairIS7_S6_EEERKN8nlohmann16json_abi_v3_12_010basic_jsonIS9_St6vectorS6_bxydSaNSJ_14adl_serializerESL_IhSaIhEEvEES8_St8functionIFvS8_EEii[_ZN10llm_client6detail16http_post_streamERKNSt7__cxx1112basic_stringIcSt11char_traitsIcESaIcEEERKSt3mapIS6_S6_N3cpr22CaseInsensitiveCompareESaISt4pairIS7_S6_EEERKN8nlohmann16json_abi_v3_12_010basic_jsonIS9_St6vectorS6_bxydSaNSJ_14adl_serializerESL_IhSaIhEEvEES8_St8functionIFvS8_EEii]+0x777): undefined reference to `cpr::Session::SetHeader(std::map<std::__cxx11::basic_string<char, std::char_traits<char>, std::allocator<char> >, std::__cxx11::basic_string<char, std::char_traits<char>, std::allocator<char> >, cpr::CaseInsensitiveCompare, std::allocator<std::pair<std::__cxx11::basic_string<char, std::char_traits<char>, std::allocator<char> > const, std::__cxx11::basic_string<char, std::char_traits<char>, std::allocator<char> > > > > const&)'
build-release-assets (windows-latest, windows, amd64, ragcli.exe)	UNKNOWN STEP	2026-07-27T16:40:19.6803490Z C:/mingw64/bin/../lib/gcc/x86_64-w64-mingw32/15.2.0/../../../../x86_64-w64-mingw32/bin/ld.exe: _deps/llm_client-build/CMakeFiles/llm_client_shared.dir/src/openai_client.cpp.obj:openai_client.cpp:(.text$_ZN10llm_client6detail16http_post_streamERKNSt7__cxx1112basic_stringIcSt11char_traitsIcESaIcEEERKSt3mapIS6_S6_N3cpr22CaseInsensitiveCompareESaISt4pairIS7_S6_EEERKN8nlohmann16json_abi_v3_12_010basic_jsonIS9_St6vectorS6_bxydSaNSJ_14adl_serializerESL_IhSaIhEEvEES8_St8functionIFvS8_EEii[_ZN10llm_client6detail16http_post_streamERKNSt7__cxx1112basic_stringIcSt11char_traitsIcESaIcEEERKSt3mapIS6_S6_N3cpr22CaseInsensitiveCompareESaISt4pairIS7_S6_EEERKN8nlohmann16json_abi_v3_12_010basic_jsonIS9_St6vectorS6_bxydSaNSJ_14adl_serializerESL_IhSaIhEEvEES8_St8functionIFvS8_EEii]+0x9bc): undefined reference to `cpr::Session::SetBody(cpr::Body&&)'
build-release-assets (windows-latest, windows, amd64, ragcli.exe)	UNKNOWN STEP	2026-07-27T16:40:19.6815254Z C:/mingw64/bin/../lib/gcc/x86_64-w64-mingw32/15.2.0/../../../../x86_64-w64-mingw32/bin/ld.exe: _deps/llm_client-build/CMakeFiles/llm_client_shared.dir/src/openai_client.cpp.obj:openai_client.cpp:(.text$_ZN10llm_client6detail16http_post_streamERKNSt7__cxx1112basic_stringIcSt11char_traitsIcESaIcEEERKSt3mapIS6_S6_N3cpr22CaseInsensitiveCompareESaISt4pairIS7_S6_EEERKN8nlohmann16json_abi_v3_12_010basic_jsonIS9_St6vectorS6_bxydSaNSJ_14adl_serializerESL_IhSaIhEEvEES8_St8functionIFvS8_EEii[_ZN10llm_client6detail16http_post_streamERKNSt7__cxx1112basic_stringIcSt11char_traitsIcESaIcEEERKSt3mapIS6_S6_N3cpr22CaseInsensitiveCompareESaISt4pairIS7_S6_EEERKN8nlohmann16json_abi_v3_12_010basic_jsonIS9_St6vectorS6_bxydSaNSJ_14adl_serializerESL_IhSaIhEEvEES8_St8functionIFvS8_EEii]+0x9f6): undefined reference to `cpr::Session::SetTimeout(cpr::Timeout const&)'
build-release-assets (windows-latest, windows, amd64, ragcli.exe)	UNKNOWN STEP	2026-07-27T16:40:19.6826837Z C:/mingw64/bin/../lib/gcc/x86_64-w64-mingw32/15.2.0/../../../../x86_64-w64-mingw32/bin/ld.exe: _deps/llm_client-build/CMakeFiles/llm_client_shared.dir/src/openai_client.cpp.obj:openai_client.cpp:(.text$_ZN10llm_client6detail16http_post_streamERKNSt7__cxx1112basic_stringIcSt11char_traitsIcESaIcEEERKSt3mapIS6_S6_N3cpr22CaseInsensitiveCompareESaISt4pairIS7_S6_EEERKN8nlohmann16json_abi_v3_12_010basic_jsonIS9_St6vectorS6_bxydSaNSJ_14adl_serializerESL_IhSaIhEEvEES8_St8functionIFvS8_EEii[_ZN10llm_client6detail16http_post_streamERKNSt7__cxx1112basic_stringIcSt11char_traitsIcESaIcEEERKSt3mapIS6_S6_N3cpr22CaseInsensitiveCompareESaISt4pairIS7_S6_EEERKN8nlohmann16json_abi_v3_12_010basic_jsonIS9_St6vectorS6_bxydSaNSJ_14adl_serializerESL_IhSaIhEEvEES8_St8functionIFvS8_EEii]+0xad4): undefined reference to `cpr::Session::SetWriteCallback(cpr::WriteCallback const&)'
build-release-assets (windows-latest, windows, amd64, ragcli.exe)	UNKNOWN STEP	2026-07-27T16:40:19.6838834Z C:/mingw64/bin/../lib/gcc/x86_64-w64-mingw32/15.2.0/../../../../x86_64-w64-mingw32/bin/ld.exe: _deps/llm_client-build/CMakeFiles/llm_client_shared.dir/src/openai_client.cpp.obj:openai_client.cpp:(.text$_ZN10llm_client6detail16http_post_streamERKNSt7__cxx1112basic_stringIcSt11char_traitsIcESaIcEEERKSt3mapIS6_S6_N3cpr22CaseInsensitiveCompareESaISt4pairIS7_S6_EEERKN8nlohmann16json_abi_v3_12_010basic_jsonIS9_St6vectorS6_bxydSaNSJ_14adl_serializerESL_IhSaIhEEvEES8_St8functionIFvS8_EEii[_ZN10llm_client6detail16http_post_streamERKNSt7__cxx1112basic_stringIcSt11char_traitsIcESaIcEEERKSt3mapIS6_S6_N3cpr22CaseInsensitiveCompareESaISt4pairIS7_S6_EEERKN8nlohmann16json_abi_v3_12_010basic_jsonIS9_St6vectorS6_bxydSaNSJ_14adl_serializerESL_IhSaIhEEvEES8_St8functionIFvS8_EEii]+0xb1e): undefined reference to `cpr::Session::Post()'
build-release-assets (windows-latest, windows, amd64, ragcli.exe)	UNKNOWN STEP	2026-07-27T16:40:19.6851260Z C:/mingw64/bin/../lib/gcc/x86_64-w64-mingw32/15.2.0/../../../../x86_64-w64-mingw32/bin/ld.exe: _deps/llm_client-build/CMakeFiles/llm_client_shared.dir/src/openai_client.cpp.obj:openai_client.cpp:(.text$_ZN10llm_client6detail16http_post_streamERKNSt7__cxx1112basic_stringIcSt11char_traitsIcESaIcEEERKSt3mapIS6_S6_N3cpr22CaseInsensitiveCompareESaISt4pairIS7_S6_EEERKN8nlohmann16json_abi_v3_12_010basic_jsonIS9_St6vectorS6_bxydSaNSJ_14adl_serializerESL_IhSaIhEEvEES8_St8functionIFvS8_EEii[_ZN10llm_client6detail16http_post_streamERKNSt7__cxx1112basic_stringIcSt11char_traitsIcESaIcEEERKSt3mapIS6_S6_N3cpr22CaseInsensitiveCompareESaISt4pairIS7_S6_EEERKN8nlohmann16json_abi_v3_12_010basic_jsonIS9_St6vectorS6_bxydSaNSJ_14adl_serializerESL_IhSaIhEEvEES8_St8functionIFvS8_EEii]+0x149d): undefined reference to `__imp__ZN3fmt3v126detail10vformat_toERNS1_6bufferIcEENS0_17basic_string_viewIcEENS0_17basic_format_argsINS0_7contextEEENS0_10locale_refE'
build-release-assets (windows-latest, windows, amd64, ragcli.exe)	UNKNOWN STEP	2026-07-27T16:40:19.6863831Z C:/mingw64/bin/../lib/gcc/x86_64-w64-mingw32/15.2.0/../../../../x86_64-w64-mingw32/bin/ld.exe: _deps/llm_client-build/CMakeFiles/llm_client_shared.dir/src/openai_client.cpp.obj:openai_client.cpp:(.text$_ZN10llm_client6detail16http_post_streamERKNSt7__cxx1112basic_stringIcSt11char_traitsIcESaIcEEERKSt3mapIS6_S6_N3cpr22CaseInsensitiveCompareESaISt4pairIS7_S6_EEERKN8nlohmann16json_abi_v3_12_010basic_jsonIS9_St6vectorS6_bxydSaNSJ_14adl_serializerESL_IhSaIhEEvEES8_St8functionIFvS8_EEii[_ZN10llm_client6detail16http_post_streamERKNSt7__cxx1112basic_stringIcSt11char_traitsIcESaIcEEERKSt3mapIS6_S6_N3cpr22CaseInsensitiveCompareESaISt4pairIS7_S6_EEERKN8nlohmann16json_abi_v3_12_010basic_jsonIS9_St6vectorS6_bxydSaNSJ_14adl_serializerESL_IhSaIhEEvEES8_St8functionIFvS8_EEii]+0x152e): undefined reference to `__imp__ZN6spdlog7details7log_msgC1ENS_10source_locEN3fmt3v1217basic_string_viewIcEENS_5level10level_enumES6_'
build-release-assets (windows-latest, windows, amd64, ragcli.exe)	UNKNOWN STEP	2026-07-27T16:40:19.6876111Z C:/mingw64/bin/../lib/gcc/x86_64-w64-mingw32/15.2.0/../../../../x86_64-w64-mingw32/bin/ld.exe: _deps/llm_client-build/CMakeFiles/llm_client_shared.dir/src/openai_client.cpp.obj:openai_client.cpp:(.text$_ZN10llm_client6detail16http_post_streamERKNSt7__cxx1112basic_stringIcSt11char_traitsIcESaIcEEERKSt3mapIS6_S6_N3cpr22CaseInsensitiveCompareESaISt4pairIS7_S6_EEERKN8nlohmann16json_abi_v3_12_010basic_jsonIS9_St6vectorS6_bxydSaNSJ_14adl_serializerESL_IhSaIhEEvEES8_St8functionIFvS8_EEii[_ZN10llm_client6detail16http_post_streamERKNSt7__cxx1112basic_stringIcSt11char_traitsIcESaIcEEERKSt3mapIS6_S6_N3cpr22CaseInsensitiveCompareESaISt4pairIS7_S6_EEERKN8nlohmann16json_abi_v3_12_010basic_jsonIS9_St6vectorS6_bxydSaNSJ_14adl_serializerESL_IhSaIhEEvEES8_St8functionIFvS8_EEii]+0x1545): undefined reference to `__imp__ZN6spdlog6logger7log_it_ERKNS_7details7log_msgEbb'
build-release-assets (windows-latest, windows, amd64, ragcli.exe)	UNKNOWN STEP	2026-07-27T16:40:19.6888624Z C:/mingw64/bin/../lib/gcc/x86_64-w64-mingw32/15.2.0/../../../../x86_64-w64-mingw32/bin/ld.exe: _deps/llm_client-build/CMakeFiles/llm_client_shared.dir/src/openai_client.cpp.obj:openai_client.cpp:(.text$_ZN10llm_client6detail16http_post_streamERKNSt7__cxx1112basic_stringIcSt11char_traitsIcESaIcEEERKSt3mapIS6_S6_N3cpr22CaseInsensitiveCompareESaISt4pairIS7_S6_EEERKN8nlohmann16json_abi_v3_12_010basic_jsonIS9_St6vectorS6_bxydSaNSJ_14adl_serializerESL_IhSaIhEEvEES8_St8functionIFvS8_EEii[_ZN10llm_client6detail16http_post_streamERKNSt7__cxx1112basic_stringIcSt11char_traitsIcESaIcEEERKSt3mapIS6_S6_N3cpr22CaseInsensitiveCompareESaISt4pairIS7_S6_EEERKN8nlohmann16json_abi_v3_12_010basic_jsonIS9_St6vectorS6_bxydSaNSJ_14adl_serializerESL_IhSaIhEEvEES8_St8functionIFvS8_EEii]+0x1647): undefined reference to `__imp__ZN3fmt3v126detail10vformat_toERNS1_6bufferIcEENS0_17basic_string_viewIcEENS0_17basic_format_argsINS0_7contextEEENS0_10locale_refE'
build-release-assets (windows-latest, windows, amd64, ragcli.exe)	UNKNOWN STEP	2026-07-27T16:40:19.6901560Z C:/mingw64/bin/../lib/gcc/x86_64-w64-mingw32/15.2.0/../../../../x86_64-w64-mingw32/bin/ld.exe: _deps/llm_client-build/CMakeFiles/llm_client_shared.dir/src/openai_client.cpp.obj:openai_client.cpp:(.text$_ZN10llm_client6detail16http_post_streamERKNSt7__cxx1112basic_stringIcSt11char_traitsIcESaIcEEERKSt3mapIS6_S6_N3cpr22CaseInsensitiveCompareESaISt4pairIS7_S6_EEERKN8nlohmann16json_abi_v3_12_010basic_jsonIS9_St6vectorS6_bxydSaNSJ_14adl_serializerESL_IhSaIhEEvEES8_St8functionIFvS8_EEii[_ZN10llm_client6detail16http_post_streamERKNSt7__cxx1112basic_stringIcSt11char_traitsIcESaIcEEERKSt3mapIS6_S6_N3cpr22CaseInsensitiveCompareESaISt4pairIS7_S6_EEERKN8nlohmann16json_abi_v3_12_010basic_jsonIS9_St6vectorS6_bxydSaNSJ_14adl_serializerESL_IhSaIhEEvEES8_St8functionIFvS8_EEii]+0x16db): undefined reference to `__imp__ZN6spdlog7details7log_msgC1ENS_10source_locEN3fmt3v1217basic_string_viewIcEENS_5level10level_enumES6_'
build-release-assets (windows-latest, windows, amd64, ragcli.exe)	UNKNOWN STEP	2026-07-27T16:40:19.6915007Z C:/mingw64/bin/../lib/gcc/x86_64-w64-mingw32/15.2.0/../../../../x86_64-w64-mingw32/bin/ld.exe: _deps/llm_client-build/CMakeFiles/llm_client_shared.dir/src/openai_client.cpp.obj:openai_client.cpp:(.text$_ZN10llm_client6detail16http_post_streamERKNSt7__cxx1112basic_stringIcSt11char_traitsIcESaIcEEERKSt3mapIS6_S6_N3cpr22CaseInsensitiveCompareESaISt4pairIS7_S6_EEERKN8nlohmann16json_abi_v3_12_010basic_jsonIS9_St6vectorS6_bxydSaNSJ_14adl_serializerESL_IhSaIhEEvEES8_St8functionIFvS8_EEii[_ZN10llm_client6detail16http_post_streamERKNSt7__cxx1112basic_stringIcSt11char_traitsIcESaIcEEERKSt3mapIS6_S6_N3cpr22CaseInsensitiveCompareESaISt4pairIS7_S6_EEERKN8nlohmann16json_abi_v3_12_010basic_jsonIS9_St6vectorS6_bxydSaNSJ_14adl_serializerESL_IhSaIhEEvEES8_St8functionIFvS8_EEii]+0x16f2): undefined reference to `__imp__ZN6spdlog6logger7log_it_ERKNS_7details7log_msgEbb'
build-release-assets (windows-latest, windows, amd64, ragcli.exe)	UNKNOWN STEP	2026-07-27T16:40:19.6927923Z C:/mingw64/bin/../lib/gcc/x86_64-w64-mingw32/15.2.0/../../../../x86_64-w64-mingw32/bin/ld.exe: _deps/llm_client-build/CMakeFiles/llm_client_shared.dir/src/openai_client.cpp.obj:openai_client.cpp:(.text$_ZN10llm_client6detail16http_post_streamERKNSt7__cxx1112basic_stringIcSt11char_traitsIcESaIcEEERKSt3mapIS6_S6_N3cpr22CaseInsensitiveCompareESaISt4pairIS7_S6_EEERKN8nlohmann16json_abi_v3_12_010basic_jsonIS9_St6vectorS6_bxydSaNSJ_14adl_serializerESL_IhSaIhEEvEES8_St8functionIFvS8_EEii[_ZN10llm_client6detail16http_post_streamERKNSt7__cxx1112basic_stringIcSt11char_traitsIcESaIcEEERKSt3mapIS6_S6_N3cpr22CaseInsensitiveCompareESaISt4pairIS7_S6_EEERKN8nlohmann16json_abi_v3_12_010basic_jsonIS9_St6vectorS6_bxydSaNSJ_14adl_serializerESL_IhSaIhEEvEES8_St8functionIFvS8_EEii]+0x17b4): undefined reference to `cpr::CaseInsensitiveCompare::operator()(std::__cxx11::basic_string<char, std::char_traits<char>, std::allocator<char> > const&, std::__cxx11::basic_string<char, std::char_traits<char>, std::allocator<char> > const&) const'
build-release-assets (windows-latest, windows, amd64, ragcli.exe)	UNKNOWN STEP	2026-07-27T16:40:19.6941981Z C:/mingw64/bin/../lib/gcc/x86_64-w64-mingw32/15.2.0/../../../../x86_64-w64-mingw32/bin/ld.exe: _deps/llm_client-build/CMakeFiles/llm_client_shared.dir/src/openai_client.cpp.obj:openai_client.cpp:(.text$_ZN10llm_client6detail16http_post_streamERKNSt7__cxx1112basic_stringIcSt11char_traitsIcESaIcEEERKSt3mapIS6_S6_N3cpr22CaseInsensitiveCompareESaISt4pairIS7_S6_EEERKN8nlohmann16json_abi_v3_12_010basic_jsonIS9_St6vectorS6_bxydSaNSJ_14adl_serializerESL_IhSaIhEEvEES8_St8functionIFvS8_EEii[_ZN10llm_client6detail16http_post_streamERKNSt7__cxx1112basic_stringIcSt11char_traitsIcESaIcEEERKSt3mapIS6_S6_N3cpr22CaseInsensitiveCompareESaISt4pairIS7_S6_EEERKN8nlohmann16json_abi_v3_12_010basic_jsonIS9_St6vectorS6_bxydSaNSJ_14adl_serializerESL_IhSaIhEEvEES8_St8functionIFvS8_EEii]+0x17e9): undefined reference to `cpr::CaseInsensitiveCompare::operator()(std::__cxx11::basic_string<char, std::char_traits<char>, std::allocator<char> > const&, std::__cxx11::basic_string<char, std::char_traits<char>, std::allocator<char> > const&) const'
build-release-assets (windows-latest, windows, amd64, ragcli.exe)	UNKNOWN STEP	2026-07-27T16:40:19.6956505Z C:/mingw64/bin/../lib/gcc/x86_64-w64-mingw32/15.2.0/../../../../x86_64-w64-mingw32/bin/ld.exe: _deps/llm_client-build/CMakeFiles/llm_client_shared.dir/src/openai_client.cpp.obj:openai_client.cpp:(.text$_ZN10llm_client6detail16http_post_streamERKNSt7__cxx1112basic_stringIcSt11char_traitsIcESaIcEEERKSt3mapIS6_S6_N3cpr22CaseInsensitiveCompareESaISt4pairIS7_S6_EEERKN8nlohmann16json_abi_v3_12_010basic_jsonIS9_St6vectorS6_bxydSaNSJ_14adl_serializerESL_IhSaIhEEvEES8_St8functionIFvS8_EEii[_ZN10llm_client6detail16http_post_streamERKNSt7__cxx1112basic_stringIcSt11char_traitsIcESaIcEEERKSt3mapIS6_S6_N3cpr22CaseInsensitiveCompareESaISt4pairIS7_S6_EEERKN8nlohmann16json_abi_v3_12_010basic_jsonIS9_St6vectorS6_bxydSaNSJ_14adl_serializerESL_IhSaIhEEvEES8_St8functionIFvS8_EEii]+0x19fa): undefined reference to `__imp__ZN3fmt3v126detail10vformat_toERNS1_6bufferIcEENS0_17basic_string_viewIcEENS0_17basic_format_argsINS0_7contextEEENS0_10locale_refE'
build-release-assets (windows-latest, windows, amd64, ragcli.exe)	UNKNOWN STEP	2026-07-27T16:40:19.6969394Z C:/mingw64/bin/../lib/gcc/x86_64-w64-mingw32/15.2.0/../../../../x86_64-w64-mingw32/bin/ld.exe: _deps/llm_client-build/CMakeFiles/llm_client_shared.dir/src/openai_client.cpp.obj:openai_client.cpp:(.text$_ZN10llm_client6detail16http_post_streamERKNSt7__cxx1112basic_stringIcSt11char_traitsIcESaIcEEERKSt3mapIS6_S6_N3cpr22CaseInsensitiveCompareESaISt4pairIS7_S6_EEERKN8nlohmann16json_abi_v3_12_010basic_jsonIS9_St6vectorS6_bxydSaNSJ_14adl_serializerESL_IhSaIhEEvEES8_St8functionIFvS8_EEii[_ZN10llm_client6detail16http_post_streamERKNSt7__cxx1112basic_stringIcSt11char_traitsIcESaIcEEERKSt3mapIS6_S6_N3cpr22CaseInsensitiveCompareESaISt4pairIS7_S6_EEERKN8nlohmann16json_abi_v3_12_010basic_jsonIS9_St6vectorS6_bxydSaNSJ_14adl_serializerESL_IhSaIhEEvEES8_St8functionIFvS8_EEii]+0x1a93): undefined reference to `__imp__ZN6spdlog7details7log_msgC1ENS_10source_locEN3fmt3v1217basic_string_viewIcEENS_5level10level_enumES6_'
build-release-assets (windows-latest, windows, amd64, ragcli.exe)	UNKNOWN STEP	2026-07-27T16:40:19.6981396Z C:/mingw64/bin/../lib/gcc/x86_64-w64-mingw32/15.2.0/../../../../x86_64-w64-mingw32/bin/ld.exe: _deps/llm_client-build/CMakeFiles/llm_client_shared.dir/src/openai_client.cpp.obj:openai_client.cpp:(.text$_ZN10llm_client6detail16http_post_streamERKNSt7__cxx1112basic_stringIcSt11char_traitsIcESaIcEEERKSt3mapIS6_S6_N3cpr22CaseInsensitiveCompareESaISt4pairIS7_S6_EEERKN8nlohmann16json_abi_v3_12_010basic_jsonIS9_St6vectorS6_bxydSaNSJ_14adl_serializerESL_IhSaIhEEvEES8_St8functionIFvS8_EEii[_ZN10llm_client6detail16http_post_streamERKNSt7__cxx1112basic_stringIcSt11char_traitsIcESaIcEEERKSt3mapIS6_S6_N3cpr22CaseInsensitiveCompareESaISt4pairIS7_S6_EEERKN8nlohmann16json_abi_v3_12_010basic_jsonIS9_St6vectorS6_bxydSaNSJ_14adl_serializerESL_IhSaIhEEvEES8_St8functionIFvS8_EEii]+0x1aac): undefined reference to `__imp__ZN6spdlog6logger7log_it_ERKNS_7details7log_msgEbb'
build-release-assets (windows-latest, windows, amd64, ragcli.exe)	UNKNOWN STEP	2026-07-27T16:40:19.6993821Z C:/mingw64/bin/../lib/gcc/x86_64-w64-mingw32/15.2.0/../../../../x86_64-w64-mingw32/bin/ld.exe: _deps/llm_client-build/CMakeFiles/llm_client_shared.dir/src/openai_client.cpp.obj:openai_client.cpp:(.text$_ZN10llm_client6detail16http_post_streamERKNSt7__cxx1112basic_stringIcSt11char_traitsIcESaIcEEERKSt3mapIS6_S6_N3cpr22CaseInsensitiveCompareESaISt4pairIS7_S6_EEERKN8nlohmann16json_abi_v3_12_010basic_jsonIS9_St6vectorS6_bxydSaNSJ_14adl_serializerESL_IhSaIhEEvEES8_St8functionIFvS8_EEii[_ZN10llm_client6detail16http_post_streamERKNSt7__cxx1112basic_stringIcSt11char_traitsIcESaIcEEERKSt3mapIS6_S6_N3cpr22CaseInsensitiveCompareESaISt4pairIS7_S6_EEERKN8nlohmann16json_abi_v3_12_010basic_jsonIS9_St6vectorS6_bxydSaNSJ_14adl_serializerESL_IhSaIhEEvEES8_St8functionIFvS8_EEii]+0x1cce): undefined reference to `__imp__ZN3fmt3v126detail10vformat_toERNS1_6bufferIcEENS0_17basic_string_viewIcEENS0_17basic_format_argsINS0_7contextEEENS0_10locale_refE'
build-release-assets (windows-latest, windows, amd64, ragcli.exe)	UNKNOWN STEP	2026-07-27T16:40:19.7007626Z C:/mingw64/bin/../lib/gcc/x86_64-w64-mingw32/15.2.0/../../../../x86_64-w64-mingw32/bin/ld.exe: _deps/llm_client-build/CMakeFiles/llm_client_shared.dir/src/openai_client.cpp.obj:openai_client.cpp:(.text$_ZN10llm_client6detail16http_post_streamERKNSt7__cxx1112basic_stringIcSt11char_traitsIcESaIcEEERKSt3mapIS6_S6_N3cpr22CaseInsensitiveCompareESaISt4pairIS7_S6_EEERKN8nlohmann16json_abi_v3_12_010basic_jsonIS9_St6vectorS6_bxydSaNSJ_14adl_serializerESL_IhSaIhEEvEES8_St8functionIFvS8_EEii[_ZN10llm_client6detail16http_post_streamERKNSt7__cxx1112basic_stringIcSt11char_traitsIcESaIcEEERKSt3mapIS6_S6_N3cpr22CaseInsensitiveCompareESaISt4pairIS7_S6_EEERKN8nlohmann16json_abi_v3_12_010basic_jsonIS9_St6vectorS6_bxydSaNSJ_14adl_serializerESL_IhSaIhEEvEES8_St8functionIFvS8_EEii]+0x1d62): undefined reference to `__imp__ZN6spdlog7details7log_msgC1ENS_10source_locEN3fmt3v1217basic_string_viewIcEENS_5level10level_enumES6_'
build-release-assets (windows-latest, windows, amd64, ragcli.exe)	UNKNOWN STEP	2026-07-27T16:40:19.7019913Z C:/mingw64/bin/../lib/gcc/x86_64-w64-mingw32/15.2.0/../../../../x86_64-w64-mingw32/bin/ld.exe: _deps/llm_client-build/CMakeFiles/llm_client_shared.dir/src/openai_client.cpp.obj:openai_client.cpp:(.text$_ZN10llm_client6detail16http_post_streamERKNSt7__cxx1112basic_stringIcSt11char_traitsIcESaIcEEERKSt3mapIS6_S6_N3cpr22CaseInsensitiveCompareESaISt4pairIS7_S6_EEERKN8nlohmann16json_abi_v3_12_010basic_jsonIS9_St6vectorS6_bxydSaNSJ_14adl_serializerESL_IhSaIhEEvEES8_St8functionIFvS8_EEii[_ZN10llm_client6detail16http_post_streamERKNSt7__cxx1112basic_stringIcSt11char_traitsIcESaIcEEERKSt3mapIS6_S6_N3cpr22CaseInsensitiveCompareESaISt4pairIS7_S6_EEERKN8nlohmann16json_abi_v3_12_010basic_jsonIS9_St6vectorS6_bxydSaNSJ_14adl_serializerESL_IhSaIhEEvEES8_St8functionIFvS8_EEii]+0x1d79): undefined reference to `__imp__ZN6spdlog6logger7log_it_ERKNS_7details7log_msgEbb'
build-release-assets (windows-latest, windows, amd64, ragcli.exe)	UNKNOWN STEP	2026-07-27T16:40:19.7032437Z C:/mingw64/bin/../lib/gcc/x86_64-w64-mingw32/15.2.0/../../../../x86_64-w64-mingw32/bin/ld.exe: _deps/llm_client-build/CMakeFiles/llm_client_shared.dir/src/openai_client.cpp.obj:openai_client.cpp:(.text$_ZN10llm_client6detail16http_post_streamERKNSt7__cxx1112basic_stringIcSt11char_traitsIcESaIcEEERKSt3mapIS6_S6_N3cpr22CaseInsensitiveCompareESaISt4pairIS7_S6_EEERKN8nlohmann16json_abi_v3_12_010basic_jsonIS9_St6vectorS6_bxydSaNSJ_14adl_serializerESL_IhSaIhEEvEES8_St8functionIFvS8_EEii[_ZN10llm_client6detail16http_post_streamERKNSt7__cxx1112basic_stringIcSt11char_traitsIcESaIcEEERKSt3mapIS6_S6_N3cpr22CaseInsensitiveCompareESaISt4pairIS7_S6_EEERKN8nlohmann16json_abi_v3_12_010basic_jsonIS9_St6vectorS6_bxydSaNSJ_14adl_serializerESL_IhSaIhEEvEES8_St8functionIFvS8_EEii]+0x29e6): undefined reference to `__imp__ZN3fmt3v126detail10vformat_toERNS1_6bufferIcEENS0_17basic_string_viewIcEENS0_17basic_format_argsINS0_7contextEEENS0_10locale_refE'
build-release-assets (windows-latest, windows, amd64, ragcli.exe)	UNKNOWN STEP	2026-07-27T16:40:19.7044987Z C:/mingw64/bin/../lib/gcc/x86_64-w64-mingw32/15.2.0/../../../../x86_64-w64-mingw32/bin/ld.exe: _deps/llm_client-build/CMakeFiles/llm_client_shared.dir/src/openai_client.cpp.obj:openai_client.cpp:(.text$_ZN10llm_client6detail16http_post_streamERKNSt7__cxx1112basic_stringIcSt11char_traitsIcESaIcEEERKSt3mapIS6_S6_N3cpr22CaseInsensitiveCompareESaISt4pairIS7_S6_EEERKN8nlohmann16json_abi_v3_12_010basic_jsonIS9_St6vectorS6_bxydSaNSJ_14adl_serializerESL_IhSaIhEEvEES8_St8functionIFvS8_EEii[_ZN10llm_client6detail16http_post_streamERKNSt7__cxx1112basic_stringIcSt11char_traitsIcESaIcEEERKSt3mapIS6_S6_N3cpr22CaseInsensitiveCompareESaISt4pairIS7_S6_EEERKN8nlohmann16json_abi_v3_12_010basic_jsonIS9_St6vectorS6_bxydSaNSJ_14adl_serializerESL_IhSaIhEEvEES8_St8functionIFvS8_EEii]+0x2a7a): undefined reference to `__imp__ZN6spdlog7details7log_msgC1ENS_10source_locEN3fmt3v1217basic_string_viewIcEENS_5level10level_enumES6_'
build-release-assets (windows-latest, windows, amd64, ragcli.exe)	UNKNOWN STEP	2026-07-27T16:40:19.7058004Z C:/mingw64/bin/../lib/gcc/x86_64-w64-mingw32/15.2.0/../../../../x86_64-w64-mingw32/bin/ld.exe: _deps/llm_client-build/CMakeFiles/llm_client_shared.dir/src/openai_client.cpp.obj:openai_client.cpp:(.text$_ZN10llm_client6detail16http_post_streamERKNSt7__cxx1112basic_stringIcSt11char_traitsIcESaIcEEERKSt3mapIS6_S6_N3cpr22CaseInsensitiveCompareESaISt4pairIS7_S6_EEERKN8nlohmann16json_abi_v3_12_010basic_jsonIS9_St6vectorS6_bxydSaNSJ_14adl_serializerESL_IhSaIhEEvEES8_St8functionIFvS8_EEii[_ZN10llm_client6detail16http_post_streamERKNSt7__cxx1112basic_stringIcSt11char_traitsIcESaIcEEERKSt3mapIS6_S6_N3cpr22CaseInsensitiveCompareESaISt4pairIS7_S6_EEERKN8nlohmann16json_abi_v3_12_010basic_jsonIS9_St6vectorS6_bxydSaNSJ_14adl_serializerESL_IhSaIhEEvEES8_St8functionIFvS8_EEii]+0x2a91): undefined reference to `__imp__ZN6spdlog6logger7log_it_ERKNS_7details7log_msgEbb'
build-release-assets (windows-latest, windows, amd64, ragcli.exe)	UNKNOWN STEP	2026-07-27T16:40:19.7071071Z C:/mingw64/bin/../lib/gcc/x86_64-w64-mingw32/15.2.0/../../../../x86_64-w64-mingw32/bin/ld.exe: _deps/llm_client-build/CMakeFiles/llm_client_shared.dir/src/openai_client.cpp.obj:openai_client.cpp:(.text$_ZN10llm_client6detail16http_post_streamERKNSt7__cxx1112basic_stringIcSt11char_traitsIcESaIcEEERKSt3mapIS6_S6_N3cpr22CaseInsensitiveCompareESaISt4pairIS7_S6_EEERKN8nlohmann16json_abi_v3_12_010basic_jsonIS9_St6vectorS6_bxydSaNSJ_14adl_serializerESL_IhSaIhEEvEES8_St8functionIFvS8_EEii[_ZN10llm_client6detail16http_post_streamERKNSt7__cxx1112basic_stringIcSt11char_traitsIcESaIcEEERKSt3mapIS6_S6_N3cpr22CaseInsensitiveCompareESaISt4pairIS7_S6_EEERKN8nlohmann16json_abi_v3_12_010basic_jsonIS9_St6vectorS6_bxydSaNSJ_14adl_serializerESL_IhSaIhEEvEES8_St8functionIFvS8_EEii]+0x3019): undefined reference to `__imp__ZNK6spdlog6logger12err_handler_ERKNSt7__cxx1112basic_stringIcSt11char_traitsIcESaIcEEE'
build-release-assets (windows-latest, windows, amd64, ragcli.exe)	UNKNOWN STEP	2026-07-27T16:40:19.7083269Z C:/mingw64/bin/../lib/gcc/x86_64-w64-mingw32/15.2.0/../../../../x86_64-w64-mingw32/bin/ld.exe: _deps/llm_client-build/CMakeFiles/llm_client_shared.dir/src/openai_client.cpp.obj:openai_client.cpp:(.text$_ZN10llm_client6detail16http_post_streamERKNSt7__cxx1112basic_stringIcSt11char_traitsIcESaIcEEERKSt3mapIS6_S6_N3cpr22CaseInsensitiveCompareESaISt4pairIS7_S6_EEERKN8nlohmann16json_abi_v3_12_010basic_jsonIS9_St6vectorS6_bxydSaNSJ_14adl_serializerESL_IhSaIhEEvEES8_St8functionIFvS8_EEii[_ZN10llm_client6detail16http_post_streamERKNSt7__cxx1112basic_stringIcSt11char_traitsIcESaIcEEERKSt3mapIS6_S6_N3cpr22CaseInsensitiveCompareESaISt4pairIS7_S6_EEERKN8nlohmann16json_abi_v3_12_010basic_jsonIS9_St6vectorS6_bxydSaNSJ_14adl_serializerESL_IhSaIhEEvEES8_St8functionIFvS8_EEii]+0x30c0): undefined reference to `__imp__ZNK6spdlog6logger12err_handler_ERKNSt7__cxx1112basic_stringIcSt11char_traitsIcESaIcEEE'
build-release-assets (windows-latest, windows, amd64, ragcli.exe)	UNKNOWN STEP	2026-07-27T16:40:19.7095680Z C:/mingw64/bin/../lib/gcc/x86_64-w64-mingw32/15.2.0/../../../../x86_64-w64-mingw32/bin/ld.exe: _deps/llm_client-build/CMakeFiles/llm_client_shared.dir/src/openai_client.cpp.obj:openai_client.cpp:(.text$_ZN10llm_client6detail16http_post_streamERKNSt7__cxx1112basic_stringIcSt11char_traitsIcESaIcEEERKSt3mapIS6_S6_N3cpr22CaseInsensitiveCompareESaISt4pairIS7_S6_EEERKN8nlohmann16json_abi_v3_12_010basic_jsonIS9_St6vectorS6_bxydSaNSJ_14adl_serializerESL_IhSaIhEEvEES8_St8functionIFvS8_EEii[_ZN10llm_client6detail16http_post_streamERKNSt7__cxx1112basic_stringIcSt11char_traitsIcESaIcEEERKSt3mapIS6_S6_N3cpr22CaseInsensitiveCompareESaISt4pairIS7_S6_EEERKN8nlohmann16json_abi_v3_12_010basic_jsonIS9_St6vectorS6_bxydSaNSJ_14adl_serializerESL_IhSaIhEEvEES8_St8functionIFvS8_EEii]+0x311c): undefined reference to `__imp__ZNK6spdlog6logger12err_handler_ERKNSt7__cxx1112basic_stringIcSt11char_traitsIcESaIcEEE'
build-release-assets (windows-latest, windows, amd64, ragcli.exe)	UNKNOWN STEP	2026-07-27T16:40:19.7109226Z C:/mingw64/bin/../lib/gcc/x86_64-w64-mingw32/15.2.0/../../../../x86_64-w64-mingw32/bin/ld.exe: _deps/llm_client-build/CMakeFiles/llm_client_shared.dir/src/openai_client.cpp.obj:openai_client.cpp:(.text$_ZN10llm_client6detail16http_post_streamERKNSt7__cxx1112basic_stringIcSt11char_traitsIcESaIcEEERKSt3mapIS6_S6_N3cpr22CaseInsensitiveCompareESaISt4pairIS7_S6_EEERKN8nlohmann16json_abi_v3_12_010basic_jsonIS9_St6vectorS6_bxydSaNSJ_14adl_serializerESL_IhSaIhEEvEES8_St8functionIFvS8_EEii[_ZN10llm_client6detail16http_post_streamERKNSt7__cxx1112basic_stringIcSt11char_traitsIcESaIcEEERKSt3mapIS6_S6_N3cpr22CaseInsensitiveCompareESaISt4pairIS7_S6_EEERKN8nlohmann16json_abi_v3_12_010basic_jsonIS9_St6vectorS6_bxydSaNSJ_14adl_serializerESL_IhSaIhEEvEES8_St8functionIFvS8_EEii]+0x3160): undefined reference to `__imp__ZNK6spdlog6logger12err_handler_ERKNSt7__cxx1112basic_stringIcSt11char_traitsIcESaIcEEE'
build-release-assets (windows-latest, windows, amd64, ragcli.exe)	UNKNOWN STEP	2026-07-27T16:40:19.7122460Z C:/mingw64/bin/../lib/gcc/x86_64-w64-mingw32/15.2.0/../../../../x86_64-w64-mingw32/bin/ld.exe: _deps/llm_client-build/CMakeFiles/llm_client_shared.dir/src/openai_client.cpp.obj:openai_client.cpp:(.text$_ZN10llm_client6detail16http_post_streamERKNSt7__cxx1112basic_stringIcSt11char_traitsIcESaIcEEERKSt3mapIS6_S6_N3cpr22CaseInsensitiveCompareESaISt4pairIS7_S6_EEERKN8nlohmann16json_abi_v3_12_010basic_jsonIS9_St6vectorS6_bxydSaNSJ_14adl_serializerESL_IhSaIhEEvEES8_St8functionIFvS8_EEii[_ZN10llm_client6detail16http_post_streamERKNSt7__cxx1112basic_stringIcSt11char_traitsIcESaIcEEERKSt3mapIS6_S6_N3cpr22CaseInsensitiveCompareESaISt4pairIS7_S6_EEERKN8nlohmann16json_abi_v3_12_010basic_jsonIS9_St6vectorS6_bxydSaNSJ_14adl_serializerESL_IhSaIhEEvEES8_St8functionIFvS8_EEii]+0x31dd): undefined reference to `__imp__ZNK6spdlog6logger12err_handler_ERKNSt7__cxx1112basic_stringIcSt11char_traitsIcESaIcEEE'
build-release-assets (windows-latest, windows, amd64, ragcli.exe)	UNKNOWN STEP	2026-07-27T16:40:19.7135382Z C:/mingw64/bin/../lib/gcc/x86_64-w64-mingw32/15.2.0/../../../../x86_64-w64-mingw32/bin/ld.exe: _deps/llm_client-build/CMakeFiles/llm_client_shared.dir/src/openai_client.cpp.obj:openai_client.cpp:(.text$_ZN10llm_client6detail16http_post_streamERKNSt7__cxx1112basic_stringIcSt11char_traitsIcESaIcEEERKSt3mapIS6_S6_N3cpr22CaseInsensitiveCompareESaISt4pairIS7_S6_EEERKN8nlohmann16json_abi_v3_12_010basic_jsonIS9_St6vectorS6_bxydSaNSJ_14adl_serializerESL_IhSaIhEEvEES8_St8functionIFvS8_EEii[_ZN10llm_client6detail16http_post_streamERKNSt7__cxx1112basic_stringIcSt11char_traitsIcESaIcEEERKSt3mapIS6_S6_N3cpr22CaseInsensitiveCompareESaISt4pairIS7_S6_EEERKN8nlohmann16json_abi_v3_12_010basic_jsonIS9_St6vectorS6_bxydSaNSJ_14adl_serializerESL_IhSaIhEEvEES8_St8functionIFvS8_EEii]+0x3221): more undefined references to `__imp__ZNK6spdlog6logger12err_handler_ERKNSt7__cxx1112basic_stringIcSt11char_traitsIcESaIcEEE' follow
build-release-assets (windows-latest, windows, amd64, ragcli.exe)	UNKNOWN STEP	2026-07-27T16:40:19.7147347Z C:/mingw64/bin/../lib/gcc/x86_64-w64-mingw32/15.2.0/../../../../x86_64-w64-mingw32/bin/ld.exe: _deps/llm_client-build/CMakeFiles/llm_client_shared.dir/src/openai_client.cpp.obj:openai_client.cpp:(.text$_ZN10llm_client6detail14http_post_jsonERKNSt7__cxx1112basic_stringIcSt11char_traitsIcESaIcEEERKSt3mapIS6_S6_N3cpr22CaseInsensitiveCompareESaISt4pairIS7_S6_EEERKN8nlohmann16json_abi_v3_12_010basic_jsonIS9_St6vectorS6_bxydSaNSJ_14adl_serializerESL_IhSaIhEEvEES8_ii[_ZN10llm_client6detail14http_post_jsonERKNSt7__cxx1112basic_stringIcSt11char_traitsIcESaIcEEERKSt3mapIS6_S6_N3cpr22CaseInsensitiveCompareESaISt4pairIS7_S6_EEERKN8nlohmann16json_abi_v3_12_010basic_jsonIS9_St6vectorS6_bxydSaNSJ_14adl_serializerESL_IhSaIhEEvEES8_ii]+0x22a): undefined reference to `__imp__ZNK6spdlog7details10backtracer7enabledEv'
build-release-assets (windows-latest, windows, amd64, ragcli.exe)	UNKNOWN STEP	2026-07-27T16:40:19.7158153Z C:/mingw64/bin/../lib/gcc/x86_64-w64-mingw32/15.2.0/../../../../x86_64-w64-mingw32/bin/ld.exe: _deps/llm_client-build/CMakeFiles/llm_client_shared.dir/src/openai_client.cpp.obj:openai_client.cpp:(.text$_ZN10llm_client6detail14http_post_jsonERKNSt7__cxx1112basic_stringIcSt11char_traitsIcESaIcEEERKSt3mapIS6_S6_N3cpr22CaseInsensitiveCompareESaISt4pairIS7_S6_EEERKN8nlohmann16json_abi_v3_12_010basic_jsonIS9_St6vectorS6_bxydSaNSJ_14adl_serializerESL_IhSaIhEEvEES8_ii[_ZN10llm_client6detail14http_post_jsonERKNSt7__cxx1112basic_stringIcSt11char_traitsIcESaIcEEERKSt3mapIS6_S6_N3cpr22CaseInsensitiveCompareESaISt4pairIS7_S6_EEERKN8nlohmann16json_abi_v3_12_010basic_jsonIS9_St6vectorS6_bxydSaNSJ_14adl_serializerESL_IhSaIhEEvEES8_ii]+0x508): undefined reference to `cpr::Session::Session()'
build-release-assets (windows-latest, windows, amd64, ragcli.exe)	UNKNOWN STEP	2026-07-27T16:40:19.7169180Z C:/mingw64/bin/../lib/gcc/x86_64-w64-mingw32/15.2.0/../../../../x86_64-w64-mingw32/bin/ld.exe: _deps/llm_client-build/CMakeFiles/llm_client_shared.dir/src/openai_client.cpp.obj:openai_client.cpp:(.text$_ZN10llm_client6detail14http_post_jsonERKNSt7__cxx1112basic_stringIcSt11char_traitsIcESaIcEEERKSt3mapIS6_S6_N3cpr22CaseInsensitiveCompareESaISt4pairIS7_S6_EEERKN8nlohmann16json_abi_v3_12_010basic_jsonIS9_St6vectorS6_bxydSaNSJ_14adl_serializerESL_IhSaIhEEvEES8_ii[_ZN10llm_client6detail14http_post_jsonERKNSt7__cxx1112basic_stringIcSt11char_traitsIcESaIcEEERKSt3mapIS6_S6_N3cpr22CaseInsensitiveCompareESaISt4pairIS7_S6_EEERKN8nlohmann16json_abi_v3_12_010basic_jsonIS9_St6vectorS6_bxydSaNSJ_14adl_serializerESL_IhSaIhEEvEES8_ii]+0x722): undefined reference to `cpr::Session::SetUrl(cpr::Url const&)'
build-release-assets (windows-latest, windows, amd64, ragcli.exe)	UNKNOWN STEP	2026-07-27T16:40:19.7182930Z C:/mingw64/bin/../lib/gcc/x86_64-w64-mingw32/15.2.0/../../../../x86_64-w64-mingw32/bin/ld.exe: _deps/llm_client-build/CMakeFiles/llm_client_shared.dir/src/openai_client.cpp.obj:openai_client.cpp:(.text$_ZN10llm_client6detail14http_post_jsonERKNSt7__cxx1112basic_stringIcSt11char_traitsIcESaIcEEERKSt3mapIS6_S6_N3cpr22CaseInsensitiveCompareESaISt4pairIS7_S6_EEERKN8nlohmann16json_abi_v3_12_010basic_jsonIS9_St6vectorS6_bxydSaNSJ_14adl_serializerESL_IhSaIhEEvEES8_ii[_ZN10llm_client6detail14http_post_jsonERKNSt7__cxx1112basic_stringIcSt11char_traitsIcESaIcEEERKSt3mapIS6_S6_N3cpr22CaseInsensitiveCompareESaISt4pairIS7_S6_EEERKN8nlohmann16json_abi_v3_12_010basic_jsonIS9_St6vectorS6_bxydSaNSJ_14adl_serializerESL_IhSaIhEEvEES8_ii]+0x751): undefined reference to `cpr::Session::SetHeader(std::map<std::__cxx11::basic_string<char, std::char_traits<char>, std::allocator<char> >, std::__cxx11::basic_string<char, std::char_traits<char>, std::allocator<char> >, cpr::CaseInsensitiveCompare, std::allocator<std::pair<std::__cxx11::basic_string<char, std::char_traits<char>, std::allocator<char> > const, std::__cxx11::basic_string<char, std::char_traits<char>, std::allocator<char> > > > > const&)'
build-release-assets (windows-latest, windows, amd64, ragcli.exe)	UNKNOWN STEP	2026-07-27T16:40:19.7196733Z C:/mingw64/bin/../lib/gcc/x86_64-w64-mingw32/15.2.0/../../../../x86_64-w64-mingw32/bin/ld.exe: _deps/llm_client-build/CMakeFiles/llm_client_shared.dir/src/openai_client.cpp.obj:openai_client.cpp:(.text$_ZN10llm_client6detail14http_post_jsonERKNSt7__cxx1112basic_stringIcSt11char_traitsIcESaIcEEERKSt3mapIS6_S6_N3cpr22CaseInsensitiveCompareESaISt4pairIS7_S6_EEERKN8nlohmann16json_abi_v3_12_010basic_jsonIS9_St6vectorS6_bxydSaNSJ_14adl_serializerESL_IhSaIhEEvEES8_ii[_ZN10llm_client6detail14http_post_jsonERKNSt7__cxx1112basic_stringIcSt11char_traitsIcESaIcEEERKSt3mapIS6_S6_N3cpr22CaseInsensitiveCompareESaISt4pairIS7_S6_EEERKN8nlohmann16json_abi_v3_12_010basic_jsonIS9_St6vectorS6_bxydSaNSJ_14adl_serializerESL_IhSaIhEEvEES8_ii]+0x93b): undefined reference to `cpr::Session::SetBody(cpr::Body&&)'
build-release-assets (windows-latest, windows, amd64, ragcli.exe)	UNKNOWN STEP	2026-07-27T16:40:19.7208347Z C:/mingw64/bin/../lib/gcc/x86_64-w64-mingw32/15.2.0/../../../../x86_64-w64-mingw32/bin/ld.exe: _deps/llm_client-build/CMakeFiles/llm_client_shared.dir/src/openai_client.cpp.obj:openai_client.cpp:(.text$_ZN10llm_client6detail14http_post_jsonERKNSt7__cxx1112basic_stringIcSt11char_traitsIcESaIcEEERKSt3mapIS6_S6_N3cpr22CaseInsensitiveCompareESaISt4pairIS7_S6_EEERKN8nlohmann16json_abi_v3_12_010basic_jsonIS9_St6vectorS6_bxydSaNSJ_14adl_serializerESL_IhSaIhEEvEES8_ii[_ZN10llm_client6detail14http_post_jsonERKNSt7__cxx1112basic_stringIcSt11char_traitsIcESaIcEEERKSt3mapIS6_S6_N3cpr22CaseInsensitiveCompareESaISt4pairIS7_S6_EEERKN8nlohmann16json_abi_v3_12_010basic_jsonIS9_St6vectorS6_bxydSaNSJ_14adl_serializerESL_IhSaIhEEvEES8_ii]+0x973): undefined reference to `cpr::Session::SetTimeout(cpr::Timeout const&)'
build-release-assets (windows-latest, windows, amd64, ragcli.exe)	UNKNOWN STEP	2026-07-27T16:40:19.7219150Z C:/mingw64/bin/../lib/gcc/x86_64-w64-mingw32/15.2.0/../../../../x86_64-w64-mingw32/bin/ld.exe: _deps/llm_client-build/CMakeFiles/llm_client_shared.dir/src/openai_client.cpp.obj:openai_client.cpp:(.text$_ZN10llm_client6detail14http_post_jsonERKNSt7__cxx1112basic_stringIcSt11char_traitsIcESaIcEEERKSt3mapIS6_S6_N3cpr22CaseInsensitiveCompareESaISt4pairIS7_S6_EEERKN8nlohmann16json_abi_v3_12_010basic_jsonIS9_St6vectorS6_bxydSaNSJ_14adl_serializerESL_IhSaIhEEvEES8_ii[_ZN10llm_client6detail14http_post_jsonERKNSt7__cxx1112basic_stringIcSt11char_traitsIcESaIcEEERKSt3mapIS6_S6_N3cpr22CaseInsensitiveCompareESaISt4pairIS7_S6_EEERKN8nlohmann16json_abi_v3_12_010basic_jsonIS9_St6vectorS6_bxydSaNSJ_14adl_serializerESL_IhSaIhEEvEES8_ii]+0x999): undefined reference to `cpr::Session::Post()'
build-release-assets (windows-latest, windows, amd64, ragcli.exe)	UNKNOWN STEP	2026-07-27T16:40:19.7231905Z C:/mingw64/bin/../lib/gcc/x86_64-w64-mingw32/15.2.0/../../../../x86_64-w64-mingw32/bin/ld.exe: _deps/llm_client-build/CMakeFiles/llm_client_shared.dir/src/openai_client.cpp.obj:openai_client.cpp:(.text$_ZN10llm_client6detail14http_post_jsonERKNSt7__cxx1112basic_stringIcSt11char_traitsIcESaIcEEERKSt3mapIS6_S6_N3cpr22CaseInsensitiveCompareESaISt4pairIS7_S6_EEERKN8nlohmann16json_abi_v3_12_010basic_jsonIS9_St6vectorS6_bxydSaNSJ_14adl_serializerESL_IhSaIhEEvEES8_ii[_ZN10llm_client6detail14http_post_jsonERKNSt7__cxx1112basic_stringIcSt11char_traitsIcESaIcEEERKSt3mapIS6_S6_N3cpr22CaseInsensitiveCompareESaISt4pairIS7_S6_EEERKN8nlohmann16json_abi_v3_12_010basic_jsonIS9_St6vectorS6_bxydSaNSJ_14adl_serializerESL_IhSaIhEEvEES8_ii]+0x12bc): undefined reference to `__imp__ZN3fmt3v126detail10vformat_toERNS1_6bufferIcEENS0_17basic_string_viewIcEENS0_17basic_format_argsINS0_7contextEEENS0_10locale_refE'
build-release-assets (windows-latest, windows, amd64, ragcli.exe)	UNKNOWN STEP	2026-07-27T16:40:19.7244370Z C:/mingw64/bin/../lib/gcc/x86_64-w64-mingw32/15.2.0/../../../../x86_64-w64-mingw32/bin/ld.exe: _deps/llm_client-build/CMakeFiles/llm_client_shared.dir/src/openai_client.cpp.obj:openai_client.cpp:(.text$_ZN10llm_client6detail14http_post_jsonERKNSt7__cxx1112basic_stringIcSt11char_traitsIcESaIcEEERKSt3mapIS6_S6_N3cpr22CaseInsensitiveCompareESaISt4pairIS7_S6_EEERKN8nlohmann16json_abi_v3_12_010basic_jsonIS9_St6vectorS6_bxydSaNSJ_14adl_serializerESL_IhSaIhEEvEES8_ii[_ZN10llm_client6detail14http_post_jsonERKNSt7__cxx1112basic_stringIcSt11char_traitsIcESaIcEEERKSt3mapIS6_S6_N3cpr22CaseInsensitiveCompareESaISt4pairIS7_S6_EEERKN8nlohmann16json_abi_v3_12_010basic_jsonIS9_St6vectorS6_bxydSaNSJ_14adl_serializerESL_IhSaIhEEvEES8_ii]+0x134d): undefined reference to `__imp__ZN6spdlog7details7log_msgC1ENS_10source_locEN3fmt3v1217basic_string_viewIcEENS_5level10level_enumES6_'
build-release-assets (windows-latest, windows, amd64, ragcli.exe)	UNKNOWN STEP	2026-07-27T16:40:19.7255783Z C:/mingw64/bin/../lib/gcc/x86_64-w64-mingw32/15.2.0/../../../../x86_64-w64-mingw32/bin/ld.exe: _deps/llm_client-build/CMakeFiles/llm_client_shared.dir/src/openai_client.cpp.obj:openai_client.cpp:(.text$_ZN10llm_client6detail14http_post_jsonERKNSt7__cxx1112basic_stringIcSt11char_traitsIcESaIcEEERKSt3mapIS6_S6_N3cpr22CaseInsensitiveCompareESaISt4pairIS7_S6_EEERKN8nlohmann16json_abi_v3_12_010basic_jsonIS9_St6vectorS6_bxydSaNSJ_14adl_serializerESL_IhSaIhEEvEES8_ii[_ZN10llm_client6detail14http_post_jsonERKNSt7__cxx1112basic_stringIcSt11char_traitsIcESaIcEEERKSt3mapIS6_S6_N3cpr22CaseInsensitiveCompareESaISt4pairIS7_S6_EEERKN8nlohmann16json_abi_v3_12_010basic_jsonIS9_St6vectorS6_bxydSaNSJ_14adl_serializerESL_IhSaIhEEvEES8_ii]+0x1364): undefined reference to `__imp__ZN6spdlog6logger7log_it_ERKNS_7details7log_msgEbb'
build-release-assets (windows-latest, windows, amd64, ragcli.exe)	UNKNOWN STEP	2026-07-27T16:40:19.7267590Z C:/mingw64/bin/../lib/gcc/x86_64-w64-mingw32/15.2.0/../../../../x86_64-w64-mingw32/bin/ld.exe: _deps/llm_client-build/CMakeFiles/llm_client_shared.dir/src/openai_client.cpp.obj:openai_client.cpp:(.text$_ZN10llm_client6detail14http_post_jsonERKNSt7__cxx1112basic_stringIcSt11char_traitsIcESaIcEEERKSt3mapIS6_S6_N3cpr22CaseInsensitiveCompareESaISt4pairIS7_S6_EEERKN8nlohmann16json_abi_v3_12_010basic_jsonIS9_St6vectorS6_bxydSaNSJ_14adl_serializerESL_IhSaIhEEvEES8_ii[_ZN10llm_client6detail14http_post_jsonERKNSt7__cxx1112basic_stringIcSt11char_traitsIcESaIcEEERKSt3mapIS6_S6_N3cpr22CaseInsensitiveCompareESaISt4pairIS7_S6_EEERKN8nlohmann16json_abi_v3_12_010basic_jsonIS9_St6vectorS6_bxydSaNSJ_14adl_serializerESL_IhSaIhEEvEES8_ii]+0x1466): undefined reference to `__imp__ZN3fmt3v126detail10vformat_toERNS1_6bufferIcEENS0_17basic_string_viewIcEENS0_17basic_format_argsINS0_7contextEEENS0_10locale_refE'
build-release-assets (windows-latest, windows, amd64, ragcli.exe)	UNKNOWN STEP	2026-07-27T16:40:19.7279551Z C:/mingw64/bin/../lib/gcc/x86_64-w64-mingw32/15.2.0/../../../../x86_64-w64-mingw32/bin/ld.exe: _deps/llm_client-build/CMakeFiles/llm_client_shared.dir/src/openai_client.cpp.obj:openai_client.cpp:(.text$_ZN10llm_client6detail14http_post_jsonERKNSt7__cxx1112basic_stringIcSt11char_traitsIcESaIcEEERKSt3mapIS6_S6_N3cpr22CaseInsensitiveCompareESaISt4pairIS7_S6_EEERKN8nlohmann16json_abi_v3_12_010basic_jsonIS9_St6vectorS6_bxydSaNSJ_14adl_serializerESL_IhSaIhEEvEES8_ii[_ZN10llm_client6detail14http_post_jsonERKNSt7__cxx1112basic_stringIcSt11char_traitsIcESaIcEEERKSt3mapIS6_S6_N3cpr22CaseInsensitiveCompareESaISt4pairIS7_S6_EEERKN8nlohmann16json_abi_v3_12_010basic_jsonIS9_St6vectorS6_bxydSaNSJ_14adl_serializerESL_IhSaIhEEvEES8_ii]+0x14fa): undefined reference to `__imp__ZN6spdlog7details7log_msgC1ENS_10source_locEN3fmt3v1217basic_string_viewIcEENS_5level10level_enumES6_'
build-release-assets (windows-latest, windows, amd64, ragcli.exe)	UNKNOWN STEP	2026-07-27T16:40:19.7292645Z C:/mingw64/bin/../lib/gcc/x86_64-w64-mingw32/15.2.0/../../../../x86_64-w64-mingw32/bin/ld.exe: _deps/llm_client-build/CMakeFiles/llm_client_shared.dir/src/openai_client.cpp.obj:openai_client.cpp:(.text$_ZN10llm_client6detail14http_post_jsonERKNSt7__cxx1112basic_stringIcSt11char_traitsIcESaIcEEERKSt3mapIS6_S6_N3cpr22CaseInsensitiveCompareESaISt4pairIS7_S6_EEERKN8nlohmann16json_abi_v3_12_010basic_jsonIS9_St6vectorS6_bxydSaNSJ_14adl_serializerESL_IhSaIhEEvEES8_ii[_ZN10llm_client6detail14http_post_jsonERKNSt7__cxx1112basic_stringIcSt11char_traitsIcESaIcEEERKSt3mapIS6_S6_N3cpr22CaseInsensitiveCompareESaISt4pairIS7_S6_EEERKN8nlohmann16json_abi_v3_12_010basic_jsonIS9_St6vectorS6_bxydSaNSJ_14adl_serializerESL_IhSaIhEEvEES8_ii]+0x1511): undefined reference to `__imp__ZN6spdlog6logger7log_it_ERKNS_7details7log_msgEbb'
build-release-assets (windows-latest, windows, amd64, ragcli.exe)	UNKNOWN STEP	2026-07-27T16:40:19.7305023Z C:/mingw64/bin/../lib/gcc/x86_64-w64-mingw32/15.2.0/../../../../x86_64-w64-mingw32/bin/ld.exe: _deps/llm_client-build/CMakeFiles/llm_client_shared.dir/src/openai_client.cpp.obj:openai_client.cpp:(.text$_ZN10llm_client6detail14http_post_jsonERKNSt7__cxx1112basic_stringIcSt11char_traitsIcESaIcEEERKSt3mapIS6_S6_N3cpr22CaseInsensitiveCompareESaISt4pairIS7_S6_EEERKN8nlohmann16json_abi_v3_12_010basic_jsonIS9_St6vectorS6_bxydSaNSJ_14adl_serializerESL_IhSaIhEEvEES8_ii[_ZN10llm_client6detail14http_post_jsonERKNSt7__cxx1112basic_stringIcSt11char_traitsIcESaIcEEERKSt3mapIS6_S6_N3cpr22CaseInsensitiveCompareESaISt4pairIS7_S6_EEERKN8nlohmann16json_abi_v3_12_010basic_jsonIS9_St6vectorS6_bxydSaNSJ_14adl_serializerESL_IhSaIhEEvEES8_ii]+0x15b4): undefined reference to `cpr::CaseInsensitiveCompare::operator()(std::__cxx11::basic_string<char, std::char_traits<char>, std::allocator<char> > const&, std::__cxx11::basic_string<char, std::char_traits<char>, std::allocator<char> > const&) const'
build-release-assets (windows-latest, windows, amd64, ragcli.exe)	UNKNOWN STEP	2026-07-27T16:40:19.7318020Z C:/mingw64/bin/../lib/gcc/x86_64-w64-mingw32/15.2.0/../../../../x86_64-w64-mingw32/bin/ld.exe: _deps/llm_client-build/CMakeFiles/llm_client_shared.dir/src/openai_client.cpp.obj:openai_client.cpp:(.text$_ZN10llm_client6detail14http_post_jsonERKNSt7__cxx1112basic_stringIcSt11char_traitsIcESaIcEEERKSt3mapIS6_S6_N3cpr22CaseInsensitiveCompareESaISt4pairIS7_S6_EEERKN8nlohmann16json_abi_v3_12_010basic_jsonIS9_St6vectorS6_bxydSaNSJ_14adl_serializerESL_IhSaIhEEvEES8_ii[_ZN10llm_client6detail14http_post_jsonERKNSt7__cxx1112basic_stringIcSt11char_traitsIcESaIcEEERKSt3mapIS6_S6_N3cpr22CaseInsensitiveCompareESaISt4pairIS7_S6_EEERKN8nlohmann16json_abi_v3_12_010basic_jsonIS9_St6vectorS6_bxydSaNSJ_14adl_serializerESL_IhSaIhEEvEES8_ii]+0x15e9): undefined reference to `cpr::CaseInsensitiveCompare::operator()(std::__cxx11::basic_string<char, std::char_traits<char>, std::allocator<char> > const&, std::__cxx11::basic_string<char, std::char_traits<char>, std::allocator<char> > const&) const'
build-release-assets (windows-latest, windows, amd64, ragcli.exe)	UNKNOWN STEP	2026-07-27T16:40:19.7330940Z C:/mingw64/bin/../lib/gcc/x86_64-w64-mingw32/15.2.0/../../../../x86_64-w64-mingw32/bin/ld.exe: _deps/llm_client-build/CMakeFiles/llm_client_shared.dir/src/openai_client.cpp.obj:openai_client.cpp:(.text$_ZN10llm_client6detail14http_post_jsonERKNSt7__cxx1112basic_stringIcSt11char_traitsIcESaIcEEERKSt3mapIS6_S6_N3cpr22CaseInsensitiveCompareESaISt4pairIS7_S6_EEERKN8nlohmann16json_abi_v3_12_010basic_jsonIS9_St6vectorS6_bxydSaNSJ_14adl_serializerESL_IhSaIhEEvEES8_ii[_ZN10llm_client6detail14http_post_jsonERKNSt7__cxx1112basic_stringIcSt11char_traitsIcESaIcEEERKSt3mapIS6_S6_N3cpr22CaseInsensitiveCompareESaISt4pairIS7_S6_EEERKN8nlohmann16json_abi_v3_12_010basic_jsonIS9_St6vectorS6_bxydSaNSJ_14adl_serializerESL_IhSaIhEEvEES8_ii]+0x17f2): undefined reference to `__imp__ZN3fmt3v126detail10vformat_toERNS1_6bufferIcEENS0_17basic_string_viewIcEENS0_17basic_format_argsINS0_7contextEEENS0_10locale_refE'
build-release-assets (windows-latest, windows, amd64, ragcli.exe)	UNKNOWN STEP	2026-07-27T16:40:19.7343625Z C:/mingw64/bin/../lib/gcc/x86_64-w64-mingw32/15.2.0/../../../../x86_64-w64-mingw32/bin/ld.exe: _deps/llm_client-build/CMakeFiles/llm_client_shared.dir/src/openai_client.cpp.obj:openai_client.cpp:(.text$_ZN10llm_client6detail14http_post_jsonERKNSt7__cxx1112basic_stringIcSt11char_traitsIcESaIcEEERKSt3mapIS6_S6_N3cpr22CaseInsensitiveCompareESaISt4pairIS7_S6_EEERKN8nlohmann16json_abi_v3_12_010basic_jsonIS9_St6vectorS6_bxydSaNSJ_14adl_serializerESL_IhSaIhEEvEES8_ii[_ZN10llm_client6detail14http_post_jsonERKNSt7__cxx1112basic_stringIcSt11char_traitsIcESaIcEEERKSt3mapIS6_S6_N3cpr22CaseInsensitiveCompareESaISt4pairIS7_S6_EEERKN8nlohmann16json_abi_v3_12_010basic_jsonIS9_St6vectorS6_bxydSaNSJ_14adl_serializerESL_IhSaIhEEvEES8_ii]+0x188b): undefined reference to `__imp__ZN6spdlog7details7log_msgC1ENS_10source_locEN3fmt3v1217basic_string_viewIcEENS_5level10level_enumES6_'
build-release-assets (windows-latest, windows, amd64, ragcli.exe)	UNKNOWN STEP	2026-07-27T16:40:19.7355356Z C:/mingw64/bin/../lib/gcc/x86_64-w64-mingw32/15.2.0/../../../../x86_64-w64-mingw32/bin/ld.exe: _deps/llm_client-build/CMakeFiles/llm_client_shared.dir/src/openai_client.cpp.obj:openai_client.cpp:(.text$_ZN10llm_client6detail14http_post_jsonERKNSt7__cxx1112basic_stringIcSt11char_traitsIcESaIcEEERKSt3mapIS6_S6_N3cpr22CaseInsensitiveCompareESaISt4pairIS7_S6_EEERKN8nlohmann16json_abi_v3_12_010basic_jsonIS9_St6vectorS6_bxydSaNSJ_14adl_serializerESL_IhSaIhEEvEES8_ii[_ZN10llm_client6detail14http_post_jsonERKNSt7__cxx1112basic_stringIcSt11char_traitsIcESaIcEEERKSt3mapIS6_S6_N3cpr22CaseInsensitiveCompareESaISt4pairIS7_S6_EEERKN8nlohmann16json_abi_v3_12_010basic_jsonIS9_St6vectorS6_bxydSaNSJ_14adl_serializerESL_IhSaIhEEvEES8_ii]+0x18a7): undefined reference to `__imp__ZN6spdlog6logger7log_it_ERKNS_7details7log_msgEbb'
build-release-assets (windows-latest, windows, amd64, ragcli.exe)	UNKNOWN STEP	2026-07-27T16:40:19.7367239Z C:/mingw64/bin/../lib/gcc/x86_64-w64-mingw32/15.2.0/../../../../x86_64-w64-mingw32/bin/ld.exe: _deps/llm_client-build/CMakeFiles/llm_client_shared.dir/src/openai_client.cpp.obj:openai_client.cpp:(.text$_ZN10llm_client6detail14http_post_jsonERKNSt7__cxx1112basic_stringIcSt11char_traitsIcESaIcEEERKSt3mapIS6_S6_N3cpr22CaseInsensitiveCompareESaISt4pairIS7_S6_EEERKN8nlohmann16json_abi_v3_12_010basic_jsonIS9_St6vectorS6_bxydSaNSJ_14adl_serializerESL_IhSaIhEEvEES8_ii[_ZN10llm_client6detail14http_post_jsonERKNSt7__cxx1112basic_stringIcSt11char_traitsIcESaIcEEERKSt3mapIS6_S6_N3cpr22CaseInsensitiveCompareESaISt4pairIS7_S6_EEERKN8nlohmann16json_abi_v3_12_010basic_jsonIS9_St6vectorS6_bxydSaNSJ_14adl_serializerESL_IhSaIhEEvEES8_ii]+0x25ab): undefined reference to `__imp__ZN3fmt3v126detail10vformat_toERNS1_6bufferIcEENS0_17basic_string_viewIcEENS0_17basic_format_argsINS0_7contextEEENS0_10locale_refE'
build-release-assets (windows-latest, windows, amd64, ragcli.exe)	UNKNOWN STEP	2026-07-27T16:40:19.7379219Z C:/mingw64/bin/../lib/gcc/x86_64-w64-mingw32/15.2.0/../../../../x86_64-w64-mingw32/bin/ld.exe: _deps/llm_client-build/CMakeFiles/llm_client_shared.dir/src/openai_client.cpp.obj:openai_client.cpp:(.text$_ZN10llm_client6detail14http_post_jsonERKNSt7__cxx1112basic_stringIcSt11char_traitsIcESaIcEEERKSt3mapIS6_S6_N3cpr22CaseInsensitiveCompareESaISt4pairIS7_S6_EEERKN8nlohmann16json_abi_v3_12_010basic_jsonIS9_St6vectorS6_bxydSaNSJ_14adl_serializerESL_IhSaIhEEvEES8_ii[_ZN10llm_client6detail14http_post_jsonERKNSt7__cxx1112basic_stringIcSt11char_traitsIcESaIcEEERKSt3mapIS6_S6_N3cpr22CaseInsensitiveCompareESaISt4pairIS7_S6_EEERKN8nlohmann16json_abi_v3_12_010basic_jsonIS9_St6vectorS6_bxydSaNSJ_14adl_serializerESL_IhSaIhEEvEES8_ii]+0x263f): undefined reference to `__imp__ZN6spdlog7details7log_msgC1ENS_10source_locEN3fmt3v1217basic_string_viewIcEENS_5level10level_enumES6_'
build-release-assets (windows-latest, windows, amd64, ragcli.exe)	UNKNOWN STEP	2026-07-27T16:40:19.7391272Z C:/mingw64/bin/../lib/gcc/x86_64-w64-mingw32/15.2.0/../../../../x86_64-w64-mingw32/bin/ld.exe: _deps/llm_client-build/CMakeFiles/llm_client_shared.dir/src/openai_client.cpp.obj:openai_client.cpp:(.text$_ZN10llm_client6detail14http_post_jsonERKNSt7__cxx1112basic_stringIcSt11char_traitsIcESaIcEEERKSt3mapIS6_S6_N3cpr22CaseInsensitiveCompareESaISt4pairIS7_S6_EEERKN8nlohmann16json_abi_v3_12_010basic_jsonIS9_St6vectorS6_bxydSaNSJ_14adl_serializerESL_IhSaIhEEvEES8_ii[_ZN10llm_client6detail14http_post_jsonERKNSt7__cxx1112basic_stringIcSt11char_traitsIcESaIcEEERKSt3mapIS6_S6_N3cpr22CaseInsensitiveCompareESaISt4pairIS7_S6_EEERKN8nlohmann16json_abi_v3_12_010basic_jsonIS9_St6vectorS6_bxydSaNSJ_14adl_serializerESL_IhSaIhEEvEES8_ii]+0x2656): undefined reference to `__imp__ZN6spdlog6logger7log_it_ERKNS_7details7log_msgEbb'
build-release-assets (windows-latest, windows, amd64, ragcli.exe)	UNKNOWN STEP	2026-07-27T16:40:19.7402964Z C:/mingw64/bin/../lib/gcc/x86_64-w64-mingw32/15.2.0/../../../../x86_64-w64-mingw32/bin/ld.exe: _deps/llm_client-build/CMakeFiles/llm_client_shared.dir/src/openai_client.cpp.obj:openai_client.cpp:(.text$_ZN10llm_client6detail14http_post_jsonERKNSt7__cxx1112basic_stringIcSt11char_traitsIcESaIcEEERKSt3mapIS6_S6_N3cpr22CaseInsensitiveCompareESaISt4pairIS7_S6_EEERKN8nlohmann16json_abi_v3_12_010basic_jsonIS9_St6vectorS6_bxydSaNSJ_14adl_serializerESL_IhSaIhEEvEES8_ii[_ZN10llm_client6detail14http_post_jsonERKNSt7__cxx1112basic_stringIcSt11char_traitsIcESaIcEEERKSt3mapIS6_S6_N3cpr22CaseInsensitiveCompareESaISt4pairIS7_S6_EEERKN8nlohmann16json_abi_v3_12_010basic_jsonIS9_St6vectorS6_bxydSaNSJ_14adl_serializerESL_IhSaIhEEvEES8_ii]+0x2ac3): undefined reference to `__imp__ZNK6spdlog6logger12err_handler_ERKNSt7__cxx1112basic_stringIcSt11char_traitsIcESaIcEEE'
build-release-assets (windows-latest, windows, amd64, ragcli.exe)	UNKNOWN STEP	2026-07-27T16:40:19.7414565Z C:/mingw64/bin/../lib/gcc/x86_64-w64-mingw32/15.2.0/../../../../x86_64-w64-mingw32/bin/ld.exe: _deps/llm_client-build/CMakeFiles/llm_client_shared.dir/src/openai_client.cpp.obj:openai_client.cpp:(.text$_ZN10llm_client6detail14http_post_jsonERKNSt7__cxx1112basic_stringIcSt11char_traitsIcESaIcEEERKSt3mapIS6_S6_N3cpr22CaseInsensitiveCompareESaISt4pairIS7_S6_EEERKN8nlohmann16json_abi_v3_12_010basic_jsonIS9_St6vectorS6_bxydSaNSJ_14adl_serializerESL_IhSaIhEEvEES8_ii[_ZN10llm_client6detail14http_post_jsonERKNSt7__cxx1112basic_stringIcSt11char_traitsIcESaIcEEERKSt3mapIS6_S6_N3cpr22CaseInsensitiveCompareESaISt4pairIS7_S6_EEERKN8nlohmann16json_abi_v3_12_010basic_jsonIS9_St6vectorS6_bxydSaNSJ_14adl_serializerESL_IhSaIhEEvEES8_ii]+0x2b20): undefined reference to `__imp__ZNK6spdlog6logger12err_handler_ERKNSt7__cxx1112basic_stringIcSt11char_traitsIcESaIcEEE'
build-release-assets (windows-latest, windows, amd64, ragcli.exe)	UNKNOWN STEP	2026-07-27T16:40:19.7433185Z C:/mingw64/bin/../lib/gcc/x86_64-w64-mingw32/15.2.0/../../../../x86_64-w64-mingw32/bin/ld.exe: _deps/llm_client-build/CMakeFiles/llm_client_shared.dir/src/openai_client.cpp.obj:openai_client.cpp:(.text$_ZN10llm_client6detail14http_post_jsonERKNSt7__cxx1112basic_stringIcSt11char_traitsIcESaIcEEERKSt3mapIS6_S6_N3cpr22CaseInsensitiveCompareESaISt4pairIS7_S6_EEERKN8nlohmann16json_abi_v3_12_010basic_jsonIS9_St6vectorS6_bxydSaNSJ_14adl_serializerESL_IhSaIhEEvEES8_ii[_ZN10llm_client6detail14http_post_jsonERKNSt7__cxx1112basic_stringIcSt11char_traitsIcESaIcEEERKSt3mapIS6_S6_N3cpr22CaseInsensitiveCompareESaISt4pairIS7_S6_EEERKN8nlohmann16json_abi_v3_12_010basic_jsonIS9_St6vectorS6_bxydSaNSJ_14adl_serializerESL_IhSaIhEEvEES8_ii]+0x2ba6): undefined reference to `__imp__ZNK6spdlog6logger12err_handler_ERKNSt7__cxx1112basic_stringIcSt11char_traitsIcESaIcEEE'
build-release-assets (windows-latest, windows, amd64, ragcli.exe)	UNKNOWN STEP	2026-07-27T16:40:19.7445092Z C:/mingw64/bin/../lib/gcc/x86_64-w64-mingw32/15.2.0/../../../../x86_64-w64-mingw32/bin/ld.exe: _deps/llm_client-build/CMakeFiles/llm_client_shared.dir/src/openai_client.cpp.obj:openai_client.cpp:(.text$_ZN10llm_client6detail14http_post_jsonERKNSt7__cxx1112basic_stringIcSt11char_traitsIcESaIcEEERKSt3mapIS6_S6_N3cpr22CaseInsensitiveCompareESaISt4pairIS7_S6_EEERKN8nlohmann16json_abi_v3_12_010basic_jsonIS9_St6vectorS6_bxydSaNSJ_14adl_serializerESL_IhSaIhEEvEES8_ii[_ZN10llm_client6detail14http_post_jsonERKNSt7__cxx1112basic_stringIcSt11char_traitsIcESaIcEEERKSt3mapIS6_S6_N3cpr22CaseInsensitiveCompareESaISt4pairIS7_S6_EEERKN8nlohmann16json_abi_v3_12_010basic_jsonIS9_St6vectorS6_bxydSaNSJ_14adl_serializerESL_IhSaIhEEvEES8_ii]+0x2cca): undefined reference to `__imp__ZNK6spdlog6logger12err_handler_ERKNSt7__cxx1112basic_stringIcSt11char_traitsIcESaIcEEE'
build-release-assets (windows-latest, windows, amd64, ragcli.exe)	UNKNOWN STEP	2026-07-27T16:40:19.7456841Z C:/mingw64/bin/../lib/gcc/x86_64-w64-mingw32/15.2.0/../../../../x86_64-w64-mingw32/bin/ld.exe: _deps/llm_client-build/CMakeFiles/llm_client_shared.dir/src/openai_client.cpp.obj:openai_client.cpp:(.text$_ZN10llm_client6detail14http_post_jsonERKNSt7__cxx1112basic_stringIcSt11char_traitsIcESaIcEEERKSt3mapIS6_S6_N3cpr22CaseInsensitiveCompareESaISt4pairIS7_S6_EEERKN8nlohmann16json_abi_v3_12_010basic_jsonIS9_St6vectorS6_bxydSaNSJ_14adl_serializerESL_IhSaIhEEvEES8_ii[_ZN10llm_client6detail14http_post_jsonERKNSt7__cxx1112basic_stringIcSt11char_traitsIcESaIcEEERKSt3mapIS6_S6_N3cpr22CaseInsensitiveCompareESaISt4pairIS7_S6_EEERKN8nlohmann16json_abi_v3_12_010basic_jsonIS9_St6vectorS6_bxydSaNSJ_14adl_serializerESL_IhSaIhEEvEES8_ii]+0x2e2d): undefined reference to `__imp__ZNK6spdlog6logger12err_handler_ERKNSt7__cxx1112basic_stringIcSt11char_traitsIcESaIcEEE'
build-release-assets (windows-latest, windows, amd64, ragcli.exe)	UNKNOWN STEP	2026-07-27T16:40:19.7468832Z C:/mingw64/bin/../lib/gcc/x86_64-w64-mingw32/15.2.0/../../../../x86_64-w64-mingw32/bin/ld.exe: _deps/llm_client-build/CMakeFiles/llm_client_shared.dir/src/openai_client.cpp.obj:openai_client.cpp:(.text$_ZN10llm_client6detail14http_post_jsonERKNSt7__cxx1112basic_stringIcSt11char_traitsIcESaIcEEERKSt3mapIS6_S6_N3cpr22CaseInsensitiveCompareESaISt4pairIS7_S6_EEERKN8nlohmann16json_abi_v3_12_010basic_jsonIS9_St6vectorS6_bxydSaNSJ_14adl_serializerESL_IhSaIhEEvEES8_ii[_ZN10llm_client6detail14http_post_jsonERKNSt7__cxx1112basic_stringIcSt11char_traitsIcESaIcEEERKSt3mapIS6_S6_N3cpr22CaseInsensitiveCompareESaISt4pairIS7_S6_EEERKN8nlohmann16json_abi_v3_12_010basic_jsonIS9_St6vectorS6_bxydSaNSJ_14adl_serializerESL_IhSaIhEEvEES8_ii]+0x2e5f): more undefined references to `__imp__ZNK6spdlog6logger12err_handler_ERKNSt7__cxx1112basic_stringIcSt11char_traitsIcESaIcEEE' follow
build-release-assets (windows-latest, windows, amd64, ragcli.exe)	UNKNOWN STEP	2026-07-27T16:40:19.7479571Z C:/mingw64/bin/../lib/gcc/x86_64-w64-mingw32/15.2.0/../../../../x86_64-w64-mingw32/bin/ld.exe: _deps/llm_client-build/CMakeFiles/llm_client_shared.dir/src/openai_client.cpp.obj:openai_client.cpp:(.text$_ZN10llm_client6detail22parse_stream_json_lineERKNSt7__cxx1112basic_stringIcSt11char_traitsIcESaIcEEES8_RKSt8functionIFvRKN8nlohmann16json_abi_v3_12_010basic_jsonISt3mapSt6vectorS6_bxydSaNSB_14adl_serializerESE_IhSaIhEEvEEEES8_[_ZN10llm_client6detail22parse_stream_json_lineERKNSt7__cxx1112basic_stringIcSt11char_traitsIcESaIcEEES8_RKSt8functionIFvRKN8nlohmann16json_abi_v3_12_010basic_jsonISt3mapSt6vectorS6_bxydSaNSB_14adl_serializerESE_IhSaIhEEvEEEES8_]+0x307): undefined reference to `__imp__ZNK6spdlog7details10backtracer7enabledEv'
build-release-assets (windows-latest, windows, amd64, ragcli.exe)	UNKNOWN STEP	2026-07-27T16:40:19.7490317Z C:/mingw64/bin/../lib/gcc/x86_64-w64-mingw32/15.2.0/../../../../x86_64-w64-mingw32/bin/ld.exe: _deps/llm_client-build/CMakeFiles/llm_client_shared.dir/src/openai_client.cpp.obj:openai_client.cpp:(.text$_ZN10llm_client6detail22parse_stream_json_lineERKNSt7__cxx1112basic_stringIcSt11char_traitsIcESaIcEEES8_RKSt8functionIFvRKN8nlohmann16json_abi_v3_12_010basic_jsonISt3mapSt6vectorS6_bxydSaNSB_14adl_serializerESE_IhSaIhEEvEEEES8_[_ZN10llm_client6detail22parse_stream_json_lineERKNSt7__cxx1112basic_stringIcSt11char_traitsIcESaIcEEES8_RKSt8functionIFvRKN8nlohmann16json_abi_v3_12_010basic_jsonISt3mapSt6vectorS6_bxydSaNSB_14adl_serializerESE_IhSaIhEEvEEEES8_]+0x4e6): undefined reference to `__imp__ZN3fmt3v126detail10vformat_toERNS1_6bufferIcEENS0_17basic_string_viewIcEENS0_17basic_format_argsINS0_7contextEEENS0_10locale_refE'
build-release-assets (windows-latest, windows, amd64, ragcli.exe)	UNKNOWN STEP	2026-07-27T16:40:19.7501185Z C:/mingw64/bin/../lib/gcc/x86_64-w64-mingw32/15.2.0/../../../../x86_64-w64-mingw32/bin/ld.exe: _deps/llm_client-build/CMakeFiles/llm_client_shared.dir/src/openai_client.cpp.obj:openai_client.cpp:(.text$_ZN10llm_client6detail22parse_stream_json_lineERKNSt7__cxx1112basic_stringIcSt11char_traitsIcESaIcEEES8_RKSt8functionIFvRKN8nlohmann16json_abi_v3_12_010basic_jsonISt3mapSt6vectorS6_bxydSaNSB_14adl_serializerESE_IhSaIhEEvEEEES8_[_ZN10llm_client6detail22parse_stream_json_lineERKNSt7__cxx1112basic_stringIcSt11char_traitsIcESaIcEEES8_RKSt8functionIFvRKN8nlohmann16json_abi_v3_12_010basic_jsonISt3mapSt6vectorS6_bxydSaNSB_14adl_serializerESE_IhSaIhEEvEEEES8_]+0x552): undefined reference to `__imp__ZN6spdlog7details7log_msgC1ENS_10source_locEN3fmt3v1217basic_string_viewIcEENS_5level10level_enumES6_'
build-release-assets (windows-latest, windows, amd64, ragcli.exe)	UNKNOWN STEP	2026-07-27T16:40:19.7512047Z C:/mingw64/bin/../lib/gcc/x86_64-w64-mingw32/15.2.0/../../../../x86_64-w64-mingw32/bin/ld.exe: _deps/llm_client-build/CMakeFiles/llm_client_shared.dir/src/openai_client.cpp.obj:openai_client.cpp:(.text$_ZN10llm_client6detail22parse_stream_json_lineERKNSt7__cxx1112basic_stringIcSt11char_traitsIcESaIcEEES8_RKSt8functionIFvRKN8nlohmann16json_abi_v3_12_010basic_jsonISt3mapSt6vectorS6_bxydSaNSB_14adl_serializerESE_IhSaIhEEvEEEES8_[_ZN10llm_client6detail22parse_stream_json_lineERKNSt7__cxx1112basic_stringIcSt11char_traitsIcESaIcEEES8_RKSt8functionIFvRKN8nlohmann16json_abi_v3_12_010basic_jsonISt3mapSt6vectorS6_bxydSaNSB_14adl_serializerESE_IhSaIhEEvEEEES8_]+0x56d): undefined reference to `__imp__ZN6spdlog6logger7log_it_ERKNS_7details7log_msgEbb'
build-release-assets (windows-latest, windows, amd64, ragcli.exe)	UNKNOWN STEP	2026-07-27T16:40:19.7522329Z C:/mingw64/bin/../lib/gcc/x86_64-w64-mingw32/15.2.0/../../../../x86_64-w64-mingw32/bin/ld.exe: _deps/llm_client-build/CMakeFiles/llm_client_shared.dir/src/openai_client.cpp.obj:openai_client.cpp:(.text$_ZN10llm_client6detail22parse_stream_json_lineERKNSt7__cxx1112basic_stringIcSt11char_traitsIcESaIcEEES8_RKSt8functionIFvRKN8nlohmann16json_abi_v3_12_010basic_jsonISt3mapSt6vectorS6_bxydSaNSB_14adl_serializerESE_IhSaIhEEvEEEES8_[_ZN10llm_client6detail22parse_stream_json_lineERKNSt7__cxx1112basic_stringIcSt11char_traitsIcESaIcEEES8_RKSt8functionIFvRKN8nlohmann16json_abi_v3_12_010basic_jsonISt3mapSt6vectorS6_bxydSaNSB_14adl_serializerESE_IhSaIhEEvEEEES8_]+0x5ce): undefined reference to `__imp__ZNK6spdlog6logger12err_handler_ERKNSt7__cxx1112basic_stringIcSt11char_traitsIcESaIcEEE'
build-release-assets (windows-latest, windows, amd64, ragcli.exe)	UNKNOWN STEP	2026-07-27T16:40:19.7533257Z C:/mingw64/bin/../lib/gcc/x86_64-w64-mingw32/15.2.0/../../../../x86_64-w64-mingw32/bin/ld.exe: _deps/llm_client-build/CMakeFiles/llm_client_shared.dir/src/openai_client.cpp.obj:openai_client.cpp:(.text$_ZN10llm_client6detail22parse_stream_json_lineERKNSt7__cxx1112basic_stringIcSt11char_traitsIcESaIcEEES8_RKSt8functionIFvRKN8nlohmann16json_abi_v3_12_010basic_jsonISt3mapSt6vectorS6_bxydSaNSB_14adl_serializerESE_IhSaIhEEvEEEES8_[_ZN10llm_client6detail22parse_stream_json_lineERKNSt7__cxx1112basic_stringIcSt11char_traitsIcESaIcEEES8_RKSt8functionIFvRKN8nlohmann16json_abi_v3_12_010basic_jsonISt3mapSt6vectorS6_bxydSaNSB_14adl_serializerESE_IhSaIhEEvEEEES8_]+0x643): undefined reference to `__imp__ZNK6spdlog6logger12err_handler_ERKNSt7__cxx1112basic_stringIcSt11char_traitsIcESaIcEEE'
build-release-assets (windows-latest, windows, amd64, ragcli.exe)	UNKNOWN STEP	2026-07-27T16:40:19.7540640Z C:/mingw64/bin/../lib/gcc/x86_64-w64-mingw32/15.2.0/../../../../x86_64-w64-mingw32/bin/ld.exe: _deps/llm_client-build/CMakeFiles/llm_client_shared.dir/src/azure_openai_client.cpp.obj:azure_openai_client.cpp:(.text+0x188): undefined reference to `__imp__ZNK6spdlog7details10backtracer7enabledEv'
build-release-assets (windows-latest, windows, amd64, ragcli.exe)	UNKNOWN STEP	2026-07-27T16:40:19.7544588Z C:/mingw64/bin/../lib/gcc/x86_64-w64-mingw32/15.2.0/../../../../x86_64-w64-mingw32/bin/ld.exe: _deps/llm_client-build/CMakeFiles/llm_client_shared.dir/src/azure_openai_client.cpp.obj:azure_openai_client.cpp:(.text+0x211): undefined reference to `__imp__ZN6spdlog7details7log_msgC1ENS_10source_locEN3fmt3v1217basic_string_viewIcEENS_5level10level_enumES6_'
build-release-assets (windows-latest, windows, amd64, ragcli.exe)	UNKNOWN STEP	2026-07-27T16:40:19.7548641Z C:/mingw64/bin/../lib/gcc/x86_64-w64-mingw32/15.2.0/../../../../x86_64-w64-mingw32/bin/ld.exe: _deps/llm_client-build/CMakeFiles/llm_client_shared.dir/src/azure_openai_client.cpp.obj:azure_openai_client.cpp:(.text+0x22f): undefined reference to `__imp__ZN6spdlog6logger7log_it_ERKNS_7details7log_msgEbb'
build-release-assets (windows-latest, windows, amd64, ragcli.exe)	UNKNOWN STEP	2026-07-27T16:40:19.7552383Z C:/mingw64/bin/../lib/gcc/x86_64-w64-mingw32/15.2.0/../../../../x86_64-w64-mingw32/bin/ld.exe: _deps/llm_client-build/CMakeFiles/llm_client_shared.dir/src/azure_openai_client.cpp.obj:azure_openai_client.cpp:(.text+0x1c95): undefined reference to `spdlog::sinks::wincolor_stdout_sink<spdlog::details::console_mutex>::wincolor_stdout_sink(spdlog::color_mode)'
build-release-assets (windows-latest, windows, amd64, ragcli.exe)	UNKNOWN STEP	2026-07-27T16:40:19.7555925Z C:/mingw64/bin/../lib/gcc/x86_64-w64-mingw32/15.2.0/../../../../x86_64-w64-mingw32/bin/ld.exe: _deps/llm_client-build/CMakeFiles/llm_client_shared.dir/src/azure_openai_client.cpp.obj:azure_openai_client.cpp:(.text+0x1d65): undefined reference to `__imp__ZTVN6spdlog6loggerE'
build-release-assets (windows-latest, windows, amd64, ragcli.exe)	UNKNOWN STEP	2026-07-27T16:40:19.7559595Z C:/mingw64/bin/../lib/gcc/x86_64-w64-mingw32/15.2.0/../../../../x86_64-w64-mingw32/bin/ld.exe: _deps/llm_client-build/CMakeFiles/llm_client_shared.dir/src/azure_openai_client.cpp.obj:azure_openai_client.cpp:(.text+0x1ed2): undefined reference to `__imp__ZN6spdlog15register_loggerESt10shared_ptrINS_6loggerEE'
build-release-assets (windows-latest, windows, amd64, ragcli.exe)	UNKNOWN STEP	2026-07-27T16:40:19.7563109Z C:/mingw64/bin/../lib/gcc/x86_64-w64-mingw32/15.2.0/../../../../x86_64-w64-mingw32/bin/ld.exe: _deps/llm_client-build/CMakeFiles/llm_client_shared.dir/src/azure_openai_client.cpp.obj:azure_openai_client.cpp:(.text+0x1eef): undefined reference to `__imp__ZN6spdlog6logger9set_levelENS_5level10level_enumE'
build-release-assets (windows-latest, windows, amd64, ragcli.exe)	UNKNOWN STEP	2026-07-27T16:40:19.7566612Z C:/mingw64/bin/../lib/gcc/x86_64-w64-mingw32/15.2.0/../../../../x86_64-w64-mingw32/bin/ld.exe: _deps/llm_client-build/CMakeFiles/llm_client_shared.dir/src/azure_openai_client.cpp.obj:azure_openai_client.cpp:(.text+0x1fba): undefined reference to `__imp__ZTVN6spdlog6loggerE'
build-release-assets (windows-latest, windows, amd64, ragcli.exe)	UNKNOWN STEP	2026-07-27T16:40:19.7569905Z C:/mingw64/bin/../lib/gcc/x86_64-w64-mingw32/15.2.0/../../../../x86_64-w64-mingw32/bin/ld.exe: _deps/llm_client-build/CMakeFiles/llm_client_shared.dir/src/azure_openai_client.cpp.obj:azure_openai_client.cpp:(.text+0x400f): undefined reference to `__imp__ZNK6spdlog7details10backtracer7enabledEv'
build-release-assets (windows-latest, windows, amd64, ragcli.exe)	UNKNOWN STEP	2026-07-27T16:40:19.7574311Z C:/mingw64/bin/../lib/gcc/x86_64-w64-mingw32/15.2.0/../../../../x86_64-w64-mingw32/bin/ld.exe: _deps/llm_client-build/CMakeFiles/llm_client_shared.dir/src/azure_openai_client.cpp.obj:azure_openai_client.cpp:(.text+0x4373): undefined reference to `cpr::CaseInsensitiveCompare::operator()(std::__cxx11::basic_string<char, std::char_traits<char>, std::allocator<char> > const&, std::__cxx11::basic_string<char, std::char_traits<char>, std::allocator<char> > const&) const'
build-release-assets (windows-latest, windows, amd64, ragcli.exe)	UNKNOWN STEP	2026-07-27T16:40:19.7579961Z C:/mingw64/bin/../lib/gcc/x86_64-w64-mingw32/15.2.0/../../../../x86_64-w64-mingw32/bin/ld.exe: _deps/llm_client-build/CMakeFiles/llm_client_shared.dir/src/azure_openai_client.cpp.obj:azure_openai_client.cpp:(.text+0x4441): undefined reference to `cpr::CaseInsensitiveCompare::operator()(std::__cxx11::basic_string<char, std::char_traits<char>, std::allocator<char> > const&, std::__cxx11::basic_string<char, std::char_traits<char>, std::allocator<char> > const&) const'
build-release-assets (windows-latest, windows, amd64, ragcli.exe)	UNKNOWN STEP	2026-07-27T16:40:19.7585619Z C:/mingw64/bin/../lib/gcc/x86_64-w64-mingw32/15.2.0/../../../../x86_64-w64-mingw32/bin/ld.exe: _deps/llm_client-build/CMakeFiles/llm_client_shared.dir/src/azure_openai_client.cpp.obj:azure_openai_client.cpp:(.text+0x447f): undefined reference to `cpr::CaseInsensitiveCompare::operator()(std::__cxx11::basic_string<char, std::char_traits<char>, std::allocator<char> > const&, std::__cxx11::basic_string<char, std::char_traits<char>, std::allocator<char> > const&) const'
build-release-assets (windows-latest, windows, amd64, ragcli.exe)	UNKNOWN STEP	2026-07-27T16:40:19.7591481Z C:/mingw64/bin/../lib/gcc/x86_64-w64-mingw32/15.2.0/../../../../x86_64-w64-mingw32/bin/ld.exe: _deps/llm_client-build/CMakeFiles/llm_client_shared.dir/src/azure_openai_client.cpp.obj:azure_openai_client.cpp:(.text+0x44a5): undefined reference to `cpr::CaseInsensitiveCompare::operator()(std::__cxx11::basic_string<char, std::char_traits<char>, std::allocator<char> > const&, std::__cxx11::basic_string<char, std::char_traits<char>, std::allocator<char> > const&) const'
build-release-assets (windows-latest, windows, amd64, ragcli.exe)	UNKNOWN STEP	2026-07-27T16:40:19.7596723Z C:/mingw64/bin/../lib/gcc/x86_64-w64-mingw32/15.2.0/../../../../x86_64-w64-mingw32/bin/ld.exe: _deps/llm_client-build/CMakeFiles/llm_client_shared.dir/src/azure_openai_client.cpp.obj:azure_openai_client.cpp:(.text+0x4570): undefined reference to `__imp__ZN3fmt3v126detail10vformat_toERNS1_6bufferIcEENS0_17basic_string_viewIcEENS0_17basic_format_argsINS0_7contextEEENS0_10locale_refE'
build-release-assets (windows-latest, windows, amd64, ragcli.exe)	UNKNOWN STEP	2026-07-27T16:40:19.7601359Z C:/mingw64/bin/../lib/gcc/x86_64-w64-mingw32/15.2.0/../../../../x86_64-w64-mingw32/bin/ld.exe: _deps/llm_client-build/CMakeFiles/llm_client_shared.dir/src/azure_openai_client.cpp.obj:azure_openai_client.cpp:(.text+0x4601): undefined reference to `__imp__ZN6spdlog7details7log_msgC1ENS_10source_locEN3fmt3v1217basic_string_viewIcEENS_5level10level_enumES6_'
build-release-assets (windows-latest, windows, amd64, ragcli.exe)	UNKNOWN STEP	2026-07-27T16:40:19.7605886Z C:/mingw64/bin/../lib/gcc/x86_64-w64-mingw32/15.2.0/../../../../x86_64-w64-mingw32/bin/ld.exe: _deps/llm_client-build/CMakeFiles/llm_client_shared.dir/src/azure_openai_client.cpp.obj:azure_openai_client.cpp:(.text+0x461a): undefined reference to `__imp__ZN6spdlog6logger7log_it_ERKNS_7details7log_msgEbb'
build-release-assets (windows-latest, windows, amd64, ragcli.exe)	UNKNOWN STEP	2026-07-27T16:40:19.7610185Z C:/mingw64/bin/../lib/gcc/x86_64-w64-mingw32/15.2.0/../../../../x86_64-w64-mingw32/bin/ld.exe: _deps/llm_client-build/CMakeFiles/llm_client_shared.dir/src/azure_openai_client.cpp.obj:azure_openai_client.cpp:(.text+0x4aba): undefined reference to `__imp__ZNK6spdlog6logger12err_handler_ERKNSt7__cxx1112basic_stringIcSt11char_traitsIcESaIcEEE'
build-release-assets (windows-latest, windows, amd64, ragcli.exe)	UNKNOWN STEP	2026-07-27T16:40:19.7614486Z C:/mingw64/bin/../lib/gcc/x86_64-w64-mingw32/15.2.0/../../../../x86_64-w64-mingw32/bin/ld.exe: _deps/llm_client-build/CMakeFiles/llm_client_shared.dir/src/azure_openai_client.cpp.obj:azure_openai_client.cpp:(.text+0x4ba0): undefined reference to `__imp__ZNK6spdlog6logger12err_handler_ERKNSt7__cxx1112basic_stringIcSt11char_traitsIcESaIcEEE'
build-release-assets (windows-latest, windows, amd64, ragcli.exe)	UNKNOWN STEP	2026-07-27T16:40:19.7618478Z C:/mingw64/bin/../lib/gcc/x86_64-w64-mingw32/15.2.0/../../../../x86_64-w64-mingw32/bin/ld.exe: _deps/llm_client-build/CMakeFiles/llm_client_shared.dir/src/azure_openai_client.cpp.obj:azure_openai_client.cpp:(.text+0x4d34): undefined reference to `__imp__ZNK6spdlog7details10backtracer7enabledEv'
build-release-assets (windows-latest, windows, amd64, ragcli.exe)	UNKNOWN STEP	2026-07-27T16:40:19.7623154Z C:/mingw64/bin/../lib/gcc/x86_64-w64-mingw32/15.2.0/../../../../x86_64-w64-mingw32/bin/ld.exe: _deps/llm_client-build/CMakeFiles/llm_client_shared.dir/src/azure_openai_client.cpp.obj:azure_openai_client.cpp:(.text+0x4f73): undefined reference to `cpr::CaseInsensitiveCompare::operator()(std::__cxx11::basic_string<char, std::char_traits<char>, std::allocator<char> > const&, std::__cxx11::basic_string<char, std::char_traits<char>, std::allocator<char> > const&) const'
build-release-assets (windows-latest, windows, amd64, ragcli.exe)	UNKNOWN STEP	2026-07-27T16:40:19.7629078Z C:/mingw64/bin/../lib/gcc/x86_64-w64-mingw32/15.2.0/../../../../x86_64-w64-mingw32/bin/ld.exe: _deps/llm_client-build/CMakeFiles/llm_client_shared.dir/src/azure_openai_client.cpp.obj:azure_openai_client.cpp:(.text+0x5041): undefined reference to `cpr::CaseInsensitiveCompare::operator()(std::__cxx11::basic_string<char, std::char_traits<char>, std::allocator<char> > const&, std::__cxx11::basic_string<char, std::char_traits<char>, std::allocator<char> > const&) const'
build-release-assets (windows-latest, windows, amd64, ragcli.exe)	UNKNOWN STEP	2026-07-27T16:40:19.7634737Z C:/mingw64/bin/../lib/gcc/x86_64-w64-mingw32/15.2.0/../../../../x86_64-w64-mingw32/bin/ld.exe: _deps/llm_client-build/CMakeFiles/llm_client_shared.dir/src/azure_openai_client.cpp.obj:azure_openai_client.cpp:(.text+0x507f): undefined reference to `cpr::CaseInsensitiveCompare::operator()(std::__cxx11::basic_string<char, std::char_traits<char>, std::allocator<char> > const&, std::__cxx11::basic_string<char, std::char_traits<char>, std::allocator<char> > const&) const'
build-release-assets (windows-latest, windows, amd64, ragcli.exe)	UNKNOWN STEP	2026-07-27T16:40:19.7640377Z C:/mingw64/bin/../lib/gcc/x86_64-w64-mingw32/15.2.0/../../../../x86_64-w64-mingw32/bin/ld.exe: _deps/llm_client-build/CMakeFiles/llm_client_shared.dir/src/azure_openai_client.cpp.obj:azure_openai_client.cpp:(.text+0x50a5): undefined reference to `cpr::CaseInsensitiveCompare::operator()(std::__cxx11::basic_string<char, std::char_traits<char>, std::allocator<char> > const&, std::__cxx11::basic_string<char, std::char_traits<char>, std::allocator<char> > const&) const'
build-release-assets (windows-latest, windows, amd64, ragcli.exe)	UNKNOWN STEP	2026-07-27T16:40:19.7645644Z C:/mingw64/bin/../lib/gcc/x86_64-w64-mingw32/15.2.0/../../../../x86_64-w64-mingw32/bin/ld.exe: _deps/llm_client-build/CMakeFiles/llm_client_shared.dir/src/azure_openai_client.cpp.obj:azure_openai_client.cpp:(.text+0x5173): undefined reference to `__imp__ZN3fmt3v126detail10vformat_toERNS1_6bufferIcEENS0_17basic_string_viewIcEENS0_17basic_format_argsINS0_7contextEEENS0_10locale_refE'
build-release-assets (windows-latest, windows, amd64, ragcli.exe)	UNKNOWN STEP	2026-07-27T16:40:19.7650498Z C:/mingw64/bin/../lib/gcc/x86_64-w64-mingw32/15.2.0/../../../../x86_64-w64-mingw32/bin/ld.exe: _deps/llm_client-build/CMakeFiles/llm_client_shared.dir/src/azure_openai_client.cpp.obj:azure_openai_client.cpp:(.text+0x520c): undefined reference to `__imp__ZN6spdlog7details7log_msgC1ENS_10source_locEN3fmt3v1217basic_string_viewIcEENS_5level10level_enumES6_'
build-release-assets (windows-latest, windows, amd64, ragcli.exe)	UNKNOWN STEP	2026-07-27T16:40:19.7655032Z C:/mingw64/bin/../lib/gcc/x86_64-w64-mingw32/15.2.0/../../../../x86_64-w64-mingw32/bin/ld.exe: _deps/llm_client-build/CMakeFiles/llm_client_shared.dir/src/azure_openai_client.cpp.obj:azure_openai_client.cpp:(.text+0x5225): undefined reference to `__imp__ZN6spdlog6logger7log_it_ERKNS_7details7log_msgEbb'
build-release-assets (windows-latest, windows, amd64, ragcli.exe)	UNKNOWN STEP	2026-07-27T16:40:19.7659332Z C:/mingw64/bin/../lib/gcc/x86_64-w64-mingw32/15.2.0/../../../../x86_64-w64-mingw32/bin/ld.exe: _deps/llm_client-build/CMakeFiles/llm_client_shared.dir/src/azure_openai_client.cpp.obj:azure_openai_client.cpp:(.text+0x5550): undefined reference to `__imp__ZN3fmt3v126detail10vformat_toERNS1_6bufferIcEENS0_17basic_string_viewIcEENS0_17basic_format_argsINS0_7contextEEENS0_10locale_refE'
build-release-assets (windows-latest, windows, amd64, ragcli.exe)	UNKNOWN STEP	2026-07-27T16:40:19.7663977Z C:/mingw64/bin/../lib/gcc/x86_64-w64-mingw32/15.2.0/../../../../x86_64-w64-mingw32/bin/ld.exe: _deps/llm_client-build/CMakeFiles/llm_client_shared.dir/src/azure_openai_client.cpp.obj:azure_openai_client.cpp:(.text+0x55e4): undefined reference to `__imp__ZN6spdlog7details7log_msgC1ENS_10source_locEN3fmt3v1217basic_string_viewIcEENS_5level10level_enumES6_'
build-release-assets (windows-latest, windows, amd64, ragcli.exe)	UNKNOWN STEP	2026-07-27T16:40:19.7668329Z C:/mingw64/bin/../lib/gcc/x86_64-w64-mingw32/15.2.0/../../../../x86_64-w64-mingw32/bin/ld.exe: _deps/llm_client-build/CMakeFiles/llm_client_shared.dir/src/azure_openai_client.cpp.obj:azure_openai_client.cpp:(.text+0x55fb): undefined reference to `__imp__ZN6spdlog6logger7log_it_ERKNS_7details7log_msgEbb'
build-release-assets (windows-latest, windows, amd64, ragcli.exe)	UNKNOWN STEP	2026-07-27T16:40:19.7672344Z C:/mingw64/bin/../lib/gcc/x86_64-w64-mingw32/15.2.0/../../../../x86_64-w64-mingw32/bin/ld.exe: _deps/llm_client-build/CMakeFiles/llm_client_shared.dir/src/azure_openai_client.cpp.obj:azure_openai_client.cpp:(.text+0x6008): undefined reference to `__imp__ZNK6spdlog6logger12err_handler_ERKNSt7__cxx1112basic_stringIcSt11char_traitsIcESaIcEEE'
build-release-assets (windows-latest, windows, amd64, ragcli.exe)	UNKNOWN STEP	2026-07-27T16:40:19.7676567Z C:/mingw64/bin/../lib/gcc/x86_64-w64-mingw32/15.2.0/../../../../x86_64-w64-mingw32/bin/ld.exe: _deps/llm_client-build/CMakeFiles/llm_client_shared.dir/src/azure_openai_client.cpp.obj:azure_openai_client.cpp:(.text+0x617c): undefined reference to `__imp__ZNK6spdlog6logger12err_handler_ERKNSt7__cxx1112basic_stringIcSt11char_traitsIcESaIcEEE'
build-release-assets (windows-latest, windows, amd64, ragcli.exe)	UNKNOWN STEP	2026-07-27T16:40:19.7680839Z C:/mingw64/bin/../lib/gcc/x86_64-w64-mingw32/15.2.0/../../../../x86_64-w64-mingw32/bin/ld.exe: _deps/llm_client-build/CMakeFiles/llm_client_shared.dir/src/azure_openai_client.cpp.obj:azure_openai_client.cpp:(.text+0x621e): undefined reference to `__imp__ZNK6spdlog6logger12err_handler_ERKNSt7__cxx1112basic_stringIcSt11char_traitsIcESaIcEEE'
build-release-assets (windows-latest, windows, amd64, ragcli.exe)	UNKNOWN STEP	2026-07-27T16:40:19.7685099Z C:/mingw64/bin/../lib/gcc/x86_64-w64-mingw32/15.2.0/../../../../x86_64-w64-mingw32/bin/ld.exe: _deps/llm_client-build/CMakeFiles/llm_client_shared.dir/src/azure_openai_client.cpp.obj:azure_openai_client.cpp:(.text+0x626d): undefined reference to `__imp__ZNK6spdlog6logger12err_handler_ERKNSt7__cxx1112basic_stringIcSt11char_traitsIcESaIcEEE'
build-release-assets (windows-latest, windows, amd64, ragcli.exe)	UNKNOWN STEP	2026-07-27T16:40:19.7689349Z C:/mingw64/bin/../lib/gcc/x86_64-w64-mingw32/15.2.0/../../../../x86_64-w64-mingw32/bin/ld.exe: _deps/llm_client-build/CMakeFiles/llm_client_shared.dir/src/azure_openai_client.cpp.obj:azure_openai_client.cpp:(.text+0x63a5): undefined reference to `__imp__ZNK6spdlog7details10backtracer7enabledEv'
build-release-assets (windows-latest, windows, amd64, ragcli.exe)	UNKNOWN STEP	2026-07-27T16:40:19.7694063Z C:/mingw64/bin/../lib/gcc/x86_64-w64-mingw32/15.2.0/../../../../x86_64-w64-mingw32/bin/ld.exe: _deps/llm_client-build/CMakeFiles/llm_client_shared.dir/src/azure_openai_client.cpp.obj:azure_openai_client.cpp:(.text+0x6773): undefined reference to `cpr::CaseInsensitiveCompare::operator()(std::__cxx11::basic_string<char, std::char_traits<char>, std::allocator<char> > const&, std::__cxx11::basic_string<char, std::char_traits<char>, std::allocator<char> > const&) const'
build-release-assets (windows-latest, windows, amd64, ragcli.exe)	UNKNOWN STEP	2026-07-27T16:40:19.7700686Z C:/mingw64/bin/../lib/gcc/x86_64-w64-mingw32/15.2.0/../../../../x86_64-w64-mingw32/bin/ld.exe: _deps/llm_client-build/CMakeFiles/llm_client_shared.dir/src/azure_openai_client.cpp.obj:azure_openai_client.cpp:(.text+0x6841): undefined reference to `cpr::CaseInsensitiveCompare::operator()(std::__cxx11::basic_string<char, std::char_traits<char>, std::allocator<char> > const&, std::__cxx11::basic_string<char, std::char_traits<char>, std::allocator<char> > const&) const'
build-release-assets (windows-latest, windows, amd64, ragcli.exe)	UNKNOWN STEP	2026-07-27T16:40:19.7706792Z C:/mingw64/bin/../lib/gcc/x86_64-w64-mingw32/15.2.0/../../../../x86_64-w64-mingw32/bin/ld.exe: _deps/llm_client-build/CMakeFiles/llm_client_shared.dir/src/azure_openai_client.cpp.obj:azure_openai_client.cpp:(.text+0x687f): undefined reference to `cpr::CaseInsensitiveCompare::operator()(std::__cxx11::basic_string<char, std::char_traits<char>, std::allocator<char> > const&, std::__cxx11::basic_string<char, std::char_traits<char>, std::allocator<char> > const&) const'
build-release-assets (windows-latest, windows, amd64, ragcli.exe)	UNKNOWN STEP	2026-07-27T16:40:19.7712473Z C:/mingw64/bin/../lib/gcc/x86_64-w64-mingw32/15.2.0/../../../../x86_64-w64-mingw32/bin/ld.exe: _deps/llm_client-build/CMakeFiles/llm_client_shared.dir/src/azure_openai_client.cpp.obj:azure_openai_client.cpp:(.text+0x68a4): undefined reference to `cpr::CaseInsensitiveCompare::operator()(std::__cxx11::basic_string<char, std::char_traits<char>, std::allocator<char> > const&, std::__cxx11::basic_string<char, std::char_traits<char>, std::allocator<char> > const&) const'
build-release-assets (windows-latest, windows, amd64, ragcli.exe)	UNKNOWN STEP	2026-07-27T16:40:19.7717716Z C:/mingw64/bin/../lib/gcc/x86_64-w64-mingw32/15.2.0/../../../../x86_64-w64-mingw32/bin/ld.exe: _deps/llm_client-build/CMakeFiles/llm_client_shared.dir/src/azure_openai_client.cpp.obj:azure_openai_client.cpp:(.text+0x6976): undefined reference to `__imp__ZN3fmt3v126detail10vformat_toERNS1_6bufferIcEENS0_17basic_string_viewIcEENS0_17basic_format_argsINS0_7contextEEENS0_10locale_refE'
build-release-assets (windows-latest, windows, amd64, ragcli.exe)	UNKNOWN STEP	2026-07-27T16:40:19.7722658Z C:/mingw64/bin/../lib/gcc/x86_64-w64-mingw32/15.2.0/../../../../x86_64-w64-mingw32/bin/ld.exe: _deps/llm_client-build/CMakeFiles/llm_client_shared.dir/src/azure_openai_client.cpp.obj:azure_openai_client.cpp:(.text+0x6a0a): undefined reference to `__imp__ZN6spdlog7details7log_msgC1ENS_10source_locEN3fmt3v1217basic_string_viewIcEENS_5level10level_enumES6_'
build-release-assets (windows-latest, windows, amd64, ragcli.exe)	UNKNOWN STEP	2026-07-27T16:40:19.7726741Z C:/mingw64/bin/../lib/gcc/x86_64-w64-mingw32/15.2.0/../../../../x86_64-w64-mingw32/bin/ld.exe: _deps/llm_client-build/CMakeFiles/llm_client_shared.dir/src/azure_openai_client.cpp.obj:azure_openai_client.cpp:(.text+0x6a21): undefined reference to `__imp__ZN6spdlog6logger7log_it_ERKNS_7details7log_msgEbb'
build-release-assets (windows-latest, windows, amd64, ragcli.exe)	UNKNOWN STEP	2026-07-27T16:40:19.7731103Z C:/mingw64/bin/../lib/gcc/x86_64-w64-mingw32/15.2.0/../../../../x86_64-w64-mingw32/bin/ld.exe: _deps/llm_client-build/CMakeFiles/llm_client_shared.dir/src/azure_openai_client.cpp.obj:azure_openai_client.cpp:(.text+0x6d06): undefined reference to `__imp__ZN3fmt3v126detail10vformat_toERNS1_6bufferIcEENS0_17basic_string_viewIcEENS0_17basic_format_argsINS0_7contextEEENS0_10locale_refE'
build-release-assets (windows-latest, windows, amd64, ragcli.exe)	UNKNOWN STEP	2026-07-27T16:40:19.7735740Z C:/mingw64/bin/../lib/gcc/x86_64-w64-mingw32/15.2.0/../../../../x86_64-w64-mingw32/bin/ld.exe: _deps/llm_client-build/CMakeFiles/llm_client_shared.dir/src/azure_openai_client.cpp.obj:azure_openai_client.cpp:(.text+0x6d9a): undefined reference to `__imp__ZN6spdlog7details7log_msgC1ENS_10source_locEN3fmt3v1217basic_string_viewIcEENS_5level10level_enumES6_'
build-release-assets (windows-latest, windows, amd64, ragcli.exe)	UNKNOWN STEP	2026-07-27T16:40:19.7739830Z C:/mingw64/bin/../lib/gcc/x86_64-w64-mingw32/15.2.0/../../../../x86_64-w64-mingw32/bin/ld.exe: _deps/llm_client-build/CMakeFiles/llm_client_shared.dir/src/azure_openai_client.cpp.obj:azure_openai_client.cpp:(.text+0x6db1): undefined reference to `__imp__ZN6spdlog6logger7log_it_ERKNS_7details7log_msgEbb'
build-release-assets (windows-latest, windows, amd64, ragcli.exe)	UNKNOWN STEP	2026-07-27T16:40:19.7743804Z C:/mingw64/bin/../lib/gcc/x86_64-w64-mingw32/15.2.0/../../../../x86_64-w64-mingw32/bin/ld.exe: _deps/llm_client-build/CMakeFiles/llm_client_shared.dir/src/azure_openai_client.cpp.obj:azure_openai_client.cpp:(.text+0x780f): undefined reference to `__imp__ZNK6spdlog6logger12err_handler_ERKNSt7__cxx1112basic_stringIcSt11char_traitsIcESaIcEEE'
build-release-assets (windows-latest, windows, amd64, ragcli.exe)	UNKNOWN STEP	2026-07-27T16:40:19.7748771Z C:/mingw64/bin/../lib/gcc/x86_64-w64-mingw32/15.2.0/../../../../x86_64-w64-mingw32/bin/ld.exe: _deps/llm_client-build/CMakeFiles/llm_client_shared.dir/src/azure_openai_client.cpp.obj:azure_openai_client.cpp:(.text+0x78c8): undefined reference to `__imp__ZNK6spdlog6logger12err_handler_ERKNSt7__cxx1112basic_stringIcSt11char_traitsIcESaIcEEE'
build-release-assets (windows-latest, windows, amd64, ragcli.exe)	UNKNOWN STEP	2026-07-27T16:40:19.7753351Z C:/mingw64/bin/../lib/gcc/x86_64-w64-mingw32/15.2.0/../../../../x86_64-w64-mingw32/bin/ld.exe: _deps/llm_client-build/CMakeFiles/llm_client_shared.dir/src/azure_openai_client.cpp.obj:azure_openai_client.cpp:(.text+0x7a2c): undefined reference to `__imp__ZNK6spdlog6logger12err_handler_ERKNSt7__cxx1112basic_stringIcSt11char_traitsIcESaIcEEE'
build-release-assets (windows-latest, windows, amd64, ragcli.exe)	UNKNOWN STEP	2026-07-27T16:40:19.7757614Z C:/mingw64/bin/../lib/gcc/x86_64-w64-mingw32/15.2.0/../../../../x86_64-w64-mingw32/bin/ld.exe: _deps/llm_client-build/CMakeFiles/llm_client_shared.dir/src/azure_openai_client.cpp.obj:azure_openai_client.cpp:(.text+0x7a7e): undefined reference to `__imp__ZNK6spdlog6logger12err_handler_ERKNSt7__cxx1112basic_stringIcSt11char_traitsIcESaIcEEE'
build-release-assets (windows-latest, windows, amd64, ragcli.exe)	UNKNOWN STEP	2026-07-27T16:40:19.7761571Z C:/mingw64/bin/../lib/gcc/x86_64-w64-mingw32/15.2.0/../../../../x86_64-w64-mingw32/bin/ld.exe: _deps/llm_client-build/CMakeFiles/llm_client_shared.dir/src/ollama_client.cpp.obj:ollama_client.cpp:(.text+0x188): undefined reference to `__imp__ZNK6spdlog7details10backtracer7enabledEv'
build-release-assets (windows-latest, windows, amd64, ragcli.exe)	UNKNOWN STEP	2026-07-27T16:40:19.7765521Z C:/mingw64/bin/../lib/gcc/x86_64-w64-mingw32/15.2.0/../../../../x86_64-w64-mingw32/bin/ld.exe: _deps/llm_client-build/CMakeFiles/llm_client_shared.dir/src/ollama_client.cpp.obj:ollama_client.cpp:(.text+0x211): undefined reference to `__imp__ZN6spdlog7details7log_msgC1ENS_10source_locEN3fmt3v1217basic_string_viewIcEENS_5level10level_enumES6_'
build-release-assets (windows-latest, windows, amd64, ragcli.exe)	UNKNOWN STEP	2026-07-27T16:40:19.7769712Z C:/mingw64/bin/../lib/gcc/x86_64-w64-mingw32/15.2.0/../../../../x86_64-w64-mingw32/bin/ld.exe: _deps/llm_client-build/CMakeFiles/llm_client_shared.dir/src/ollama_client.cpp.obj:ollama_client.cpp:(.text+0x22f): undefined reference to `__imp__ZN6spdlog6logger7log_it_ERKNS_7details7log_msgEbb'
build-release-assets (windows-latest, windows, amd64, ragcli.exe)	UNKNOWN STEP	2026-07-27T16:40:19.7773600Z C:/mingw64/bin/../lib/gcc/x86_64-w64-mingw32/15.2.0/../../../../x86_64-w64-mingw32/bin/ld.exe: _deps/llm_client-build/CMakeFiles/llm_client_shared.dir/src/ollama_client.cpp.obj:ollama_client.cpp:(.text+0x1c95): undefined reference to `spdlog::sinks::wincolor_stdout_sink<spdlog::details::console_mutex>::wincolor_stdout_sink(spdlog::color_mode)'
build-release-assets (windows-latest, windows, amd64, ragcli.exe)	UNKNOWN STEP	2026-07-27T16:40:19.7777353Z C:/mingw64/bin/../lib/gcc/x86_64-w64-mingw32/15.2.0/../../../../x86_64-w64-mingw32/bin/ld.exe: _deps/llm_client-build/CMakeFiles/llm_client_shared.dir/src/ollama_client.cpp.obj:ollama_client.cpp:(.text+0x1d65): undefined reference to `__imp__ZTVN6spdlog6loggerE'
build-release-assets (windows-latest, windows, amd64, ragcli.exe)	UNKNOWN STEP	2026-07-27T16:40:19.7780843Z C:/mingw64/bin/../lib/gcc/x86_64-w64-mingw32/15.2.0/../../../../x86_64-w64-mingw32/bin/ld.exe: _deps/llm_client-build/CMakeFiles/llm_client_shared.dir/src/ollama_client.cpp.obj:ollama_client.cpp:(.text+0x1ed2): undefined reference to `__imp__ZN6spdlog15register_loggerESt10shared_ptrINS_6loggerEE'
build-release-assets (windows-latest, windows, amd64, ragcli.exe)	UNKNOWN STEP	2026-07-27T16:40:19.7784432Z C:/mingw64/bin/../lib/gcc/x86_64-w64-mingw32/15.2.0/../../../../x86_64-w64-mingw32/bin/ld.exe: _deps/llm_client-build/CMakeFiles/llm_client_shared.dir/src/ollama_client.cpp.obj:ollama_client.cpp:(.text+0x1eef): undefined reference to `__imp__ZN6spdlog6logger9set_levelENS_5level10level_enumE'
build-release-assets (windows-latest, windows, amd64, ragcli.exe)	UNKNOWN STEP	2026-07-27T16:40:19.7788082Z C:/mingw64/bin/../lib/gcc/x86_64-w64-mingw32/15.2.0/../../../../x86_64-w64-mingw32/bin/ld.exe: _deps/llm_client-build/CMakeFiles/llm_client_shared.dir/src/ollama_client.cpp.obj:ollama_client.cpp:(.text+0x1fba): undefined reference to `__imp__ZTVN6spdlog6loggerE'
build-release-assets (windows-latest, windows, amd64, ragcli.exe)	UNKNOWN STEP	2026-07-27T16:40:19.7791470Z C:/mingw64/bin/../lib/gcc/x86_64-w64-mingw32/15.2.0/../../../../x86_64-w64-mingw32/bin/ld.exe: _deps/llm_client-build/CMakeFiles/llm_client_shared.dir/src/ollama_client.cpp.obj:ollama_client.cpp:(.text+0x5f1a): undefined reference to `__imp__ZNK6spdlog7details10backtracer7enabledEv'
build-release-assets (windows-latest, windows, amd64, ragcli.exe)	UNKNOWN STEP	2026-07-27T16:40:19.7795979Z C:/mingw64/bin/../lib/gcc/x86_64-w64-mingw32/15.2.0/../../../../x86_64-w64-mingw32/bin/ld.exe: _deps/llm_client-build/CMakeFiles/llm_client_shared.dir/src/ollama_client.cpp.obj:ollama_client.cpp:(.text+0x6514): undefined reference to `cpr::CaseInsensitiveCompare::operator()(std::__cxx11::basic_string<char, std::char_traits<char>, std::allocator<char> > const&, std::__cxx11::basic_string<char, std::char_traits<char>, std::allocator<char> > const&) const'
build-release-assets (windows-latest, windows, amd64, ragcli.exe)	UNKNOWN STEP	2026-07-27T16:40:19.7801819Z C:/mingw64/bin/../lib/gcc/x86_64-w64-mingw32/15.2.0/../../../../x86_64-w64-mingw32/bin/ld.exe: _deps/llm_client-build/CMakeFiles/llm_client_shared.dir/src/ollama_client.cpp.obj:ollama_client.cpp:(.text+0x654a): undefined reference to `cpr::CaseInsensitiveCompare::operator()(std::__cxx11::basic_string<char, std::char_traits<char>, std::allocator<char> > const&, std::__cxx11::basic_string<char, std::char_traits<char>, std::allocator<char> > const&) const'
build-release-assets (windows-latest, windows, amd64, ragcli.exe)	UNKNOWN STEP	2026-07-27T16:40:19.7806942Z C:/mingw64/bin/../lib/gcc/x86_64-w64-mingw32/15.2.0/../../../../x86_64-w64-mingw32/bin/ld.exe: _deps/llm_client-build/CMakeFiles/llm_client_shared.dir/src/ollama_client.cpp.obj:ollama_client.cpp:(.text+0x6614): undefined reference to `__imp__ZN3fmt3v126detail10vformat_toERNS1_6bufferIcEENS0_17basic_string_viewIcEENS0_17basic_format_argsINS0_7contextEEENS0_10locale_refE'
build-release-assets (windows-latest, windows, amd64, ragcli.exe)	UNKNOWN STEP	2026-07-27T16:40:19.7811950Z C:/mingw64/bin/../lib/gcc/x86_64-w64-mingw32/15.2.0/../../../../x86_64-w64-mingw32/bin/ld.exe: _deps/llm_client-build/CMakeFiles/llm_client_shared.dir/src/ollama_client.cpp.obj:ollama_client.cpp:(.text+0x66a8): undefined reference to `__imp__ZN6spdlog7details7log_msgC1ENS_10source_locEN3fmt3v1217basic_string_viewIcEENS_5level10level_enumES6_'
build-release-assets (windows-latest, windows, amd64, ragcli.exe)	UNKNOWN STEP	2026-07-27T16:40:19.7815823Z C:/mingw64/bin/../lib/gcc/x86_64-w64-mingw32/15.2.0/../../../../x86_64-w64-mingw32/bin/ld.exe: _deps/llm_client-build/CMakeFiles/llm_client_shared.dir/src/ollama_client.cpp.obj:ollama_client.cpp:(.text+0x66c1): undefined reference to `__imp__ZN6spdlog6logger7log_it_ERKNS_7details7log_msgEbb'
build-release-assets (windows-latest, windows, amd64, ragcli.exe)	UNKNOWN STEP	2026-07-27T16:40:19.7820504Z C:/mingw64/bin/../lib/gcc/x86_64-w64-mingw32/15.2.0/../../../../x86_64-w64-mingw32/bin/ld.exe: _deps/llm_client-build/CMakeFiles/llm_client_shared.dir/src/ollama_client.cpp.obj:ollama_client.cpp:(.text+0x66f4): undefined reference to `cpr::CaseInsensitiveCompare::operator()(std::__cxx11::basic_string<char, std::char_traits<char>, std::allocator<char> > const&, std::__cxx11::basic_string<char, std::char_traits<char>, std::allocator<char> > const&) const'
build-release-assets (windows-latest, windows, amd64, ragcli.exe)	UNKNOWN STEP	2026-07-27T16:40:19.7825985Z C:/mingw64/bin/../lib/gcc/x86_64-w64-mingw32/15.2.0/../../../../x86_64-w64-mingw32/bin/ld.exe: _deps/llm_client-build/CMakeFiles/llm_client_shared.dir/src/ollama_client.cpp.obj:ollama_client.cpp:(.text+0x67fd): undefined reference to `cpr::CaseInsensitiveCompare::operator()(std::__cxx11::basic_string<char, std::char_traits<char>, std::allocator<char> > const&, std::__cxx11::basic_string<char, std::char_traits<char>, std::allocator<char> > const&) const'
build-release-assets (windows-latest, windows, amd64, ragcli.exe)	UNKNOWN STEP	2026-07-27T16:40:19.7831131Z C:/mingw64/bin/../lib/gcc/x86_64-w64-mingw32/15.2.0/../../../../x86_64-w64-mingw32/bin/ld.exe: _deps/llm_client-build/CMakeFiles/llm_client_shared.dir/src/ollama_client.cpp.obj:ollama_client.cpp:(.text+0x69a3): undefined reference to `__imp__ZNK6spdlog6logger12err_handler_ERKNSt7__cxx1112basic_stringIcSt11char_traitsIcESaIcEEE'
build-release-assets (windows-latest, windows, amd64, ragcli.exe)	UNKNOWN STEP	2026-07-27T16:40:19.7834905Z C:/mingw64/bin/../lib/gcc/x86_64-w64-mingw32/15.2.0/../../../../x86_64-w64-mingw32/bin/ld.exe: _deps/llm_client-build/CMakeFiles/llm_client_shared.dir/src/ollama_client.cpp.obj:ollama_client.cpp:(.text+0x69e2): undefined reference to `__imp__ZNK6spdlog6logger12err_handler_ERKNSt7__cxx1112basic_stringIcSt11char_traitsIcESaIcEEE'
build-release-assets (windows-latest, windows, amd64, ragcli.exe)	UNKNOWN STEP	2026-07-27T16:40:19.7838397Z C:/mingw64/bin/../lib/gcc/x86_64-w64-mingw32/15.2.0/../../../../x86_64-w64-mingw32/bin/ld.exe: _deps/llm_client-build/CMakeFiles/llm_client_shared.dir/src/ollama_client.cpp.obj:ollama_client.cpp:(.text+0x6aed): undefined reference to `__imp__ZNK6spdlog7details10backtracer7enabledEv'
build-release-assets (windows-latest, windows, amd64, ragcli.exe)	UNKNOWN STEP	2026-07-27T16:40:19.7842235Z C:/mingw64/bin/../lib/gcc/x86_64-w64-mingw32/15.2.0/../../../../x86_64-w64-mingw32/bin/ld.exe: _deps/llm_client-build/CMakeFiles/llm_client_shared.dir/src/ollama_client.cpp.obj:ollama_client.cpp:(.text+0x70a3): undefined reference to `__imp__ZN3fmt3v126detail10vformat_toERNS1_6bufferIcEENS0_17basic_string_viewIcEENS0_17basic_format_argsINS0_7contextEEENS0_10locale_refE'
build-release-assets (windows-latest, windows, amd64, ragcli.exe)	UNKNOWN STEP	2026-07-27T16:40:19.7846725Z C:/mingw64/bin/../lib/gcc/x86_64-w64-mingw32/15.2.0/../../../../x86_64-w64-mingw32/bin/ld.exe: _deps/llm_client-build/CMakeFiles/llm_client_shared.dir/src/ollama_client.cpp.obj:ollama_client.cpp:(.text+0x7137): undefined reference to `__imp__ZN6spdlog7details7log_msgC1ENS_10source_locEN3fmt3v1217basic_string_viewIcEENS_5level10level_enumES6_'
build-release-assets (windows-latest, windows, amd64, ragcli.exe)	UNKNOWN STEP	2026-07-27T16:40:19.7850611Z C:/mingw64/bin/../lib/gcc/x86_64-w64-mingw32/15.2.0/../../../../x86_64-w64-mingw32/bin/ld.exe: _deps/llm_client-build/CMakeFiles/llm_client_shared.dir/src/ollama_client.cpp.obj:ollama_client.cpp:(.text+0x7150): undefined reference to `__imp__ZN6spdlog6logger7log_it_ERKNS_7details7log_msgEbb'
build-release-assets (windows-latest, windows, amd64, ragcli.exe)	UNKNOWN STEP	2026-07-27T16:40:19.7855068Z C:/mingw64/bin/../lib/gcc/x86_64-w64-mingw32/15.2.0/../../../../x86_64-w64-mingw32/bin/ld.exe: _deps/llm_client-build/CMakeFiles/llm_client_shared.dir/src/ollama_client.cpp.obj:ollama_client.cpp:(.text+0x7185): undefined reference to `cpr::CaseInsensitiveCompare::operator()(std::__cxx11::basic_string<char, std::char_traits<char>, std::allocator<char> > const&, std::__cxx11::basic_string<char, std::char_traits<char>, std::allocator<char> > const&) const'
build-release-assets (windows-latest, windows, amd64, ragcli.exe)	UNKNOWN STEP	2026-07-27T16:40:19.7860162Z C:/mingw64/bin/../lib/gcc/x86_64-w64-mingw32/15.2.0/../../../../x86_64-w64-mingw32/bin/ld.exe: _deps/llm_client-build/CMakeFiles/llm_client_shared.dir/src/ollama_client.cpp.obj:ollama_client.cpp:(.text+0x721f): undefined reference to `__imp__ZN3fmt3v126detail10vformat_toERNS1_6bufferIcEENS0_17basic_string_viewIcEENS0_17basic_format_argsINS0_7contextEEENS0_10locale_refE'
build-release-assets (windows-latest, windows, amd64, ragcli.exe)	UNKNOWN STEP	2026-07-27T16:40:19.7864317Z C:/mingw64/bin/../lib/gcc/x86_64-w64-mingw32/15.2.0/../../../../x86_64-w64-mingw32/bin/ld.exe: _deps/llm_client-build/CMakeFiles/llm_client_shared.dir/src/ollama_client.cpp.obj:ollama_client.cpp:(.text+0x72b3): undefined reference to `__imp__ZN6spdlog7details7log_msgC1ENS_10source_locEN3fmt3v1217basic_string_viewIcEENS_5level10level_enumES6_'
build-release-assets (windows-latest, windows, amd64, ragcli.exe)	UNKNOWN STEP	2026-07-27T16:40:19.7867971Z C:/mingw64/bin/../lib/gcc/x86_64-w64-mingw32/15.2.0/../../../../x86_64-w64-mingw32/bin/ld.exe: _deps/llm_client-build/CMakeFiles/llm_client_shared.dir/src/ollama_client.cpp.obj:ollama_client.cpp:(.text+0x72ca): undefined reference to `__imp__ZN6spdlog6logger7log_it_ERKNS_7details7log_msgEbb'
build-release-assets (windows-latest, windows, amd64, ragcli.exe)	UNKNOWN STEP	2026-07-27T16:40:19.7871500Z C:/mingw64/bin/../lib/gcc/x86_64-w64-mingw32/15.2.0/../../../../x86_64-w64-mingw32/bin/ld.exe: _deps/llm_client-build/CMakeFiles/llm_client_shared.dir/src/ollama_client.cpp.obj:ollama_client.cpp:(.text+0x77a9): undefined reference to `__imp__ZNK6spdlog6logger12err_handler_ERKNSt7__cxx1112basic_stringIcSt11char_traitsIcESaIcEEE'
build-release-assets (windows-latest, windows, amd64, ragcli.exe)	UNKNOWN STEP	2026-07-27T16:40:19.7875251Z C:/mingw64/bin/../lib/gcc/x86_64-w64-mingw32/15.2.0/../../../../x86_64-w64-mingw32/bin/ld.exe: _deps/llm_client-build/CMakeFiles/llm_client_shared.dir/src/ollama_client.cpp.obj:ollama_client.cpp:(.text+0x7839): undefined reference to `__imp__ZNK6spdlog6logger12err_handler_ERKNSt7__cxx1112basic_stringIcSt11char_traitsIcESaIcEEE'
build-release-assets (windows-latest, windows, amd64, ragcli.exe)	UNKNOWN STEP	2026-07-27T16:40:19.7879333Z C:/mingw64/bin/../lib/gcc/x86_64-w64-mingw32/15.2.0/../../../../x86_64-w64-mingw32/bin/ld.exe: _deps/llm_client-build/CMakeFiles/llm_client_shared.dir/src/ollama_client.cpp.obj:ollama_client.cpp:(.text+0x7943): undefined reference to `__imp__ZNK6spdlog6logger12err_handler_ERKNSt7__cxx1112basic_stringIcSt11char_traitsIcESaIcEEE'
build-release-assets (windows-latest, windows, amd64, ragcli.exe)	UNKNOWN STEP	2026-07-27T16:40:19.7883124Z C:/mingw64/bin/../lib/gcc/x86_64-w64-mingw32/15.2.0/../../../../x86_64-w64-mingw32/bin/ld.exe: _deps/llm_client-build/CMakeFiles/llm_client_shared.dir/src/ollama_client.cpp.obj:ollama_client.cpp:(.text+0x7975): undefined reference to `__imp__ZNK6spdlog6logger12err_handler_ERKNSt7__cxx1112basic_stringIcSt11char_traitsIcESaIcEEE'
build-release-assets (windows-latest, windows, amd64, ragcli.exe)	UNKNOWN STEP	2026-07-27T16:40:19.7886653Z C:/mingw64/bin/../lib/gcc/x86_64-w64-mingw32/15.2.0/../../../../x86_64-w64-mingw32/bin/ld.exe: _deps/llm_client-build/CMakeFiles/llm_client_shared.dir/src/ollama_client.cpp.obj:ollama_client.cpp:(.text+0x7af5): undefined reference to `__imp__ZNK6spdlog7details10backtracer7enabledEv'
build-release-assets (windows-latest, windows, amd64, ragcli.exe)	UNKNOWN STEP	2026-07-27T16:40:19.7890775Z C:/mingw64/bin/../lib/gcc/x86_64-w64-mingw32/15.2.0/../../../../x86_64-w64-mingw32/bin/ld.exe: _deps/llm_client-build/CMakeFiles/llm_client_shared.dir/src/ollama_client.cpp.obj:ollama_client.cpp:(.text+0x81df): undefined reference to `__imp__ZN3fmt3v126detail10vformat_toERNS1_6bufferIcEENS0_17basic_string_viewIcEENS0_17basic_format_argsINS0_7contextEEENS0_10locale_refE'
build-release-assets (windows-latest, windows, amd64, ragcli.exe)	UNKNOWN STEP	2026-07-27T16:40:19.7894928Z C:/mingw64/bin/../lib/gcc/x86_64-w64-mingw32/15.2.0/../../../../x86_64-w64-mingw32/bin/ld.exe: _deps/llm_client-build/CMakeFiles/llm_client_shared.dir/src/ollama_client.cpp.obj:ollama_client.cpp:(.text+0x8270): undefined reference to `__imp__ZN6spdlog7details7log_msgC1ENS_10source_locEN3fmt3v1217basic_string_viewIcEENS_5level10level_enumES6_'
build-release-assets (windows-latest, windows, amd64, ragcli.exe)	UNKNOWN STEP	2026-07-27T16:40:19.7898864Z C:/mingw64/bin/../lib/gcc/x86_64-w64-mingw32/15.2.0/../../../../x86_64-w64-mingw32/bin/ld.exe: _deps/llm_client-build/CMakeFiles/llm_client_shared.dir/src/ollama_client.cpp.obj:ollama_client.cpp:(.text+0x8289): undefined reference to `__imp__ZN6spdlog6logger7log_it_ERKNS_7details7log_msgEbb'
build-release-assets (windows-latest, windows, amd64, ragcli.exe)	UNKNOWN STEP	2026-07-27T16:40:19.7903102Z C:/mingw64/bin/../lib/gcc/x86_64-w64-mingw32/15.2.0/../../../../x86_64-w64-mingw32/bin/ld.exe: _deps/llm_client-build/CMakeFiles/llm_client_shared.dir/src/ollama_client.cpp.obj:ollama_client.cpp:(.text+0x82bd): undefined reference to `cpr::CaseInsensitiveCompare::operator()(std::__cxx11::basic_string<char, std::char_traits<char>, std::allocator<char> > const&, std::__cxx11::basic_string<char, std::char_traits<char>, std::allocator<char> > const&) const'
build-release-assets (windows-latest, windows, amd64, ragcli.exe)	UNKNOWN STEP	2026-07-27T16:40:19.7908015Z C:/mingw64/bin/../lib/gcc/x86_64-w64-mingw32/15.2.0/../../../../x86_64-w64-mingw32/bin/ld.exe: _deps/llm_client-build/CMakeFiles/llm_client_shared.dir/src/ollama_client.cpp.obj:ollama_client.cpp:(.text+0x837a): undefined reference to `__imp__ZN3fmt3v126detail10vformat_toERNS1_6bufferIcEENS0_17basic_string_viewIcEENS0_17basic_format_argsINS0_7contextEEENS0_10locale_refE'
build-release-assets (windows-latest, windows, amd64, ragcli.exe)	UNKNOWN STEP	2026-07-27T16:40:19.7912520Z C:/mingw64/bin/../lib/gcc/x86_64-w64-mingw32/15.2.0/../../../../x86_64-w64-mingw32/bin/ld.exe: _deps/llm_client-build/CMakeFiles/llm_client_shared.dir/src/ollama_client.cpp.obj:ollama_client.cpp:(.text+0x840b): undefined reference to `__imp__ZN6spdlog7details7log_msgC1ENS_10source_locEN3fmt3v1217basic_string_viewIcEENS_5level10level_enumES6_'
build-release-assets (windows-latest, windows, amd64, ragcli.exe)	UNKNOWN STEP	2026-07-27T16:40:19.7916424Z C:/mingw64/bin/../lib/gcc/x86_64-w64-mingw32/15.2.0/../../../../x86_64-w64-mingw32/bin/ld.exe: _deps/llm_client-build/CMakeFiles/llm_client_shared.dir/src/ollama_client.cpp.obj:ollama_client.cpp:(.text+0x8422): undefined reference to `__imp__ZN6spdlog6logger7log_it_ERKNS_7details7log_msgEbb'
build-release-assets (windows-latest, windows, amd64, ragcli.exe)	UNKNOWN STEP	2026-07-27T16:40:19.7920530Z C:/mingw64/bin/../lib/gcc/x86_64-w64-mingw32/15.2.0/../../../../x86_64-w64-mingw32/bin/ld.exe: _deps/llm_client-build/CMakeFiles/llm_client_shared.dir/src/ollama_client.cpp.obj:ollama_client.cpp:(.text+0x8e72): undefined reference to `__imp__ZNK6spdlog6logger12err_handler_ERKNSt7__cxx1112basic_stringIcSt11char_traitsIcESaIcEEE'
build-release-assets (windows-latest, windows, amd64, ragcli.exe)	UNKNOWN STEP	2026-07-27T16:40:19.7924666Z C:/mingw64/bin/../lib/gcc/x86_64-w64-mingw32/15.2.0/../../../../x86_64-w64-mingw32/bin/ld.exe: _deps/llm_client-build/CMakeFiles/llm_client_shared.dir/src/ollama_client.cpp.obj:ollama_client.cpp:(.text+0x8ee1): undefined reference to `__imp__ZNK6spdlog6logger12err_handler_ERKNSt7__cxx1112basic_stringIcSt11char_traitsIcESaIcEEE'
build-release-assets (windows-latest, windows, amd64, ragcli.exe)	UNKNOWN STEP	2026-07-27T16:40:19.7928803Z C:/mingw64/bin/../lib/gcc/x86_64-w64-mingw32/15.2.0/../../../../x86_64-w64-mingw32/bin/ld.exe: _deps/llm_client-build/CMakeFiles/llm_client_shared.dir/src/ollama_client.cpp.obj:ollama_client.cpp:(.text+0x8f85): undefined reference to `__imp__ZNK6spdlog6logger12err_handler_ERKNSt7__cxx1112basic_stringIcSt11char_traitsIcESaIcEEE'
build-release-assets (windows-latest, windows, amd64, ragcli.exe)	UNKNOWN STEP	2026-07-27T16:40:19.7932882Z C:/mingw64/bin/../lib/gcc/x86_64-w64-mingw32/15.2.0/../../../../x86_64-w64-mingw32/bin/ld.exe: _deps/llm_client-build/CMakeFiles/llm_client_shared.dir/src/ollama_client.cpp.obj:ollama_client.cpp:(.text+0x8fbc): undefined reference to `__imp__ZNK6spdlog6logger12err_handler_ERKNSt7__cxx1112basic_stringIcSt11char_traitsIcESaIcEEE'
build-release-assets (windows-latest, windows, amd64, ragcli.exe)	UNKNOWN STEP	2026-07-27T16:40:19.7941218Z C:/mingw64/bin/../lib/gcc/x86_64-w64-mingw32/15.2.0/../../../../x86_64-w64-mingw32/bin/ld.exe: _deps/llm_client-build/CMakeFiles/llm_client_shared.dir/src/ollama_client.cpp.obj:ollama_client.cpp:(.text$_ZNSt8_Rb_treeINSt7__cxx1112basic_stringIcSt11char_traitsIcESaIcEEESt4pairIKS5_S5_ESt10_Select1stIS8_EN3cpr22CaseInsensitiveCompareESaIS8_EE29_M_get_insert_hint_unique_posESt23_Rb_tree_const_iteratorIS8_ERS7_[_ZNSt8_Rb_treeINSt7__cxx1112basic_stringIcSt11char_traitsIcESaIcEEESt4pairIKS5_S5_ESt10_Select1stIS8_EN3cpr22CaseInsensitiveCompareESaIS8_EE29_M_get_insert_hint_unique_posESt23_Rb_tree_const_iteratorIS8_ERS7_]+0x2f): undefined reference to `cpr::CaseInsensitiveCompare::operator()(std::__cxx11::basic_string<char, std::char_traits<char>, std::allocator<char> > const&, std::__cxx11::basic_string<char, std::char_traits<char>, std::allocator<char> > const&) const'
build-release-assets (windows-latest, windows, amd64, ragcli.exe)	UNKNOWN STEP	2026-07-27T16:40:19.7952310Z C:/mingw64/bin/../lib/gcc/x86_64-w64-mingw32/15.2.0/../../../../x86_64-w64-mingw32/bin/ld.exe: _deps/llm_client-build/CMakeFiles/llm_client_shared.dir/src/ollama_client.cpp.obj:ollama_client.cpp:(.text$_ZNSt8_Rb_treeINSt7__cxx1112basic_stringIcSt11char_traitsIcESaIcEEESt4pairIKS5_S5_ESt10_Select1stIS8_EN3cpr22CaseInsensitiveCompareESaIS8_EE29_M_get_insert_hint_unique_posESt23_Rb_tree_const_iteratorIS8_ERS7_[_ZNSt8_Rb_treeINSt7__cxx1112basic_stringIcSt11char_traitsIcESaIcEEESt4pairIKS5_S5_ESt10_Select1stIS8_EN3cpr22CaseInsensitiveCompareESaIS8_EE29_M_get_insert_hint_unique_posESt23_Rb_tree_const_iteratorIS8_ERS7_]+0x5e): undefined reference to `cpr::CaseInsensitiveCompare::operator()(std::__cxx11::basic_string<char, std::char_traits<char>, std::allocator<char> > const&, std::__cxx11::basic_string<char, std::char_traits<char>, std::allocator<char> > const&) const'
build-release-assets (windows-latest, windows, amd64, ragcli.exe)	UNKNOWN STEP	2026-07-27T16:40:19.7962918Z C:/mingw64/bin/../lib/gcc/x86_64-w64-mingw32/15.2.0/../../../../x86_64-w64-mingw32/bin/ld.exe: _deps/llm_client-build/CMakeFiles/llm_client_shared.dir/src/ollama_client.cpp.obj:ollama_client.cpp:(.text$_ZNSt8_Rb_treeINSt7__cxx1112basic_stringIcSt11char_traitsIcESaIcEEESt4pairIKS5_S5_ESt10_Select1stIS8_EN3cpr22CaseInsensitiveCompareESaIS8_EE29_M_get_insert_hint_unique_posESt23_Rb_tree_const_iteratorIS8_ERS7_[_ZNSt8_Rb_treeINSt7__cxx1112basic_stringIcSt11char_traitsIcESaIcEEESt4pairIKS5_S5_ESt10_Select1stIS8_EN3cpr22CaseInsensitiveCompareESaIS8_EE29_M_get_insert_hint_unique_posESt23_Rb_tree_const_iteratorIS8_ERS7_]+0xae): undefined reference to `cpr::CaseInsensitiveCompare::operator()(std::__cxx11::basic_string<char, std::char_traits<char>, std::allocator<char> > const&, std::__cxx11::basic_string<char, std::char_traits<char>, std::allocator<char> > const&) const'
build-release-assets (windows-latest, windows, amd64, ragcli.exe)	UNKNOWN STEP	2026-07-27T16:40:19.7973315Z C:/mingw64/bin/../lib/gcc/x86_64-w64-mingw32/15.2.0/../../../../x86_64-w64-mingw32/bin/ld.exe: _deps/llm_client-build/CMakeFiles/llm_client_shared.dir/src/ollama_client.cpp.obj:ollama_client.cpp:(.text$_ZNSt8_Rb_treeINSt7__cxx1112basic_stringIcSt11char_traitsIcESaIcEEESt4pairIKS5_S5_ESt10_Select1stIS8_EN3cpr22CaseInsensitiveCompareESaIS8_EE29_M_get_insert_hint_unique_posESt23_Rb_tree_const_iteratorIS8_ERS7_[_ZNSt8_Rb_treeINSt7__cxx1112basic_stringIcSt11char_traitsIcESaIcEEESt4pairIKS5_S5_ESt10_Select1stIS8_EN3cpr22CaseInsensitiveCompareESaIS8_EE29_M_get_insert_hint_unique_posESt23_Rb_tree_const_iteratorIS8_ERS7_]+0xe1): undefined reference to `cpr::CaseInsensitiveCompare::operator()(std::__cxx11::basic_string<char, std::char_traits<char>, std::allocator<char> > const&, std::__cxx11::basic_string<char, std::char_traits<char>, std::allocator<char> > const&) const'
build-release-assets (windows-latest, windows, amd64, ragcli.exe)	UNKNOWN STEP	2026-07-27T16:40:19.7984063Z C:/mingw64/bin/../lib/gcc/x86_64-w64-mingw32/15.2.0/../../../../x86_64-w64-mingw32/bin/ld.exe: _deps/llm_client-build/CMakeFiles/llm_client_shared.dir/src/ollama_client.cpp.obj:ollama_client.cpp:(.text$_ZNSt8_Rb_treeINSt7__cxx1112basic_stringIcSt11char_traitsIcESaIcEEESt4pairIKS5_S5_ESt10_Select1stIS8_EN3cpr22CaseInsensitiveCompareESaIS8_EE29_M_get_insert_hint_unique_posESt23_Rb_tree_const_iteratorIS8_ERS7_[_ZNSt8_Rb_treeINSt7__cxx1112basic_stringIcSt11char_traitsIcESaIcEEESt4pairIKS5_S5_ESt10_Select1stIS8_EN3cpr22CaseInsensitiveCompareESaIS8_EE29_M_get_insert_hint_unique_posESt23_Rb_tree_const_iteratorIS8_ERS7_]+0x125): undefined reference to `cpr::CaseInsensitiveCompare::operator()(std::__cxx11::basic_string<char, std::char_traits<char>, std::allocator<char> > const&, std::__cxx11::basic_string<char, std::char_traits<char>, std::allocator<char> > const&) const'
build-release-assets (windows-latest, windows, amd64, ragcli.exe)	UNKNOWN STEP	2026-07-27T16:40:19.7994649Z C:/mingw64/bin/../lib/gcc/x86_64-w64-mingw32/15.2.0/../../../../x86_64-w64-mingw32/bin/ld.exe: _deps/llm_client-build/CMakeFiles/llm_client_shared.dir/src/ollama_client.cpp.obj:ollama_client.cpp:(.text$_ZNSt8_Rb_treeINSt7__cxx1112basic_stringIcSt11char_traitsIcESaIcEEESt4pairIKS5_S5_ESt10_Select1stIS8_EN3cpr22CaseInsensitiveCompareESaIS8_EE29_M_get_insert_hint_unique_posESt23_Rb_tree_const_iteratorIS8_ERS7_[_ZNSt8_Rb_treeINSt7__cxx1112basic_stringIcSt11char_traitsIcESaIcEEESt4pairIKS5_S5_ESt10_Select1stIS8_EN3cpr22CaseInsensitiveCompareESaIS8_EE29_M_get_insert_hint_unique_posESt23_Rb_tree_const_iteratorIS8_ERS7_]+0x15a): more undefined references to `cpr::CaseInsensitiveCompare::operator()(std::__cxx11::basic_string<char, std::char_traits<char>, std::allocator<char> > const&, std::__cxx11::basic_string<char, std::char_traits<char>, std::allocator<char> > const&) const' follow
build-release-assets (windows-latest, windows, amd64, ragcli.exe)	UNKNOWN STEP	2026-07-27T16:40:19.8000505Z collect2.exe: error: ld returned 1 exit status
build-release-assets (windows-latest, windows, amd64, ragcli.exe)	UNKNOWN STEP	2026-07-27T16:40:20.4190769Z [67/69] Linking CXX executable ragcli.exe
build-release-assets (windows-latest, windows, amd64, ragcli.exe)	UNKNOWN STEP	2026-07-27T16:40:20.4191873Z FAILED: [code=1] ragcli.exe 
build-release-assets (windows-latest, windows, amd64, ragcli.exe)	UNKNOWN STEP	2026-07-27T16:40:20.4202907Z C:\Windows\system32\cmd.exe /C "cd . && C:\mingw64\bin\c++.exe -O3 -DNDEBUG  CMakeFiles/ragcli.dir/src/main.cpp.obj CMakeFiles/ragcli.dir/src/utils/stb_image_impl.cpp.obj -o ragcli.exe -Wl,--out-implib,libragcli.dll.a -Wl,--major-image-version,0,--minor-image-version,0  _deps/wcppcli-build/libwcppcli.a  _deps/llm_client-build/libllm_client.a  _deps/cpppdf-build/libcpppdf.a  vcpkg_installed/x64-windows/lib/cpr.lib  vcpkg_installed/x64-windows/lib/libcurl.lib  vcpkg_installed/x64-windows/lib/spdlog.lib  vcpkg_installed/x64-windows/lib/fmt.lib  vcpkg_installed/x64-windows/lib/z.lib  -lkernel32 -luser32 -lgdi32 -lwinspool -lshell32 -lole32 -loleaut32 -luuid -lcomdlg32 -ladvapi32 && C:\Windows\system32\cmd.exe /C "cd /D D:\a\ragcli\ragcli\build\release && C:\Users\runneradmin\vcpkg\vcpkg.exe z-applocal --target-binary=D:/a/ragcli/ragcli/build/release/ragcli.exe --installed-bin-dir=D:/a/ragcli/ragcli/build/release/vcpkg_installed/x64-windows/bin""
build-release-assets (windows-latest, windows, amd64, ragcli.exe)	UNKNOWN STEP	2026-07-27T16:40:20.4238465Z C:/mingw64/bin/../lib/gcc/x86_64-w64-mingw32/15.2.0/../../../../x86_64-w64-mingw32/bin/ld.exe: CMakeFiles/ragcli.dir/src/main.cpp.obj:main.cpp:(.text$_ZNK6ragcli6qdrant12QdrantClient17delete_collectionEv[_ZNK6ragcli6qdrant12QdrantClient17delete_collectionEv]+0x190): undefined reference to `cpr::Session::Session()'
build-release-assets (windows-latest, windows, amd64, ragcli.exe)	UNKNOWN STEP	2026-07-27T16:40:20.4260682Z C:/mingw64/bin/../lib/gcc/x86_64-w64-mingw32/15.2.0/../../../../x86_64-w64-mingw32/bin/ld.exe: CMakeFiles/ragcli.dir/src/main.cpp.obj:main.cpp:(.text$_ZNK6ragcli6qdrant12QdrantClient17delete_collectionEv[_ZNK6ragcli6qdrant12QdrantClient17delete_collectionEv]+0x19b): undefined reference to `cpr::Session::SetOption(cpr::Url const&)'
build-release-assets (windows-latest, windows, amd64, ragcli.exe)	UNKNOWN STEP	2026-07-27T16:40:20.4284670Z C:/mingw64/bin/../lib/gcc/x86_64-w64-mingw32/15.2.0/../../../../x86_64-w64-mingw32/bin/ld.exe: CMakeFiles/ragcli.dir/src/main.cpp.obj:main.cpp:(.text$_ZNK6ragcli6qdrant12QdrantClient17delete_collectionEv[_ZNK6ragcli6qdrant12QdrantClient17delete_collectionEv]+0x1ae): undefined reference to `cpr::Session::Delete()'
build-release-assets (windows-latest, windows, amd64, ragcli.exe)	UNKNOWN STEP	2026-07-27T16:40:20.4321167Z C:/mingw64/bin/../lib/gcc/x86_64-w64-mingw32/15.2.0/../../../../x86_64-w64-mingw32/bin/ld.exe: CMakeFiles/ragcli.dir/src/main.cpp.obj:main.cpp:(.text$_ZNSt8_Rb_treeINSt7__cxx1112basic_stringIcSt11char_traitsIcESaIcEEESt4pairIKS5_S5_ESt10_Select1stIS8_EN3cpr22CaseInsensitiveCompareESaIS8_EE24_M_get_insert_unique_posERS7_[_ZNSt8_Rb_treeINSt7__cxx1112basic_stringIcSt11char_traitsIcESaIcEEESt4pairIKS5_S5_ESt10_Select1stIS8_EN3cpr22CaseInsensitiveCompareESaIS8_EE24_M_get_insert_unique_posERS7_]+0x39): undefined reference to `cpr::CaseInsensitiveCompare::operator()(std::__cxx11::basic_string<char, std::char_traits<char>, std::allocator<char> > const&, std::__cxx11::basic_string<char, std::char_traits<char>, std::allocator<char> > const&) const'
build-release-assets (windows-latest, windows, amd64, ragcli.exe)	UNKNOWN STEP	2026-07-27T16:40:20.4368677Z C:/mingw64/bin/../lib/gcc/x86_64-w64-mingw32/15.2.0/../../../../x86_64-w64-mingw32/bin/ld.exe: CMakeFiles/ragcli.dir/src/main.cpp.obj:main.cpp:(.text$_ZNSt8_Rb_treeINSt7__cxx1112basic_stringIcSt11char_traitsIcESaIcEEESt4pairIKS5_S5_ESt10_Select1stIS8_EN3cpr22CaseInsensitiveCompareESaIS8_EE24_M_get_insert_unique_posERS7_[_ZNSt8_Rb_treeINSt7__cxx1112basic_stringIcSt11char_traitsIcESaIcEEESt4pairIKS5_S5_ESt10_Select1stIS8_EN3cpr22CaseInsensitiveCompareESaIS8_EE24_M_get_insert_unique_posERS7_]+0x79): undefined reference to `cpr::CaseInsensitiveCompare::operator()(std::__cxx11::basic_string<char, std::char_traits<char>, std::allocator<char> > const&, std::__cxx11::basic_string<char, std::char_traits<char>, std::allocator<char> > const&) const'
build-release-assets (windows-latest, windows, amd64, ragcli.exe)	UNKNOWN STEP	2026-07-27T16:40:20.4408500Z C:/mingw64/bin/../lib/gcc/x86_64-w64-mingw32/15.2.0/../../../../x86_64-w64-mingw32/bin/ld.exe: CMakeFiles/ragcli.dir/src/main.cpp.obj:main.cpp:(.text$_ZN6ragcli6qdrant12QdrantClient22execute_search_requestERKNSt7__cxx1112basic_stringIcSt11char_traitsIcESaIcEEES9_[_ZN6ragcli6qdrant12QdrantClient22execute_search_requestERKNSt7__cxx1112basic_stringIcSt11char_traitsIcESaIcEEES9_]+0x39c): undefined reference to `cpr::Session::Session()'
build-release-assets (windows-latest, windows, amd64, ragcli.exe)	UNKNOWN STEP	2026-07-27T16:40:20.4440210Z C:/mingw64/bin/../lib/gcc/x86_64-w64-mingw32/15.2.0/../../../../x86_64-w64-mingw32/bin/ld.exe: CMakeFiles/ragcli.dir/src/main.cpp.obj:main.cpp:(.text$_ZN6ragcli6qdrant12QdrantClient22execute_search_requestERKNSt7__cxx1112basic_stringIcSt11char_traitsIcESaIcEEES9_[_ZN6ragcli6qdrant12QdrantClient22execute_search_requestERKNSt7__cxx1112basic_stringIcSt11char_traitsIcESaIcEEES9_]+0x3ac): undefined reference to `cpr::Session::SetOption(cpr::Url const&)'
build-release-assets (windows-latest, windows, amd64, ragcli.exe)	UNKNOWN STEP	2026-07-27T16:40:20.4487526Z C:/mingw64/bin/../lib/gcc/x86_64-w64-mingw32/15.2.0/../../../../x86_64-w64-mingw32/bin/ld.exe: CMakeFiles/ragcli.dir/src/main.cpp.obj:main.cpp:(.text$_ZN6ragcli6qdrant12QdrantClient22execute_search_requestERKNSt7__cxx1112basic_stringIcSt11char_traitsIcESaIcEEES9_[_ZN6ragcli6qdrant12QdrantClient22execute_search_requestERKNSt7__cxx1112basic_stringIcSt11char_traitsIcESaIcEEES9_]+0x3c1): undefined reference to `cpr::Session::SetOption(std::map<std::__cxx11::basic_string<char, std::char_traits<char>, std::allocator<char> >, std::__cxx11::basic_string<char, std::char_traits<char>, std::allocator<char> >, cpr::CaseInsensitiveCompare, std::allocator<std::pair<std::__cxx11::basic_string<char, std::char_traits<char>, std::allocator<char> > const, std::__cxx11::basic_string<char, std::char_traits<char>, std::allocator<char> > > > > const&)'
build-release-assets (windows-latest, windows, amd64, ragcli.exe)	UNKNOWN STEP	2026-07-27T16:40:20.4532986Z C:/mingw64/bin/../lib/gcc/x86_64-w64-mingw32/15.2.0/../../../../x86_64-w64-mingw32/bin/ld.exe: CMakeFiles/ragcli.dir/src/main.cpp.obj:main.cpp:(.text$_ZN6ragcli6qdrant12QdrantClient22execute_search_requestERKNSt7__cxx1112basic_stringIcSt11char_traitsIcESaIcEEES9_[_ZN6ragcli6qdrant12QdrantClient22execute_search_requestERKNSt7__cxx1112basic_stringIcSt11char_traitsIcESaIcEEES9_]+0x3d6): undefined reference to `cpr::Session::SetOption(cpr::Body&&)'
build-release-assets (windows-latest, windows, amd64, ragcli.exe)	UNKNOWN STEP	2026-07-27T16:40:20.4561614Z C:/mingw64/bin/../lib/gcc/x86_64-w64-mingw32/15.2.0/../../../../x86_64-w64-mingw32/bin/ld.exe: CMakeFiles/ragcli.dir/src/main.cpp.obj:main.cpp:(.text$_ZN6ragcli6qdrant12QdrantClient22execute_search_requestERKNSt7__cxx1112basic_stringIcSt11char_traitsIcESaIcEEES9_[_ZN6ragcli6qdrant12QdrantClient22execute_search_requestERKNSt7__cxx1112basic_stringIcSt11char_traitsIcESaIcEEES9_]+0x3eb): undefined reference to `cpr::Session::Post()'
build-release-assets (windows-latest, windows, amd64, ragcli.exe)	UNKNOWN STEP	2026-07-27T16:40:20.4591070Z C:/mingw64/bin/../lib/gcc/x86_64-w64-mingw32/15.2.0/../../../../x86_64-w64-mingw32/bin/ld.exe: CMakeFiles/ragcli.dir/src/main.cpp.obj:main.cpp:(.text$_ZNK6ragcli6qdrant12QdrantClient17create_collectionEiRKNSt7__cxx1112basic_stringIcSt11char_traitsIcESaIcEEE[_ZNK6ragcli6qdrant12QdrantClient17create_collectionEiRKNSt7__cxx1112basic_stringIcSt11char_traitsIcESaIcEEE]+0x588): undefined reference to `cpr::Session::Session()'
build-release-assets (windows-latest, windows, amd64, ragcli.exe)	UNKNOWN STEP	2026-07-27T16:40:20.4627781Z C:/mingw64/bin/../lib/gcc/x86_64-w64-mingw32/15.2.0/../../../../x86_64-w64-mingw32/bin/ld.exe: CMakeFiles/ragcli.dir/src/main.cpp.obj:main.cpp:(.text$_ZNK6ragcli6qdrant12QdrantClient17create_collectionEiRKNSt7__cxx1112basic_stringIcSt11char_traitsIcESaIcEEE[_ZNK6ragcli6qdrant12QdrantClient17create_collectionEiRKNSt7__cxx1112basic_stringIcSt11char_traitsIcESaIcEEE]+0x593): undefined reference to `cpr::Session::SetOption(cpr::Url const&)'
build-release-assets (windows-latest, windows, amd64, ragcli.exe)	UNKNOWN STEP	2026-07-27T16:40:20.4668928Z C:/mingw64/bin/../lib/gcc/x86_64-w64-mingw32/15.2.0/../../../../x86_64-w64-mingw32/bin/ld.exe: CMakeFiles/ragcli.dir/src/main.cpp.obj:main.cpp:(.text$_ZNK6ragcli6qdrant12QdrantClient17create_collectionEiRKNSt7__cxx1112basic_stringIcSt11char_traitsIcESaIcEEE[_ZNK6ragcli6qdrant12QdrantClient17create_collectionEiRKNSt7__cxx1112basic_stringIcSt11char_traitsIcESaIcEEE]+0x5a3): undefined reference to `cpr::Session::SetOption(std::map<std::__cxx11::basic_string<char, std::char_traits<char>, std::allocator<char> >, std::__cxx11::basic_string<char, std::char_traits<char>, std::allocator<char> >, cpr::CaseInsensitiveCompare, std::allocator<std::pair<std::__cxx11::basic_string<char, std::char_traits<char>, std::allocator<char> > const, std::__cxx11::basic_string<char, std::char_traits<char>, std::allocator<char> > > > > const&)'
build-release-assets (windows-latest, windows, amd64, ragcli.exe)	UNKNOWN STEP	2026-07-27T16:40:20.4713354Z C:/mingw64/bin/../lib/gcc/x86_64-w64-mingw32/15.2.0/../../../../x86_64-w64-mingw32/bin/ld.exe: CMakeFiles/ragcli.dir/src/main.cpp.obj:main.cpp:(.text$_ZNK6ragcli6qdrant12QdrantClient17create_collectionEiRKNSt7__cxx1112basic_stringIcSt11char_traitsIcESaIcEEE[_ZNK6ragcli6qdrant12QdrantClient17create_collectionEiRKNSt7__cxx1112basic_stringIcSt11char_traitsIcESaIcEEE]+0x5b6): undefined reference to `cpr::Session::SetOption(cpr::Body&&)'
build-release-assets (windows-latest, windows, amd64, ragcli.exe)	UNKNOWN STEP	2026-07-27T16:40:20.4740992Z C:/mingw64/bin/../lib/gcc/x86_64-w64-mingw32/15.2.0/../../../../x86_64-w64-mingw32/bin/ld.exe: CMakeFiles/ragcli.dir/src/main.cpp.obj:main.cpp:(.text$_ZNK6ragcli6qdrant12QdrantClient17create_collectionEiRKNSt7__cxx1112basic_stringIcSt11char_traitsIcESaIcEEE[_ZNK6ragcli6qdrant12QdrantClient17create_collectionEiRKNSt7__cxx1112basic_stringIcSt11char_traitsIcESaIcEEE]+0x5c9): undefined reference to `cpr::Session::Put()'
build-release-assets (windows-latest, windows, amd64, ragcli.exe)	UNKNOWN STEP	2026-07-27T16:40:20.4767975Z C:/mingw64/bin/../lib/gcc/x86_64-w64-mingw32/15.2.0/../../../../x86_64-w64-mingw32/bin/ld.exe: CMakeFiles/ragcli.dir/src/main.cpp.obj:main.cpp:(.text$_ZN6ragcli3cmd17CollectionCommand14run_collectionEv[_ZN6ragcli3cmd17CollectionCommand14run_collectionEv]+0x5f9): undefined reference to `cpr::Session::Session()'
build-release-assets (windows-latest, windows, amd64, ragcli.exe)	UNKNOWN STEP	2026-07-27T16:40:20.4791809Z C:/mingw64/bin/../lib/gcc/x86_64-w64-mingw32/15.2.0/../../../../x86_64-w64-mingw32/bin/ld.exe: CMakeFiles/ragcli.dir/src/main.cpp.obj:main.cpp:(.text$_ZN6ragcli3cmd17CollectionCommand14run_collectionEv[_ZN6ragcli3cmd17CollectionCommand14run_collectionEv]+0x604): undefined reference to `cpr::Session::SetOption(cpr::Url const&)'
build-release-assets (windows-latest, windows, amd64, ragcli.exe)	UNKNOWN STEP	2026-07-27T16:40:20.4814232Z C:/mingw64/bin/../lib/gcc/x86_64-w64-mingw32/15.2.0/../../../../x86_64-w64-mingw32/bin/ld.exe: CMakeFiles/ragcli.dir/src/main.cpp.obj:main.cpp:(.text$_ZN6ragcli3cmd17CollectionCommand14run_collectionEv[_ZN6ragcli3cmd17CollectionCommand14run_collectionEv]+0x60f): undefined reference to `cpr::Session::Get()'
build-release-assets (windows-latest, windows, amd64, ragcli.exe)	UNKNOWN STEP	2026-07-27T16:40:20.4837637Z C:/mingw64/bin/../lib/gcc/x86_64-w64-mingw32/15.2.0/../../../../x86_64-w64-mingw32/bin/ld.exe: CMakeFiles/ragcli.dir/src/main.cpp.obj:main.cpp:(.text$_ZN6ragcli3cmd17CollectionCommand14run_collectionEv[_ZN6ragcli3cmd17CollectionCommand14run_collectionEv]+0x989): undefined reference to `cpr::Session::Session()'
build-release-assets (windows-latest, windows, amd64, ragcli.exe)	UNKNOWN STEP	2026-07-27T16:40:20.4867896Z C:/mingw64/bin/../lib/gcc/x86_64-w64-mingw32/15.2.0/../../../../x86_64-w64-mingw32/bin/ld.exe: CMakeFiles/ragcli.dir/src/main.cpp.obj:main.cpp:(.text$_ZN6ragcli3cmd17CollectionCommand14run_collectionEv[_ZN6ragcli3cmd17CollectionCommand14run_collectionEv]+0x994): undefined reference to `cpr::Session::SetOption(cpr::Url const&)'
build-release-assets (windows-latest, windows, amd64, ragcli.exe)	UNKNOWN STEP	2026-07-27T16:40:20.4889827Z C:/mingw64/bin/../lib/gcc/x86_64-w64-mingw32/15.2.0/../../../../x86_64-w64-mingw32/bin/ld.exe: CMakeFiles/ragcli.dir/src/main.cpp.obj:main.cpp:(.text$_ZN6ragcli3cmd17CollectionCommand14run_collectionEv[_ZN6ragcli3cmd17CollectionCommand14run_collectionEv]+0x99f): undefined reference to `cpr::Session::Get()'
build-release-assets (windows-latest, windows, amd64, ragcli.exe)	UNKNOWN STEP	2026-07-27T16:40:20.4910583Z C:/mingw64/bin/../lib/gcc/x86_64-w64-mingw32/15.2.0/../../../../x86_64-w64-mingw32/bin/ld.exe: CMakeFiles/ragcli.dir/src/main.cpp.obj:main.cpp:(.text$_ZNK6ragcli6qdrant12QdrantClient12upsert_pointERKSt6vectorIfSaIfEERKNS1_9PointDataE[_ZNK6ragcli6qdrant12QdrantClient12upsert_pointERKSt6vectorIfSaIfEERKNS1_9PointDataE]+0x799): undefined reference to `cpr::Session::Session()'
build-release-assets (windows-latest, windows, amd64, ragcli.exe)	UNKNOWN STEP	2026-07-27T16:40:20.4934800Z C:/mingw64/bin/../lib/gcc/x86_64-w64-mingw32/15.2.0/../../../../x86_64-w64-mingw32/bin/ld.exe: CMakeFiles/ragcli.dir/src/main.cpp.obj:main.cpp:(.text$_ZNK6ragcli6qdrant12QdrantClient12upsert_pointERKSt6vectorIfSaIfEERKNS1_9PointDataE[_ZNK6ragcli6qdrant12QdrantClient12upsert_pointERKSt6vectorIfSaIfEERKNS1_9PointDataE]+0x7a9): undefined reference to `cpr::Session::SetOption(cpr::Url const&)'
build-release-assets (windows-latest, windows, amd64, ragcli.exe)	UNKNOWN STEP	2026-07-27T16:40:20.4975923Z C:/mingw64/bin/../lib/gcc/x86_64-w64-mingw32/15.2.0/../../../../x86_64-w64-mingw32/bin/ld.exe: CMakeFiles/ragcli.dir/src/main.cpp.obj:main.cpp:(.text$_ZNK6ragcli6qdrant12QdrantClient12upsert_pointERKSt6vectorIfSaIfEERKNS1_9PointDataE[_ZNK6ragcli6qdrant12QdrantClient12upsert_pointERKSt6vectorIfSaIfEERKNS1_9PointDataE]+0x7b9): undefined reference to `cpr::Session::SetOption(std::map<std::__cxx11::basic_string<char, std::char_traits<char>, std::allocator<char> >, std::__cxx11::basic_string<char, std::char_traits<char>, std::allocator<char> >, cpr::CaseInsensitiveCompare, std::allocator<std::pair<std::__cxx11::basic_string<char, std::char_traits<char>, std::allocator<char> > const, std::__cxx11::basic_string<char, std::char_traits<char>, std::allocator<char> > > > > const&)'
build-release-assets (windows-latest, windows, amd64, ragcli.exe)	UNKNOWN STEP	2026-07-27T16:40:20.5017174Z C:/mingw64/bin/../lib/gcc/x86_64-w64-mingw32/15.2.0/../../../../x86_64-w64-mingw32/bin/ld.exe: CMakeFiles/ragcli.dir/src/main.cpp.obj:main.cpp:(.text$_ZNK6ragcli6qdrant12QdrantClient12upsert_pointERKSt6vectorIfSaIfEERKNS1_9PointDataE[_ZNK6ragcli6qdrant12QdrantClient12upsert_pointERKSt6vectorIfSaIfEERKNS1_9PointDataE]+0x7c9): undefined reference to `cpr::Session::SetOption(cpr::Body&&)'
build-release-assets (windows-latest, windows, amd64, ragcli.exe)	UNKNOWN STEP	2026-07-27T16:40:20.5044875Z C:/mingw64/bin/../lib/gcc/x86_64-w64-mingw32/15.2.0/../../../../x86_64-w64-mingw32/bin/ld.exe: CMakeFiles/ragcli.dir/src/main.cpp.obj:main.cpp:(.text$_ZNK6ragcli6qdrant12QdrantClient12upsert_pointERKSt6vectorIfSaIfEERKNS1_9PointDataE[_ZNK6ragcli6qdrant12QdrantClient12upsert_pointERKSt6vectorIfSaIfEERKNS1_9PointDataE]+0x7d9): undefined reference to `cpr::Session::Put()'
build-release-assets (windows-latest, windows, amd64, ragcli.exe)	UNKNOWN STEP	2026-07-27T16:40:20.5065817Z C:/mingw64/bin/../lib/gcc/x86_64-w64-mingw32/15.2.0/../../../../x86_64-w64-mingw32/bin/ld.exe: _deps/llm_client-build/libllm_client.a(llm_client.cpp.obj):llm_client.cpp:(.text+0xfb): undefined reference to `__imp__ZNK6spdlog7details10backtracer7enabledEv'
build-release-assets (windows-latest, windows, amd64, ragcli.exe)	UNKNOWN STEP	2026-07-27T16:40:20.5087665Z C:/mingw64/bin/../lib/gcc/x86_64-w64-mingw32/15.2.0/../../../../x86_64-w64-mingw32/bin/ld.exe: _deps/llm_client-build/libllm_client.a(llm_client.cpp.obj):llm_client.cpp:(.text+0x1b4): undefined reference to `__imp__ZN3fmt3v126detail10vformat_toERNS1_6bufferIcEENS0_17basic_string_viewIcEENS0_17basic_format_argsINS0_7contextEEENS0_10locale_refE'
build-release-assets (windows-latest, windows, amd64, ragcli.exe)	UNKNOWN STEP	2026-07-27T16:40:20.5112223Z C:/mingw64/bin/../lib/gcc/x86_64-w64-mingw32/15.2.0/../../../../x86_64-w64-mingw32/bin/ld.exe: _deps/llm_client-build/libllm_client.a(llm_client.cpp.obj):llm_client.cpp:(.text+0x222): undefined reference to `__imp__ZN6spdlog7details7log_msgC1ENS_10source_locEN3fmt3v1217basic_string_viewIcEENS_5level10level_enumES6_'
build-release-assets (windows-latest, windows, amd64, ragcli.exe)	UNKNOWN STEP	2026-07-27T16:40:20.5135154Z C:/mingw64/bin/../lib/gcc/x86_64-w64-mingw32/15.2.0/../../../../x86_64-w64-mingw32/bin/ld.exe: _deps/llm_client-build/libllm_client.a(llm_client.cpp.obj):llm_client.cpp:(.text+0x23d): undefined reference to `__imp__ZN6spdlog6logger7log_it_ERKNS_7details7log_msgEbb'
build-release-assets (windows-latest, windows, amd64, ragcli.exe)	UNKNOWN STEP	2026-07-27T16:40:20.5154993Z C:/mingw64/bin/../lib/gcc/x86_64-w64-mingw32/15.2.0/../../../../x86_64-w64-mingw32/bin/ld.exe: _deps/llm_client-build/libllm_client.a(llm_client.cpp.obj):llm_client.cpp:(.text+0xa3c): undefined reference to `__imp__ZNK6spdlog6logger12err_handler_ERKNSt7__cxx1112basic_stringIcSt11char_traitsIcESaIcEEE'
build-release-assets (windows-latest, windows, amd64, ragcli.exe)	UNKNOWN STEP	2026-07-27T16:40:20.5173030Z C:/mingw64/bin/../lib/gcc/x86_64-w64-mingw32/15.2.0/../../../../x86_64-w64-mingw32/bin/ld.exe: _deps/llm_client-build/libllm_client.a(llm_client.cpp.obj):llm_client.cpp:(.text+0xa6e): undefined reference to `__imp__ZNK6spdlog6logger12err_handler_ERKNSt7__cxx1112basic_stringIcSt11char_traitsIcESaIcEEE'
build-release-assets (windows-latest, windows, amd64, ragcli.exe)	UNKNOWN STEP	2026-07-27T16:40:20.5194681Z C:/mingw64/bin/../lib/gcc/x86_64-w64-mingw32/15.2.0/../../../../x86_64-w64-mingw32/bin/ld.exe: _deps/llm_client-build/libllm_client.a(llm_client.cpp.obj):llm_client.cpp:(.text$_ZN3fmt3v1219basic_memory_bufferIcLy250ENS0_6detail9allocatorIcEEE4growERNS2_6bufferIcEEy[_ZN3fmt3v1219basic_memory_bufferIcLy250ENS0_6detail9allocatorIcEEE4growERNS2_6bufferIcEEy]+0x2a): undefined reference to `__imp__ZN3fmt3v126detail8allocateEy'
build-release-assets (windows-latest, windows, amd64, ragcli.exe)	UNKNOWN STEP	2026-07-27T16:40:20.5221729Z C:/mingw64/bin/../lib/gcc/x86_64-w64-mingw32/15.2.0/../../../../x86_64-w64-mingw32/bin/ld.exe: _deps/llm_client-build/libllm_client.a(llm_client.cpp.obj):llm_client.cpp:(.text$_ZN6spdlog6loggerD1Ev[_ZN6spdlog6loggerD1Ev]+0xd): undefined reference to `__imp__ZTVN6spdlog6loggerE'
build-release-assets (windows-latest, windows, amd64, ragcli.exe)	UNKNOWN STEP	2026-07-27T16:40:20.5243912Z C:/mingw64/bin/../lib/gcc/x86_64-w64-mingw32/15.2.0/../../../../x86_64-w64-mingw32/bin/ld.exe: _deps/llm_client-build/libllm_client.a(llm_client.cpp.obj):llm_client.cpp:(.text$_ZNSt23_Sp_counted_ptr_inplaceIN6spdlog6loggerESaIvELN9__gnu_cxx12_Lock_policyE2EE10_M_disposeEv[_ZNSt23_Sp_counted_ptr_inplaceIN6spdlog6loggerESaIvELN9__gnu_cxx12_Lock_policyE2EE10_M_disposeEv]+0x2b): undefined reference to `__imp__ZTVN6spdlog6loggerE'
build-release-assets (windows-latest, windows, amd64, ragcli.exe)	UNKNOWN STEP	2026-07-27T16:40:20.5273730Z C:/mingw64/bin/../lib/gcc/x86_64-w64-mingw32/15.2.0/../../../../x86_64-w64-mingw32/bin/ld.exe: _deps/llm_client-build/libllm_client.a(llm_client.cpp.obj):llm_client.cpp:(.text$_ZN10llm_client6Logger3getEv[_ZN10llm_client6Logger3getEv]+0xa1): undefined reference to `spdlog::sinks::wincolor_stdout_sink<spdlog::details::console_mutex>::wincolor_stdout_sink(spdlog::color_mode)'
build-release-assets (windows-latest, windows, amd64, ragcli.exe)	UNKNOWN STEP	2026-07-27T16:40:20.5300102Z C:/mingw64/bin/../lib/gcc/x86_64-w64-mingw32/15.2.0/../../../../x86_64-w64-mingw32/bin/ld.exe: _deps/llm_client-build/libllm_client.a(llm_client.cpp.obj):llm_client.cpp:(.text$_ZN10llm_client6Logger3getEv[_ZN10llm_client6Logger3getEv]+0x216): undefined reference to `__imp__ZTVN6spdlog6loggerE'
build-release-assets (windows-latest, windows, amd64, ragcli.exe)	UNKNOWN STEP	2026-07-27T16:40:20.5321480Z C:/mingw64/bin/../lib/gcc/x86_64-w64-mingw32/15.2.0/../../../../x86_64-w64-mingw32/bin/ld.exe: _deps/llm_client-build/libllm_client.a(llm_client.cpp.obj):llm_client.cpp:(.text$_ZN10llm_client6Logger3getEv[_ZN10llm_client6Logger3getEv]+0x3b9): undefined reference to `__imp__ZN6spdlog15register_loggerESt10shared_ptrINS_6loggerEE'
build-release-assets (windows-latest, windows, amd64, ragcli.exe)	UNKNOWN STEP	2026-07-27T16:40:20.5341589Z C:/mingw64/bin/../lib/gcc/x86_64-w64-mingw32/15.2.0/../../../../x86_64-w64-mingw32/bin/ld.exe: _deps/llm_client-build/libllm_client.a(llm_client.cpp.obj):llm_client.cpp:(.text$_ZN10llm_client6Logger3getEv[_ZN10llm_client6Logger3getEv]+0x406): undefined reference to `__imp__ZN6spdlog6logger9set_levelENS_5level10level_enumE'
build-release-assets (windows-latest, windows, amd64, ragcli.exe)	UNKNOWN STEP	2026-07-27T16:40:20.5364752Z C:/mingw64/bin/../lib/gcc/x86_64-w64-mingw32/15.2.0/../../../../x86_64-w64-mingw32/bin/ld.exe: _deps/llm_client-build/libllm_client.a(llm_client.cpp.obj):llm_client.cpp:(.text$_ZN6spdlog6logger3logIA37_cEEvNS_5level10level_enumERKT_[_ZN6spdlog6logger3logIA37_cEEvNS_5level10level_enumERKT_]+0x4d): undefined reference to `__imp__ZNK6spdlog7details10backtracer7enabledEv'
build-release-assets (windows-latest, windows, amd64, ragcli.exe)	UNKNOWN STEP	2026-07-27T16:40:20.5393570Z C:/mingw64/bin/../lib/gcc/x86_64-w64-mingw32/15.2.0/../../../../x86_64-w64-mingw32/bin/ld.exe: _deps/llm_client-build/libllm_client.a(llm_client.cpp.obj):llm_client.cpp:(.text$_ZN6spdlog6logger3logIA37_cEEvNS_5level10level_enumERKT_[_ZN6spdlog6logger3logIA37_cEEvNS_5level10level_enumERKT_]+0xdf): undefined reference to `__imp__ZN6spdlog7details7log_msgC1ENS_10source_locEN3fmt3v1217basic_string_viewIcEENS_5level10level_enumES6_'
build-release-assets (windows-latest, windows, amd64, ragcli.exe)	UNKNOWN STEP	2026-07-27T16:40:20.5419699Z C:/mingw64/bin/../lib/gcc/x86_64-w64-mingw32/15.2.0/../../../../x86_64-w64-mingw32/bin/ld.exe: _deps/llm_client-build/libllm_client.a(llm_client.cpp.obj):llm_client.cpp:(.text$_ZN6spdlog6logger3logIA37_cEEvNS_5level10level_enumERKT_[_ZN6spdlog6logger3logIA37_cEEvNS_5level10level_enumERKT_]+0xfd): undefined reference to `__imp__ZN6spdlog6logger7log_it_ERKNS_7details7log_msgEbb'
build-release-assets (windows-latest, windows, amd64, ragcli.exe)	UNKNOWN STEP	2026-07-27T16:40:20.5446784Z C:/mingw64/bin/../lib/gcc/x86_64-w64-mingw32/15.2.0/../../../../x86_64-w64-mingw32/bin/ld.exe: _deps/llm_client-build/libllm_client.a(llm_client.cpp.obj):llm_client.cpp:(.text$_ZN6spdlog6logger3logIA38_cEEvNS_5level10level_enumERKT_[_ZN6spdlog6logger3logIA38_cEEvNS_5level10level_enumERKT_]+0x4d): undefined reference to `__imp__ZNK6spdlog7details10backtracer7enabledEv'
build-release-assets (windows-latest, windows, amd64, ragcli.exe)	UNKNOWN STEP	2026-07-27T16:40:20.5474389Z C:/mingw64/bin/../lib/gcc/x86_64-w64-mingw32/15.2.0/../../../../x86_64-w64-mingw32/bin/ld.exe: _deps/llm_client-build/libllm_client.a(llm_client.cpp.obj):llm_client.cpp:(.text$_ZN6spdlog6logger3logIA38_cEEvNS_5level10level_enumERKT_[_ZN6spdlog6logger3logIA38_cEEvNS_5level10level_enumERKT_]+0xdf): undefined reference to `__imp__ZN6spdlog7details7log_msgC1ENS_10source_locEN3fmt3v1217basic_string_viewIcEENS_5level10level_enumES6_'
build-release-assets (windows-latest, windows, amd64, ragcli.exe)	UNKNOWN STEP	2026-07-27T16:40:20.5500302Z C:/mingw64/bin/../lib/gcc/x86_64-w64-mingw32/15.2.0/../../../../x86_64-w64-mingw32/bin/ld.exe: _deps/llm_client-build/libllm_client.a(llm_client.cpp.obj):llm_client.cpp:(.text$_ZN6spdlog6logger3logIA38_cEEvNS_5level10level_enumERKT_[_ZN6spdlog6logger3logIA38_cEEvNS_5level10level_enumERKT_]+0xfd): undefined reference to `__imp__ZN6spdlog6logger7log_it_ERKNS_7details7log_msgEbb'
build-release-assets (windows-latest, windows, amd64, ragcli.exe)	UNKNOWN STEP	2026-07-27T16:40:20.5521169Z C:/mingw64/bin/../lib/gcc/x86_64-w64-mingw32/15.2.0/../../../../x86_64-w64-mingw32/bin/ld.exe: _deps/llm_client-build/libllm_client.a(openai_client.cpp.obj):openai_client.cpp:(.text+0x188): undefined reference to `__imp__ZNK6spdlog7details10backtracer7enabledEv'
build-release-assets (windows-latest, windows, amd64, ragcli.exe)	UNKNOWN STEP	2026-07-27T16:40:20.5540892Z C:/mingw64/bin/../lib/gcc/x86_64-w64-mingw32/15.2.0/../../../../x86_64-w64-mingw32/bin/ld.exe: _deps/llm_client-build/libllm_client.a(openai_client.cpp.obj):openai_client.cpp:(.text+0x211): undefined reference to `__imp__ZN6spdlog7details7log_msgC1ENS_10source_locEN3fmt3v1217basic_string_viewIcEENS_5level10level_enumES6_'
build-release-assets (windows-latest, windows, amd64, ragcli.exe)	UNKNOWN STEP	2026-07-27T16:40:20.5561342Z C:/mingw64/bin/../lib/gcc/x86_64-w64-mingw32/15.2.0/../../../../x86_64-w64-mingw32/bin/ld.exe: _deps/llm_client-build/libllm_client.a(openai_client.cpp.obj):openai_client.cpp:(.text+0x22f): undefined reference to `__imp__ZN6spdlog6logger7log_it_ERKNS_7details7log_msgEbb'
build-release-assets (windows-latest, windows, amd64, ragcli.exe)	UNKNOWN STEP	2026-07-27T16:40:20.5580065Z C:/mingw64/bin/../lib/gcc/x86_64-w64-mingw32/15.2.0/../../../../x86_64-w64-mingw32/bin/ld.exe: _deps/llm_client-build/libllm_client.a(openai_client.cpp.obj):openai_client.cpp:(.text+0x1c95): undefined reference to `spdlog::sinks::wincolor_stdout_sink<spdlog::details::console_mutex>::wincolor_stdout_sink(spdlog::color_mode)'
build-release-assets (windows-latest, windows, amd64, ragcli.exe)	UNKNOWN STEP	2026-07-27T16:40:20.5595977Z C:/mingw64/bin/../lib/gcc/x86_64-w64-mingw32/15.2.0/../../../../x86_64-w64-mingw32/bin/ld.exe: _deps/llm_client-build/libllm_client.a(openai_client.cpp.obj):openai_client.cpp:(.text+0x1d65): undefined reference to `__imp__ZTVN6spdlog6loggerE'
build-release-assets (windows-latest, windows, amd64, ragcli.exe)	UNKNOWN STEP	2026-07-27T16:40:20.5613543Z C:/mingw64/bin/../lib/gcc/x86_64-w64-mingw32/15.2.0/../../../../x86_64-w64-mingw32/bin/ld.exe: _deps/llm_client-build/libllm_client.a(openai_client.cpp.obj):openai_client.cpp:(.text+0x1ed2): undefined reference to `__imp__ZN6spdlog15register_loggerESt10shared_ptrINS_6loggerEE'
build-release-assets (windows-latest, windows, amd64, ragcli.exe)	UNKNOWN STEP	2026-07-27T16:40:20.5633847Z C:/mingw64/bin/../lib/gcc/x86_64-w64-mingw32/15.2.0/../../../../x86_64-w64-mingw32/bin/ld.exe: _deps/llm_client-build/libllm_client.a(openai_client.cpp.obj):openai_client.cpp:(.text+0x1eef): undefined reference to `__imp__ZN6spdlog6logger9set_levelENS_5level10level_enumE'
build-release-assets (windows-latest, windows, amd64, ragcli.exe)	UNKNOWN STEP	2026-07-27T16:40:20.5665566Z C:/mingw64/bin/../lib/gcc/x86_64-w64-mingw32/15.2.0/../../../../x86_64-w64-mingw32/bin/ld.exe: _deps/llm_client-build/libllm_client.a(openai_client.cpp.obj):openai_client.cpp:(.text+0x1fba): undefined reference to `__imp__ZTVN6spdlog6loggerE'
build-release-assets (windows-latest, windows, amd64, ragcli.exe)	UNKNOWN STEP	2026-07-27T16:40:20.5682129Z C:/mingw64/bin/../lib/gcc/x86_64-w64-mingw32/15.2.0/../../../../x86_64-w64-mingw32/bin/ld.exe: _deps/llm_client-build/libllm_client.a(openai_client.cpp.obj):openai_client.cpp:(.text+0x4eaf): undefined reference to `__imp__ZNK6spdlog7details10backtracer7enabledEv'
build-release-assets (windows-latest, windows, amd64, ragcli.exe)	UNKNOWN STEP	2026-07-27T16:40:20.5706790Z C:/mingw64/bin/../lib/gcc/x86_64-w64-mingw32/15.2.0/../../../../x86_64-w64-mingw32/bin/ld.exe: _deps/llm_client-build/libllm_client.a(openai_client.cpp.obj):openai_client.cpp:(.text+0x517b): undefined reference to `cpr::CaseInsensitiveCompare::operator()(std::__cxx11::basic_string<char, std::char_traits<char>, std::allocator<char> > const&, std::__cxx11::basic_string<char, std::char_traits<char>, std::allocator<char> > const&) const'
build-release-assets (windows-latest, windows, amd64, ragcli.exe)	UNKNOWN STEP	2026-07-27T16:40:20.5734086Z C:/mingw64/bin/../lib/gcc/x86_64-w64-mingw32/15.2.0/../../../../x86_64-w64-mingw32/bin/ld.exe: _deps/llm_client-build/libllm_client.a(openai_client.cpp.obj):openai_client.cpp:(.text+0x5249): undefined reference to `cpr::CaseInsensitiveCompare::operator()(std::__cxx11::basic_string<char, std::char_traits<char>, std::allocator<char> > const&, std::__cxx11::basic_string<char, std::char_traits<char>, std::allocator<char> > const&) const'
build-release-assets (windows-latest, windows, amd64, ragcli.exe)	UNKNOWN STEP	2026-07-27T16:40:20.5760650Z C:/mingw64/bin/../lib/gcc/x86_64-w64-mingw32/15.2.0/../../../../x86_64-w64-mingw32/bin/ld.exe: _deps/llm_client-build/libllm_client.a(openai_client.cpp.obj):openai_client.cpp:(.text+0x5287): undefined reference to `cpr::CaseInsensitiveCompare::operator()(std::__cxx11::basic_string<char, std::char_traits<char>, std::allocator<char> > const&, std::__cxx11::basic_string<char, std::char_traits<char>, std::allocator<char> > const&) const'
build-release-assets (windows-latest, windows, amd64, ragcli.exe)	UNKNOWN STEP	2026-07-27T16:40:20.5790541Z C:/mingw64/bin/../lib/gcc/x86_64-w64-mingw32/15.2.0/../../../../x86_64-w64-mingw32/bin/ld.exe: _deps/llm_client-build/libllm_client.a(openai_client.cpp.obj):openai_client.cpp:(.text+0x52ad): undefined reference to `cpr::CaseInsensitiveCompare::operator()(std::__cxx11::basic_string<char, std::char_traits<char>, std::allocator<char> > const&, std::__cxx11::basic_string<char, std::char_traits<char>, std::allocator<char> > const&) const'
build-release-assets (windows-latest, windows, amd64, ragcli.exe)	UNKNOWN STEP	2026-07-27T16:40:20.5815473Z C:/mingw64/bin/../lib/gcc/x86_64-w64-mingw32/15.2.0/../../../../x86_64-w64-mingw32/bin/ld.exe: _deps/llm_client-build/libllm_client.a(openai_client.cpp.obj):openai_client.cpp:(.text+0x5378): undefined reference to `__imp__ZN3fmt3v126detail10vformat_toERNS1_6bufferIcEENS0_17basic_string_viewIcEENS0_17basic_format_argsINS0_7contextEEENS0_10locale_refE'
build-release-assets (windows-latest, windows, amd64, ragcli.exe)	UNKNOWN STEP	2026-07-27T16:40:20.5838078Z C:/mingw64/bin/../lib/gcc/x86_64-w64-mingw32/15.2.0/../../../../x86_64-w64-mingw32/bin/ld.exe: _deps/llm_client-build/libllm_client.a(openai_client.cpp.obj):openai_client.cpp:(.text+0x5409): undefined reference to `__imp__ZN6spdlog7details7log_msgC1ENS_10source_locEN3fmt3v1217basic_string_viewIcEENS_5level10level_enumES6_'
build-release-assets (windows-latest, windows, amd64, ragcli.exe)	UNKNOWN STEP	2026-07-27T16:40:20.5857767Z C:/mingw64/bin/../lib/gcc/x86_64-w64-mingw32/15.2.0/../../../../x86_64-w64-mingw32/bin/ld.exe: _deps/llm_client-build/libllm_client.a(openai_client.cpp.obj):openai_client.cpp:(.text+0x5422): undefined reference to `__imp__ZN6spdlog6logger7log_it_ERKNS_7details7log_msgEbb'
build-release-assets (windows-latest, windows, amd64, ragcli.exe)	UNKNOWN STEP	2026-07-27T16:40:20.5877110Z C:/mingw64/bin/../lib/gcc/x86_64-w64-mingw32/15.2.0/../../../../x86_64-w64-mingw32/bin/ld.exe: _deps/llm_client-build/libllm_client.a(openai_client.cpp.obj):openai_client.cpp:(.text+0x58b3): undefined reference to `__imp__ZNK6spdlog6logger12err_handler_ERKNSt7__cxx1112basic_stringIcSt11char_traitsIcESaIcEEE'
build-release-assets (windows-latest, windows, amd64, ragcli.exe)	UNKNOWN STEP	2026-07-27T16:40:20.5898250Z C:/mingw64/bin/../lib/gcc/x86_64-w64-mingw32/15.2.0/../../../../x86_64-w64-mingw32/bin/ld.exe: _deps/llm_client-build/libllm_client.a(openai_client.cpp.obj):openai_client.cpp:(.text+0x5999): undefined reference to `__imp__ZNK6spdlog6logger12err_handler_ERKNSt7__cxx1112basic_stringIcSt11char_traitsIcESaIcEEE'
build-release-assets (windows-latest, windows, amd64, ragcli.exe)	UNKNOWN STEP	2026-07-27T16:40:20.5920893Z C:/mingw64/bin/../lib/gcc/x86_64-w64-mingw32/15.2.0/../../../../x86_64-w64-mingw32/bin/ld.exe: _deps/llm_client-build/libllm_client.a(openai_client.cpp.obj):openai_client.cpp:(.text+0x5a94): undefined reference to `__imp__ZNK6spdlog7details10backtracer7enabledEv'
build-release-assets (windows-latest, windows, amd64, ragcli.exe)	UNKNOWN STEP	2026-07-27T16:40:20.5943574Z C:/mingw64/bin/../lib/gcc/x86_64-w64-mingw32/15.2.0/../../../../x86_64-w64-mingw32/bin/ld.exe: _deps/llm_client-build/libllm_client.a(openai_client.cpp.obj):openai_client.cpp:(.text+0x5cd3): undefined reference to `cpr::CaseInsensitiveCompare::operator()(std::__cxx11::basic_string<char, std::char_traits<char>, std::allocator<char> > const&, std::__cxx11::basic_string<char, std::char_traits<char>, std::allocator<char> > const&) const'
build-release-assets (windows-latest, windows, amd64, ragcli.exe)	UNKNOWN STEP	2026-07-27T16:40:20.5970846Z C:/mingw64/bin/../lib/gcc/x86_64-w64-mingw32/15.2.0/../../../../x86_64-w64-mingw32/bin/ld.exe: _deps/llm_client-build/libllm_client.a(openai_client.cpp.obj):openai_client.cpp:(.text+0x5da1): undefined reference to `cpr::CaseInsensitiveCompare::operator()(std::__cxx11::basic_string<char, std::char_traits<char>, std::allocator<char> > const&, std::__cxx11::basic_string<char, std::char_traits<char>, std::allocator<char> > const&) const'
build-release-assets (windows-latest, windows, amd64, ragcli.exe)	UNKNOWN STEP	2026-07-27T16:40:20.5998418Z C:/mingw64/bin/../lib/gcc/x86_64-w64-mingw32/15.2.0/../../../../x86_64-w64-mingw32/bin/ld.exe: _deps/llm_client-build/libllm_client.a(openai_client.cpp.obj):openai_client.cpp:(.text+0x5ddf): undefined reference to `cpr::CaseInsensitiveCompare::operator()(std::__cxx11::basic_string<char, std::char_traits<char>, std::allocator<char> > const&, std::__cxx11::basic_string<char, std::char_traits<char>, std::allocator<char> > const&) const'
build-release-assets (windows-latest, windows, amd64, ragcli.exe)	UNKNOWN STEP	2026-07-27T16:40:20.6026058Z C:/mingw64/bin/../lib/gcc/x86_64-w64-mingw32/15.2.0/../../../../x86_64-w64-mingw32/bin/ld.exe: _deps/llm_client-build/libllm_client.a(openai_client.cpp.obj):openai_client.cpp:(.text+0x5e05): undefined reference to `cpr::CaseInsensitiveCompare::operator()(std::__cxx11::basic_string<char, std::char_traits<char>, std::allocator<char> > const&, std::__cxx11::basic_string<char, std::char_traits<char>, std::allocator<char> > const&) const'
build-release-assets (windows-latest, windows, amd64, ragcli.exe)	UNKNOWN STEP	2026-07-27T16:40:20.6052178Z C:/mingw64/bin/../lib/gcc/x86_64-w64-mingw32/15.2.0/../../../../x86_64-w64-mingw32/bin/ld.exe: _deps/llm_client-build/libllm_client.a(openai_client.cpp.obj):openai_client.cpp:(.text+0x5ed3): undefined reference to `__imp__ZN3fmt3v126detail10vformat_toERNS1_6bufferIcEENS0_17basic_string_viewIcEENS0_17basic_format_argsINS0_7contextEEENS0_10locale_refE'
build-release-assets (windows-latest, windows, amd64, ragcli.exe)	UNKNOWN STEP	2026-07-27T16:40:20.6076672Z C:/mingw64/bin/../lib/gcc/x86_64-w64-mingw32/15.2.0/../../../../x86_64-w64-mingw32/bin/ld.exe: _deps/llm_client-build/libllm_client.a(openai_client.cpp.obj):openai_client.cpp:(.text+0x5f6c): undefined reference to `__imp__ZN6spdlog7details7log_msgC1ENS_10source_locEN3fmt3v1217basic_string_viewIcEENS_5level10level_enumES6_'
build-release-assets (windows-latest, windows, amd64, ragcli.exe)	UNKNOWN STEP	2026-07-27T16:40:20.6091955Z C:/mingw64/bin/../lib/gcc/x86_64-w64-mingw32/15.2.0/../../../../x86_64-w64-mingw32/bin/ld.exe: _deps/llm_client-build/libllm_client.a(openai_client.cpp.obj):openai_client.cpp:(.text+0x5f85): undefined reference to `__imp__ZN6spdlog6logger7log_it_ERKNS_7details7log_msgEbb'
build-release-assets (windows-latest, windows, amd64, ragcli.exe)	UNKNOWN STEP	2026-07-27T16:40:20.6110529Z C:/mingw64/bin/../lib/gcc/x86_64-w64-mingw32/15.2.0/../../../../x86_64-w64-mingw32/bin/ld.exe: _deps/llm_client-build/libllm_client.a(openai_client.cpp.obj):openai_client.cpp:(.text+0x62c0): undefined reference to `__imp__ZN3fmt3v126detail10vformat_toERNS1_6bufferIcEENS0_17basic_string_viewIcEENS0_17basic_format_argsINS0_7contextEEENS0_10locale_refE'
build-release-assets (windows-latest, windows, amd64, ragcli.exe)	UNKNOWN STEP	2026-07-27T16:40:20.6139555Z C:/mingw64/bin/../lib/gcc/x86_64-w64-mingw32/15.2.0/../../../../x86_64-w64-mingw32/bin/ld.exe: _deps/llm_client-build/libllm_client.a(openai_client.cpp.obj):openai_client.cpp:(.text+0x6354): undefined reference to `__imp__ZN6spdlog7details7log_msgC1ENS_10source_locEN3fmt3v1217basic_string_viewIcEENS_5level10level_enumES6_'
build-release-assets (windows-latest, windows, amd64, ragcli.exe)	UNKNOWN STEP	2026-07-27T16:40:20.6162275Z C:/mingw64/bin/../lib/gcc/x86_64-w64-mingw32/15.2.0/../../../../x86_64-w64-mingw32/bin/ld.exe: _deps/llm_client-build/libllm_client.a(openai_client.cpp.obj):openai_client.cpp:(.text+0x636b): undefined reference to `__imp__ZN6spdlog6logger7log_it_ERKNS_7details7log_msgEbb'
build-release-assets (windows-latest, windows, amd64, ragcli.exe)	UNKNOWN STEP	2026-07-27T16:40:20.6182634Z C:/mingw64/bin/../lib/gcc/x86_64-w64-mingw32/15.2.0/../../../../x86_64-w64-mingw32/bin/ld.exe: _deps/llm_client-build/libllm_client.a(openai_client.cpp.obj):openai_client.cpp:(.text+0x6961): undefined reference to `__imp__ZNK6spdlog6logger12err_handler_ERKNSt7__cxx1112basic_stringIcSt11char_traitsIcESaIcEEE'
build-release-assets (windows-latest, windows, amd64, ragcli.exe)	UNKNOWN STEP	2026-07-27T16:40:20.6203585Z C:/mingw64/bin/../lib/gcc/x86_64-w64-mingw32/15.2.0/../../../../x86_64-w64-mingw32/bin/ld.exe: _deps/llm_client-build/libllm_client.a(openai_client.cpp.obj):openai_client.cpp:(.text+0x69be): undefined reference to `__imp__ZNK6spdlog6logger12err_handler_ERKNSt7__cxx1112basic_stringIcSt11char_traitsIcESaIcEEE'
build-release-assets (windows-latest, windows, amd64, ragcli.exe)	UNKNOWN STEP	2026-07-27T16:40:20.6225513Z C:/mingw64/bin/../lib/gcc/x86_64-w64-mingw32/15.2.0/../../../../x86_64-w64-mingw32/bin/ld.exe: _deps/llm_client-build/libllm_client.a(openai_client.cpp.obj):openai_client.cpp:(.text+0x6bbc): undefined reference to `__imp__ZNK6spdlog6logger12err_handler_ERKNSt7__cxx1112basic_stringIcSt11char_traitsIcESaIcEEE'
build-release-assets (windows-latest, windows, amd64, ragcli.exe)	UNKNOWN STEP	2026-07-27T16:40:20.6247465Z C:/mingw64/bin/../lib/gcc/x86_64-w64-mingw32/15.2.0/../../../../x86_64-w64-mingw32/bin/ld.exe: _deps/llm_client-build/libllm_client.a(openai_client.cpp.obj):openai_client.cpp:(.text+0x6e97): undefined reference to `__imp__ZNK6spdlog6logger12err_handler_ERKNSt7__cxx1112basic_stringIcSt11char_traitsIcESaIcEEE'
build-release-assets (windows-latest, windows, amd64, ragcli.exe)	UNKNOWN STEP	2026-07-27T16:40:20.6264638Z C:/mingw64/bin/../lib/gcc/x86_64-w64-mingw32/15.2.0/../../../../x86_64-w64-mingw32/bin/ld.exe: _deps/llm_client-build/libllm_client.a(openai_client.cpp.obj):openai_client.cpp:(.text+0x70f5): undefined reference to `__imp__ZNK6spdlog7details10backtracer7enabledEv'
build-release-assets (windows-latest, windows, amd64, ragcli.exe)	UNKNOWN STEP	2026-07-27T16:40:20.6287452Z C:/mingw64/bin/../lib/gcc/x86_64-w64-mingw32/15.2.0/../../../../x86_64-w64-mingw32/bin/ld.exe: _deps/llm_client-build/libllm_client.a(openai_client.cpp.obj):openai_client.cpp:(.text+0x7543): undefined reference to `cpr::CaseInsensitiveCompare::operator()(std::__cxx11::basic_string<char, std::char_traits<char>, std::allocator<char> > const&, std::__cxx11::basic_string<char, std::char_traits<char>, std::allocator<char> > const&) const'
build-release-assets (windows-latest, windows, amd64, ragcli.exe)	UNKNOWN STEP	2026-07-27T16:40:20.6317825Z C:/mingw64/bin/../lib/gcc/x86_64-w64-mingw32/15.2.0/../../../../x86_64-w64-mingw32/bin/ld.exe: _deps/llm_client-build/libllm_client.a(openai_client.cpp.obj):openai_client.cpp:(.text+0x7611): undefined reference to `cpr::CaseInsensitiveCompare::operator()(std::__cxx11::basic_string<char, std::char_traits<char>, std::allocator<char> > const&, std::__cxx11::basic_string<char, std::char_traits<char>, std::allocator<char> > const&) const'
build-release-assets (windows-latest, windows, amd64, ragcli.exe)	UNKNOWN STEP	2026-07-27T16:40:20.6348986Z C:/mingw64/bin/../lib/gcc/x86_64-w64-mingw32/15.2.0/../../../../x86_64-w64-mingw32/bin/ld.exe: _deps/llm_client-build/libllm_client.a(openai_client.cpp.obj):openai_client.cpp:(.text+0x764f): undefined reference to `cpr::CaseInsensitiveCompare::operator()(std::__cxx11::basic_string<char, std::char_traits<char>, std::allocator<char> > const&, std::__cxx11::basic_string<char, std::char_traits<char>, std::allocator<char> > const&) const'
build-release-assets (windows-latest, windows, amd64, ragcli.exe)	UNKNOWN STEP	2026-07-27T16:40:20.6378857Z C:/mingw64/bin/../lib/gcc/x86_64-w64-mingw32/15.2.0/../../../../x86_64-w64-mingw32/bin/ld.exe: _deps/llm_client-build/libllm_client.a(openai_client.cpp.obj):openai_client.cpp:(.text+0x7675): undefined reference to `cpr::CaseInsensitiveCompare::operator()(std::__cxx11::basic_string<char, std::char_traits<char>, std::allocator<char> > const&, std::__cxx11::basic_string<char, std::char_traits<char>, std::allocator<char> > const&) const'
build-release-assets (windows-latest, windows, amd64, ragcli.exe)	UNKNOWN STEP	2026-07-27T16:40:20.6407574Z C:/mingw64/bin/../lib/gcc/x86_64-w64-mingw32/15.2.0/../../../../x86_64-w64-mingw32/bin/ld.exe: _deps/llm_client-build/libllm_client.a(openai_client.cpp.obj):openai_client.cpp:(.text+0x774e): undefined reference to `__imp__ZN3fmt3v126detail10vformat_toERNS1_6bufferIcEENS0_17basic_string_viewIcEENS0_17basic_format_argsINS0_7contextEEENS0_10locale_refE'
build-release-assets (windows-latest, windows, amd64, ragcli.exe)	UNKNOWN STEP	2026-07-27T16:40:20.6431569Z C:/mingw64/bin/../lib/gcc/x86_64-w64-mingw32/15.2.0/../../../../x86_64-w64-mingw32/bin/ld.exe: _deps/llm_client-build/libllm_client.a(openai_client.cpp.obj):openai_client.cpp:(.text+0x77e2): undefined reference to `__imp__ZN6spdlog7details7log_msgC1ENS_10source_locEN3fmt3v1217basic_string_viewIcEENS_5level10level_enumES6_'
build-release-assets (windows-latest, windows, amd64, ragcli.exe)	UNKNOWN STEP	2026-07-27T16:40:20.6456795Z C:/mingw64/bin/../lib/gcc/x86_64-w64-mingw32/15.2.0/../../../../x86_64-w64-mingw32/bin/ld.exe: _deps/llm_client-build/libllm_client.a(openai_client.cpp.obj):openai_client.cpp:(.text+0x77f9): undefined reference to `__imp__ZN6spdlog6logger7log_it_ERKNS_7details7log_msgEbb'
build-release-assets (windows-latest, windows, amd64, ragcli.exe)	UNKNOWN STEP	2026-07-27T16:40:20.6480117Z C:/mingw64/bin/../lib/gcc/x86_64-w64-mingw32/15.2.0/../../../../x86_64-w64-mingw32/bin/ld.exe: _deps/llm_client-build/libllm_client.a(openai_client.cpp.obj):openai_client.cpp:(.text+0x7ae3): undefined reference to `__imp__ZN3fmt3v126detail10vformat_toERNS1_6bufferIcEENS0_17basic_string_viewIcEENS0_17basic_format_argsINS0_7contextEEENS0_10locale_refE'
build-release-assets (windows-latest, windows, amd64, ragcli.exe)	UNKNOWN STEP	2026-07-27T16:40:20.6503744Z C:/mingw64/bin/../lib/gcc/x86_64-w64-mingw32/15.2.0/../../../../x86_64-w64-mingw32/bin/ld.exe: _deps/llm_client-build/libllm_client.a(openai_client.cpp.obj):openai_client.cpp:(.text+0x7b77): undefined reference to `__imp__ZN6spdlog7details7log_msgC1ENS_10source_locEN3fmt3v1217basic_string_viewIcEENS_5level10level_enumES6_'
build-release-assets (windows-latest, windows, amd64, ragcli.exe)	UNKNOWN STEP	2026-07-27T16:40:20.6528401Z C:/mingw64/bin/../lib/gcc/x86_64-w64-mingw32/15.2.0/../../../../x86_64-w64-mingw32/bin/ld.exe: _deps/llm_client-build/libllm_client.a(openai_client.cpp.obj):openai_client.cpp:(.text+0x7b8e): undefined reference to `__imp__ZN6spdlog6logger7log_it_ERKNS_7details7log_msgEbb'
build-release-assets (windows-latest, windows, amd64, ragcli.exe)	UNKNOWN STEP	2026-07-27T16:40:20.6547903Z C:/mingw64/bin/../lib/gcc/x86_64-w64-mingw32/15.2.0/../../../../x86_64-w64-mingw32/bin/ld.exe: _deps/llm_client-build/libllm_client.a(openai_client.cpp.obj):openai_client.cpp:(.text+0x87da): undefined reference to `__imp__ZNK6spdlog6logger12err_handler_ERKNSt7__cxx1112basic_stringIcSt11char_traitsIcESaIcEEE'
build-release-assets (windows-latest, windows, amd64, ragcli.exe)	UNKNOWN STEP	2026-07-27T16:40:20.6569589Z C:/mingw64/bin/../lib/gcc/x86_64-w64-mingw32/15.2.0/../../../../x86_64-w64-mingw32/bin/ld.exe: _deps/llm_client-build/libllm_client.a(openai_client.cpp.obj):openai_client.cpp:(.text+0x8825): undefined reference to `__imp__ZNK6spdlog6logger12err_handler_ERKNSt7__cxx1112basic_stringIcSt11char_traitsIcESaIcEEE'
build-release-assets (windows-latest, windows, amd64, ragcli.exe)	UNKNOWN STEP	2026-07-27T16:40:20.6592080Z C:/mingw64/bin/../lib/gcc/x86_64-w64-mingw32/15.2.0/../../../../x86_64-w64-mingw32/bin/ld.exe: _deps/llm_client-build/libllm_client.a(openai_client.cpp.obj):openai_client.cpp:(.text+0x891f): undefined reference to `__imp__ZNK6spdlog6logger12err_handler_ERKNSt7__cxx1112basic_stringIcSt11char_traitsIcESaIcEEE'
build-release-assets (windows-latest, windows, amd64, ragcli.exe)	UNKNOWN STEP	2026-07-27T16:40:20.6612652Z C:/mingw64/bin/../lib/gcc/x86_64-w64-mingw32/15.2.0/../../../../x86_64-w64-mingw32/bin/ld.exe: _deps/llm_client-build/libllm_client.a(openai_client.cpp.obj):openai_client.cpp:(.text+0x8991): undefined reference to `__imp__ZNK6spdlog6logger12err_handler_ERKNSt7__cxx1112basic_stringIcSt11char_traitsIcESaIcEEE'
build-release-assets (windows-latest, windows, amd64, ragcli.exe)	UNKNOWN STEP	2026-07-27T16:40:20.6646111Z C:/mingw64/bin/../lib/gcc/x86_64-w64-mingw32/15.2.0/../../../../x86_64-w64-mingw32/bin/ld.exe: _deps/llm_client-build/libllm_client.a(openai_client.cpp.obj):openai_client.cpp:(.text$_ZN6spdlog6logger4log_IJRKNSt7__cxx1112basic_stringIcSt11char_traitsIcESaIcEEERS7_EEEvNS_10source_locENS_5level10level_enumEN3fmt3v1217basic_string_viewIcEEDpOT_[_ZN6spdlog6logger4log_IJRKNSt7__cxx1112basic_stringIcSt11char_traitsIcESaIcEEERS7_EEEvNS_10source_locENS_5level10level_enumEN3fmt3v1217basic_string_viewIcEEDpOT_]+0x4a): undefined reference to `__imp__ZNK6spdlog7details10backtracer7enabledEv'
build-release-assets (windows-latest, windows, amd64, ragcli.exe)	UNKNOWN STEP	2026-07-27T16:40:20.6695106Z C:/mingw64/bin/../lib/gcc/x86_64-w64-mingw32/15.2.0/../../../../x86_64-w64-mingw32/bin/ld.exe: _deps/llm_client-build/libllm_client.a(openai_client.cpp.obj):openai_client.cpp:(.text$_ZN6spdlog6logger4log_IJRKNSt7__cxx1112basic_stringIcSt11char_traitsIcESaIcEEERS7_EEEvNS_10source_locENS_5level10level_enumEN3fmt3v1217basic_string_viewIcEEDpOT_[_ZN6spdlog6logger4log_IJRKNSt7__cxx1112basic_stringIcSt11char_traitsIcESaIcEEERS7_EEEvNS_10source_locENS_5level10level_enumEN3fmt3v1217basic_string_viewIcEEDpOT_]+0x123): undefined reference to `__imp__ZN3fmt3v126detail10vformat_toERNS1_6bufferIcEENS0_17basic_string_viewIcEENS0_17basic_format_argsINS0_7contextEEENS0_10locale_refE'
build-release-assets (windows-latest, windows, amd64, ragcli.exe)	UNKNOWN STEP	2026-07-27T16:40:20.6738862Z C:/mingw64/bin/../lib/gcc/x86_64-w64-mingw32/15.2.0/../../../../x86_64-w64-mingw32/bin/ld.exe: _deps/llm_client-build/libllm_client.a(openai_client.cpp.obj):openai_client.cpp:(.text$_ZN6spdlog6logger4log_IJRKNSt7__cxx1112basic_stringIcSt11char_traitsIcESaIcEEERS7_EEEvNS_10source_locENS_5level10level_enumEN3fmt3v1217basic_string_viewIcEEDpOT_[_ZN6spdlog6logger4log_IJRKNSt7__cxx1112basic_stringIcSt11char_traitsIcESaIcEEERS7_EEEvNS_10source_locENS_5level10level_enumEN3fmt3v1217basic_string_viewIcEEDpOT_]+0x192): undefined reference to `__imp__ZN6spdlog7details7log_msgC1ENS_10source_locEN3fmt3v1217basic_string_viewIcEENS_5level10level_enumES6_'
build-release-assets (windows-latest, windows, amd64, ragcli.exe)	UNKNOWN STEP	2026-07-27T16:40:20.6771881Z C:/mingw64/bin/../lib/gcc/x86_64-w64-mingw32/15.2.0/../../../../x86_64-w64-mingw32/bin/ld.exe: _deps/llm_client-build/libllm_client.a(openai_client.cpp.obj):openai_client.cpp:(.text$_ZN6spdlog6logger4log_IJRKNSt7__cxx1112basic_stringIcSt11char_traitsIcESaIcEEERS7_EEEvNS_10source_locENS_5level10level_enumEN3fmt3v1217basic_string_viewIcEEDpOT_[_ZN6spdlog6logger4log_IJRKNSt7__cxx1112basic_stringIcSt11char_traitsIcESaIcEEERS7_EEEvNS_10source_locENS_5level10level_enumEN3fmt3v1217basic_string_viewIcEEDpOT_]+0x1ab): undefined reference to `__imp__ZN6spdlog6logger7log_it_ERKNS_7details7log_msgEbb'
build-release-assets (windows-latest, windows, amd64, ragcli.exe)	UNKNOWN STEP	2026-07-27T16:40:20.6820105Z C:/mingw64/bin/../lib/gcc/x86_64-w64-mingw32/15.2.0/../../../../x86_64-w64-mingw32/bin/ld.exe: _deps/llm_client-build/libllm_client.a(openai_client.cpp.obj):openai_client.cpp:(.text$_ZN6spdlog6logger4log_IJRKNSt7__cxx1112basic_stringIcSt11char_traitsIcESaIcEEERS7_EEEvNS_10source_locENS_5level10level_enumEN3fmt3v1217basic_string_viewIcEEDpOT_[_ZN6spdlog6logger4log_IJRKNSt7__cxx1112basic_stringIcSt11char_traitsIcESaIcEEERS7_EEEvNS_10source_locENS_5level10level_enumEN3fmt3v1217basic_string_viewIcEEDpOT_]+0x20b): undefined reference to `__imp__ZNK6spdlog6logger12err_handler_ERKNSt7__cxx1112basic_stringIcSt11char_traitsIcESaIcEEE'
build-release-assets (windows-latest, windows, amd64, ragcli.exe)	UNKNOWN STEP	2026-07-27T16:40:20.6864549Z C:/mingw64/bin/../lib/gcc/x86_64-w64-mingw32/15.2.0/../../../../x86_64-w64-mingw32/bin/ld.exe: _deps/llm_client-build/libllm_client.a(openai_client.cpp.obj):openai_client.cpp:(.text$_ZN6spdlog6logger4log_IJRKNSt7__cxx1112basic_stringIcSt11char_traitsIcESaIcEEERS7_EEEvNS_10source_locENS_5level10level_enumEN3fmt3v1217basic_string_viewIcEEDpOT_[_ZN6spdlog6logger4log_IJRKNSt7__cxx1112basic_stringIcSt11char_traitsIcESaIcEEERS7_EEEvNS_10source_locENS_5level10level_enumEN3fmt3v1217basic_string_viewIcEEDpOT_]+0x24e): undefined reference to `__imp__ZNK6spdlog6logger12err_handler_ERKNSt7__cxx1112basic_stringIcSt11char_traitsIcESaIcEEE'
build-release-assets (windows-latest, windows, amd64, ragcli.exe)	UNKNOWN STEP	2026-07-27T16:40:20.6909979Z C:/mingw64/bin/../lib/gcc/x86_64-w64-mingw32/15.2.0/../../../../x86_64-w64-mingw32/bin/ld.exe: _deps/llm_client-build/libllm_client.a(openai_client.cpp.obj):openai_client.cpp:(.text$_ZN6spdlog6logger4log_IJRKNSt7__cxx1112basic_stringIcSt11char_traitsIcESaIcEEERS7_EEEvNS_10source_locENS_5level10level_enumEN3fmt3v1217basic_string_viewIcEEDpOT_[_ZN6spdlog6logger4log_IJRKNSt7__cxx1112basic_stringIcSt11char_traitsIcESaIcEEERS7_EEEvNS_10source_locENS_5level10level_enumEN3fmt3v1217basic_string_viewIcEEDpOT_]+0x2e7): undefined reference to `__imp__ZN3fmt3v127vformatB5cxx11ENS0_17basic_string_viewIcEENS0_17basic_format_argsINS0_7contextEEE'
build-release-assets (windows-latest, windows, amd64, ragcli.exe)	UNKNOWN STEP	2026-07-27T16:40:20.6958101Z C:/mingw64/bin/../lib/gcc/x86_64-w64-mingw32/15.2.0/../../../../x86_64-w64-mingw32/bin/ld.exe: _deps/llm_client-build/libllm_client.a(openai_client.cpp.obj):openai_client.cpp:(.text$_ZN6spdlog6logger4log_IJRKNSt7__cxx1112basic_stringIcSt11char_traitsIcESaIcEEERS7_EEEvNS_10source_locENS_5level10level_enumEN3fmt3v1217basic_string_viewIcEEDpOT_[_ZN6spdlog6logger4log_IJRKNSt7__cxx1112basic_stringIcSt11char_traitsIcESaIcEEERS7_EEEvNS_10source_locENS_5level10level_enumEN3fmt3v1217basic_string_viewIcEEDpOT_]+0x2f3): undefined reference to `__imp__ZNK6spdlog6logger12err_handler_ERKNSt7__cxx1112basic_stringIcSt11char_traitsIcESaIcEEE'
build-release-assets (windows-latest, windows, amd64, ragcli.exe)	UNKNOWN STEP	2026-07-27T16:40:20.7015362Z C:/mingw64/bin/../lib/gcc/x86_64-w64-mingw32/15.2.0/../../../../x86_64-w64-mingw32/bin/ld.exe: _deps/llm_client-build/libllm_client.a(openai_client.cpp.obj):openai_client.cpp:(.text$_ZN10llm_client6detail16http_post_streamERKNSt7__cxx1112basic_stringIcSt11char_traitsIcESaIcEEERKSt3mapIS6_S6_N3cpr22CaseInsensitiveCompareESaISt4pairIS7_S6_EEERKN8nlohmann16json_abi_v3_12_010basic_jsonIS9_St6vectorS6_bxydSaNSJ_14adl_serializerESL_IhSaIhEEvEES8_St8functionIFvS8_EEii[_ZN10llm_client6detail16http_post_streamERKNSt7__cxx1112basic_stringIcSt11char_traitsIcESaIcEEERKSt3mapIS6_S6_N3cpr22CaseInsensitiveCompareESaISt4pairIS7_S6_EEERKN8nlohmann16json_abi_v3_12_010basic_jsonIS9_St6vectorS6_bxydSaNSJ_14adl_serializerESL_IhSaIhEEvEES8_St8functionIFvS8_EEii]+0x246): undefined reference to `__imp__ZNK6spdlog7details10backtracer7enabledEv'
build-release-assets (windows-latest, windows, amd64, ragcli.exe)	UNKNOWN STEP	2026-07-27T16:40:20.7079261Z C:/mingw64/bin/../lib/gcc/x86_64-w64-mingw32/15.2.0/../../../../x86_64-w64-mingw32/bin/ld.exe: _deps/llm_client-build/libllm_client.a(openai_client.cpp.obj):openai_client.cpp:(.text$_ZN10llm_client6detail16http_post_streamERKNSt7__cxx1112basic_stringIcSt11char_traitsIcESaIcEEERKSt3mapIS6_S6_N3cpr22CaseInsensitiveCompareESaISt4pairIS7_S6_EEERKN8nlohmann16json_abi_v3_12_010basic_jsonIS9_St6vectorS6_bxydSaNSJ_14adl_serializerESL_IhSaIhEEvEES8_St8functionIFvS8_EEii[_ZN10llm_client6detail16http_post_streamERKNSt7__cxx1112basic_stringIcSt11char_traitsIcESaIcEEERKSt3mapIS6_S6_N3cpr22CaseInsensitiveCompareESaISt4pairIS7_S6_EEERKN8nlohmann16json_abi_v3_12_010basic_jsonIS9_St6vectorS6_bxydSaNSJ_14adl_serializerESL_IhSaIhEEvEES8_St8functionIFvS8_EEii]+0x52a): undefined reference to `cpr::Session::Session()'
build-release-assets (windows-latest, windows, amd64, ragcli.exe)	UNKNOWN STEP	2026-07-27T16:40:20.7136584Z C:/mingw64/bin/../lib/gcc/x86_64-w64-mingw32/15.2.0/../../../../x86_64-w64-mingw32/bin/ld.exe: _deps/llm_client-build/libllm_client.a(openai_client.cpp.obj):openai_client.cpp:(.text$_ZN10llm_client6detail16http_post_streamERKNSt7__cxx1112basic_stringIcSt11char_traitsIcESaIcEEERKSt3mapIS6_S6_N3cpr22CaseInsensitiveCompareESaISt4pairIS7_S6_EEERKN8nlohmann16json_abi_v3_12_010basic_jsonIS9_St6vectorS6_bxydSaNSJ_14adl_serializerESL_IhSaIhEEvEES8_St8functionIFvS8_EEii[_ZN10llm_client6detail16http_post_streamERKNSt7__cxx1112basic_stringIcSt11char_traitsIcESaIcEEERKSt3mapIS6_S6_N3cpr22CaseInsensitiveCompareESaISt4pairIS7_S6_EEERKN8nlohmann16json_abi_v3_12_010basic_jsonIS9_St6vectorS6_bxydSaNSJ_14adl_serializerESL_IhSaIhEEvEES8_St8functionIFvS8_EEii]+0x74d): undefined reference to `cpr::Session::SetUrl(cpr::Url const&)'
build-release-assets (windows-latest, windows, amd64, ragcli.exe)	UNKNOWN STEP	2026-07-27T16:40:20.7211102Z C:/mingw64/bin/../lib/gcc/x86_64-w64-mingw32/15.2.0/../../../../x86_64-w64-mingw32/bin/ld.exe: _deps/llm_client-build/libllm_client.a(openai_client.cpp.obj):openai_client.cpp:(.text$_ZN10llm_client6detail16http_post_streamERKNSt7__cxx1112basic_stringIcSt11char_traitsIcESaIcEEERKSt3mapIS6_S6_N3cpr22CaseInsensitiveCompareESaISt4pairIS7_S6_EEERKN8nlohmann16json_abi_v3_12_010basic_jsonIS9_St6vectorS6_bxydSaNSJ_14adl_serializerESL_IhSaIhEEvEES8_St8functionIFvS8_EEii[_ZN10llm_client6detail16http_post_streamERKNSt7__cxx1112basic_stringIcSt11char_traitsIcESaIcEEERKSt3mapIS6_S6_N3cpr22CaseInsensitiveCompareESaISt4pairIS7_S6_EEERKN8nlohmann16json_abi_v3_12_010basic_jsonIS9_St6vectorS6_bxydSaNSJ_14adl_serializerESL_IhSaIhEEvEES8_St8functionIFvS8_EEii]+0x777): undefined reference to `cpr::Session::SetHeader(std::map<std::__cxx11::basic_string<char, std::char_traits<char>, std::allocator<char> >, std::__cxx11::basic_string<char, std::char_traits<char>, std::allocator<char> >, cpr::CaseInsensitiveCompare, std::allocator<std::pair<std::__cxx11::basic_string<char, std::char_traits<char>, std::allocator<char> > const, std::__cxx11::basic_string<char, std::char_traits<char>, std::allocator<char> > > > > const&)'
build-release-assets (windows-latest, windows, amd64, ragcli.exe)	UNKNOWN STEP	2026-07-27T16:40:20.7298640Z C:/mingw64/bin/../lib/gcc/x86_64-w64-mingw32/15.2.0/../../../../x86_64-w64-mingw32/bin/ld.exe: _deps/llm_client-build/libllm_client.a(openai_client.cpp.obj):openai_client.cpp:(.text$_ZN10llm_client6detail16http_post_streamERKNSt7__cxx1112basic_stringIcSt11char_traitsIcESaIcEEERKSt3mapIS6_S6_N3cpr22CaseInsensitiveCompareESaISt4pairIS7_S6_EEERKN8nlohmann16json_abi_v3_12_010basic_jsonIS9_St6vectorS6_bxydSaNSJ_14adl_serializerESL_IhSaIhEEvEES8_St8functionIFvS8_EEii[_ZN10llm_client6detail16http_post_streamERKNSt7__cxx1112basic_stringIcSt11char_traitsIcESaIcEEERKSt3mapIS6_S6_N3cpr22CaseInsensitiveCompareESaISt4pairIS7_S6_EEERKN8nlohmann16json_abi_v3_12_010basic_jsonIS9_St6vectorS6_bxydSaNSJ_14adl_serializerESL_IhSaIhEEvEES8_St8functionIFvS8_EEii]+0x9bc): undefined reference to `cpr::Session::SetBody(cpr::Body&&)'
build-release-assets (windows-latest, windows, amd64, ragcli.exe)	UNKNOWN STEP	2026-07-27T16:40:20.7356154Z C:/mingw64/bin/../lib/gcc/x86_64-w64-mingw32/15.2.0/../../../../x86_64-w64-mingw32/bin/ld.exe: _deps/llm_client-build/libllm_client.a(openai_client.cpp.obj):openai_client.cpp:(.text$_ZN10llm_client6detail16http_post_streamERKNSt7__cxx1112basic_stringIcSt11char_traitsIcESaIcEEERKSt3mapIS6_S6_N3cpr22CaseInsensitiveCompareESaISt4pairIS7_S6_EEERKN8nlohmann16json_abi_v3_12_010basic_jsonIS9_St6vectorS6_bxydSaNSJ_14adl_serializerESL_IhSaIhEEvEES8_St8functionIFvS8_EEii[_ZN10llm_client6detail16http_post_streamERKNSt7__cxx1112basic_stringIcSt11char_traitsIcESaIcEEERKSt3mapIS6_S6_N3cpr22CaseInsensitiveCompareESaISt4pairIS7_S6_EEERKN8nlohmann16json_abi_v3_12_010basic_jsonIS9_St6vectorS6_bxydSaNSJ_14adl_serializerESL_IhSaIhEEvEES8_St8functionIFvS8_EEii]+0x9f6): undefined reference to `cpr::Session::SetTimeout(cpr::Timeout const&)'
build-release-assets (windows-latest, windows, amd64, ragcli.exe)	UNKNOWN STEP	2026-07-27T16:40:20.7421404Z C:/mingw64/bin/../lib/gcc/x86_64-w64-mingw32/15.2.0/../../../../x86_64-w64-mingw32/bin/ld.exe: _deps/llm_client-build/libllm_client.a(openai_client.cpp.obj):openai_client.cpp:(.text$_ZN10llm_client6detail16http_post_streamERKNSt7__cxx1112basic_stringIcSt11char_traitsIcESaIcEEERKSt3mapIS6_S6_N3cpr22CaseInsensitiveCompareESaISt4pairIS7_S6_EEERKN8nlohmann16json_abi_v3_12_010basic_jsonIS9_St6vectorS6_bxydSaNSJ_14adl_serializerESL_IhSaIhEEvEES8_St8functionIFvS8_EEii[_ZN10llm_client6detail16http_post_streamERKNSt7__cxx1112basic_stringIcSt11char_traitsIcESaIcEEERKSt3mapIS6_S6_N3cpr22CaseInsensitiveCompareESaISt4pairIS7_S6_EEERKN8nlohmann16json_abi_v3_12_010basic_jsonIS9_St6vectorS6_bxydSaNSJ_14adl_serializerESL_IhSaIhEEvEES8_St8functionIFvS8_EEii]+0xad4): undefined reference to `cpr::Session::SetWriteCallback(cpr::WriteCallback const&)'
build-release-assets (windows-latest, windows, amd64, ragcli.exe)	UNKNOWN STEP	2026-07-27T16:40:20.7479942Z C:/mingw64/bin/../lib/gcc/x86_64-w64-mingw32/15.2.0/../../../../x86_64-w64-mingw32/bin/ld.exe: _deps/llm_client-build/libllm_client.a(openai_client.cpp.obj):openai_client.cpp:(.text$_ZN10llm_client6detail16http_post_streamERKNSt7__cxx1112basic_stringIcSt11char_traitsIcESaIcEEERKSt3mapIS6_S6_N3cpr22CaseInsensitiveCompareESaISt4pairIS7_S6_EEERKN8nlohmann16json_abi_v3_12_010basic_jsonIS9_St6vectorS6_bxydSaNSJ_14adl_serializerESL_IhSaIhEEvEES8_St8functionIFvS8_EEii[_ZN10llm_client6detail16http_post_streamERKNSt7__cxx1112basic_stringIcSt11char_traitsIcESaIcEEERKSt3mapIS6_S6_N3cpr22CaseInsensitiveCompareESaISt4pairIS7_S6_EEERKN8nlohmann16json_abi_v3_12_010basic_jsonIS9_St6vectorS6_bxydSaNSJ_14adl_serializerESL_IhSaIhEEvEES8_St8functionIFvS8_EEii]+0xb1e): undefined reference to `cpr::Session::Post()'
build-release-assets (windows-latest, windows, amd64, ragcli.exe)	UNKNOWN STEP	2026-07-27T16:40:20.7549154Z C:/mingw64/bin/../lib/gcc/x86_64-w64-mingw32/15.2.0/../../../../x86_64-w64-mingw32/bin/ld.exe: _deps/llm_client-build/libllm_client.a(openai_client.cpp.obj):openai_client.cpp:(.text$_ZN10llm_client6detail16http_post_streamERKNSt7__cxx1112basic_stringIcSt11char_traitsIcESaIcEEERKSt3mapIS6_S6_N3cpr22CaseInsensitiveCompareESaISt4pairIS7_S6_EEERKN8nlohmann16json_abi_v3_12_010basic_jsonIS9_St6vectorS6_bxydSaNSJ_14adl_serializerESL_IhSaIhEEvEES8_St8functionIFvS8_EEii[_ZN10llm_client6detail16http_post_streamERKNSt7__cxx1112basic_stringIcSt11char_traitsIcESaIcEEERKSt3mapIS6_S6_N3cpr22CaseInsensitiveCompareESaISt4pairIS7_S6_EEERKN8nlohmann16json_abi_v3_12_010basic_jsonIS9_St6vectorS6_bxydSaNSJ_14adl_serializerESL_IhSaIhEEvEES8_St8functionIFvS8_EEii]+0x149d): undefined reference to `__imp__ZN3fmt3v126detail10vformat_toERNS1_6bufferIcEENS0_17basic_string_viewIcEENS0_17basic_format_argsINS0_7contextEEENS0_10locale_refE'
build-release-assets (windows-latest, windows, amd64, ragcli.exe)	UNKNOWN STEP	2026-07-27T16:40:20.7697454Z C:/mingw64/bin/../lib/gcc/x86_64-w64-mingw32/15.2.0/../../../../x86_64-w64-mingw32/bin/ld.exe: _deps/llm_client-build/libllm_client.a(openai_client.cpp.obj):openai_client.cpp:(.text$_ZN10llm_client6detail16http_post_streamERKNSt7__cxx1112basic_stringIcSt11char_traitsIcESaIcEEERKSt3mapIS6_S6_N3cpr22CaseInsensitiveCompareESaISt4pairIS7_S6_EEERKN8nlohmann16json_abi_v3_12_010basic_jsonIS9_St6vectorS6_bxydSaNSJ_14adl_serializerESL_IhSaIhEEvEES8_St8functionIFvS8_EEii[_ZN10llm_client6detail16http_post_streamERKNSt7__cxx1112basic_stringIcSt11char_traitsIcESaIcEEERKSt3mapIS6_S6_N3cpr22CaseInsensitiveCompareESaISt4pairIS7_S6_EEERKN8nlohmann16json_abi_v3_12_010basic_jsonIS9_St6vectorS6_bxydSaNSJ_14adl_serializerESL_IhSaIhEEvEES8_St8functionIFvS8_EEii]+0x152e): undefined reference to `__imp__ZN6spdlog7details7log_msgC1ENS_10source_locEN3fmt3v1217basic_string_viewIcEENS_5level10level_enumES6_'
build-release-assets (windows-latest, windows, amd64, ragcli.exe)	UNKNOWN STEP	2026-07-27T16:40:20.7758841Z C:/mingw64/bin/../lib/gcc/x86_64-w64-mingw32/15.2.0/../../../../x86_64-w64-mingw32/bin/ld.exe: _deps/llm_client-build/libllm_client.a(openai_client.cpp.obj):openai_client.cpp:(.text$_ZN10llm_client6detail16http_post_streamERKNSt7__cxx1112basic_stringIcSt11char_traitsIcESaIcEEERKSt3mapIS6_S6_N3cpr22CaseInsensitiveCompareESaISt4pairIS7_S6_EEERKN8nlohmann16json_abi_v3_12_010basic_jsonIS9_St6vectorS6_bxydSaNSJ_14adl_serializerESL_IhSaIhEEvEES8_St8functionIFvS8_EEii[_ZN10llm_client6detail16http_post_streamERKNSt7__cxx1112basic_stringIcSt11char_traitsIcESaIcEEERKSt3mapIS6_S6_N3cpr22CaseInsensitiveCompareESaISt4pairIS7_S6_EEERKN8nlohmann16json_abi_v3_12_010basic_jsonIS9_St6vectorS6_bxydSaNSJ_14adl_serializerESL_IhSaIhEEvEES8_St8functionIFvS8_EEii]+0x1545): undefined reference to `__imp__ZN6spdlog6logger7log_it_ERKNS_7details7log_msgEbb'
build-release-assets (windows-latest, windows, amd64, ragcli.exe)	UNKNOWN STEP	2026-07-27T16:40:20.7823154Z C:/mingw64/bin/../lib/gcc/x86_64-w64-mingw32/15.2.0/../../../../x86_64-w64-mingw32/bin/ld.exe: _deps/llm_client-build/libllm_client.a(openai_client.cpp.obj):openai_client.cpp:(.text$_ZN10llm_client6detail16http_post_streamERKNSt7__cxx1112basic_stringIcSt11char_traitsIcESaIcEEERKSt3mapIS6_S6_N3cpr22CaseInsensitiveCompareESaISt4pairIS7_S6_EEERKN8nlohmann16json_abi_v3_12_010basic_jsonIS9_St6vectorS6_bxydSaNSJ_14adl_serializerESL_IhSaIhEEvEES8_St8functionIFvS8_EEii[_ZN10llm_client6detail16http_post_streamERKNSt7__cxx1112basic_stringIcSt11char_traitsIcESaIcEEERKSt3mapIS6_S6_N3cpr22CaseInsensitiveCompareESaISt4pairIS7_S6_EEERKN8nlohmann16json_abi_v3_12_010basic_jsonIS9_St6vectorS6_bxydSaNSJ_14adl_serializerESL_IhSaIhEEvEES8_St8functionIFvS8_EEii]+0x1647): undefined reference to `__imp__ZN3fmt3v126detail10vformat_toERNS1_6bufferIcEENS0_17basic_string_viewIcEENS0_17basic_format_argsINS0_7contextEEENS0_10locale_refE'
build-release-assets (windows-latest, windows, amd64, ragcli.exe)	UNKNOWN STEP	2026-07-27T16:40:20.7887135Z C:/mingw64/bin/../lib/gcc/x86_64-w64-mingw32/15.2.0/../../../../x86_64-w64-mingw32/bin/ld.exe: _deps/llm_client-build/libllm_client.a(openai_client.cpp.obj):openai_client.cpp:(.text$_ZN10llm_client6detail16http_post_streamERKNSt7__cxx1112basic_stringIcSt11char_traitsIcESaIcEEERKSt3mapIS6_S6_N3cpr22CaseInsensitiveCompareESaISt4pairIS7_S6_EEERKN8nlohmann16json_abi_v3_12_010basic_jsonIS9_St6vectorS6_bxydSaNSJ_14adl_serializerESL_IhSaIhEEvEES8_St8functionIFvS8_EEii[_ZN10llm_client6detail16http_post_streamERKNSt7__cxx1112basic_stringIcSt11char_traitsIcESaIcEEERKSt3mapIS6_S6_N3cpr22CaseInsensitiveCompareESaISt4pairIS7_S6_EEERKN8nlohmann16json_abi_v3_12_010basic_jsonIS9_St6vectorS6_bxydSaNSJ_14adl_serializerESL_IhSaIhEEvEES8_St8functionIFvS8_EEii]+0x16db): undefined reference to `__imp__ZN6spdlog7details7log_msgC1ENS_10source_locEN3fmt3v1217basic_string_viewIcEENS_5level10level_enumES6_'
build-release-assets (windows-latest, windows, amd64, ragcli.exe)	UNKNOWN STEP	2026-07-27T16:40:20.7955430Z C:/mingw64/bin/../lib/gcc/x86_64-w64-mingw32/15.2.0/../../../../x86_64-w64-mingw32/bin/ld.exe: _deps/llm_client-build/libllm_client.a(openai_client.cpp.obj):openai_client.cpp:(.text$_ZN10llm_client6detail16http_post_streamERKNSt7__cxx1112basic_stringIcSt11char_traitsIcESaIcEEERKSt3mapIS6_S6_N3cpr22CaseInsensitiveCompareESaISt4pairIS7_S6_EEERKN8nlohmann16json_abi_v3_12_010basic_jsonIS9_St6vectorS6_bxydSaNSJ_14adl_serializerESL_IhSaIhEEvEES8_St8functionIFvS8_EEii[_ZN10llm_client6detail16http_post_streamERKNSt7__cxx1112basic_stringIcSt11char_traitsIcESaIcEEERKSt3mapIS6_S6_N3cpr22CaseInsensitiveCompareESaISt4pairIS7_S6_EEERKN8nlohmann16json_abi_v3_12_010basic_jsonIS9_St6vectorS6_bxydSaNSJ_14adl_serializerESL_IhSaIhEEvEES8_St8functionIFvS8_EEii]+0x16f2): undefined reference to `__imp__ZN6spdlog6logger7log_it_ERKNS_7details7log_msgEbb'
build-release-assets (windows-latest, windows, amd64, ragcli.exe)	UNKNOWN STEP	2026-07-27T16:40:20.8019241Z C:/mingw64/bin/../lib/gcc/x86_64-w64-mingw32/15.2.0/../../../../x86_64-w64-mingw32/bin/ld.exe: _deps/llm_client-build/libllm_client.a(openai_client.cpp.obj):openai_client.cpp:(.text$_ZN10llm_client6detail16http_post_streamERKNSt7__cxx1112basic_stringIcSt11char_traitsIcESaIcEEERKSt3mapIS6_S6_N3cpr22CaseInsensitiveCompareESaISt4pairIS7_S6_EEERKN8nlohmann16json_abi_v3_12_010basic_jsonIS9_St6vectorS6_bxydSaNSJ_14adl_serializerESL_IhSaIhEEvEES8_St8functionIFvS8_EEii[_ZN10llm_client6detail16http_post_streamERKNSt7__cxx1112basic_stringIcSt11char_traitsIcESaIcEEERKSt3mapIS6_S6_N3cpr22CaseInsensitiveCompareESaISt4pairIS7_S6_EEERKN8nlohmann16json_abi_v3_12_010basic_jsonIS9_St6vectorS6_bxydSaNSJ_14adl_serializerESL_IhSaIhEEvEES8_St8functionIFvS8_EEii]+0x17b4): undefined reference to `cpr::CaseInsensitiveCompare::operator()(std::__cxx11::basic_string<char, std::char_traits<char>, std::allocator<char> > const&, std::__cxx11::basic_string<char, std::char_traits<char>, std::allocator<char> > const&) const'
build-release-assets (windows-latest, windows, amd64, ragcli.exe)	UNKNOWN STEP	2026-07-27T16:40:20.8086658Z C:/mingw64/bin/../lib/gcc/x86_64-w64-mingw32/15.2.0/../../../../x86_64-w64-mingw32/bin/ld.exe: _deps/llm_client-build/libllm_client.a(openai_client.cpp.obj):openai_client.cpp:(.text$_ZN10llm_client6detail16http_post_streamERKNSt7__cxx1112basic_stringIcSt11char_traitsIcESaIcEEERKSt3mapIS6_S6_N3cpr22CaseInsensitiveCompareESaISt4pairIS7_S6_EEERKN8nlohmann16json_abi_v3_12_010basic_jsonIS9_St6vectorS6_bxydSaNSJ_14adl_serializerESL_IhSaIhEEvEES8_St8functionIFvS8_EEii[_ZN10llm_client6detail16http_post_streamERKNSt7__cxx1112basic_stringIcSt11char_traitsIcESaIcEEERKSt3mapIS6_S6_N3cpr22CaseInsensitiveCompareESaISt4pairIS7_S6_EEERKN8nlohmann16json_abi_v3_12_010basic_jsonIS9_St6vectorS6_bxydSaNSJ_14adl_serializerESL_IhSaIhEEvEES8_St8functionIFvS8_EEii]+0x17e9): undefined reference to `cpr::CaseInsensitiveCompare::operator()(std::__cxx11::basic_string<char, std::char_traits<char>, std::allocator<char> > const&, std::__cxx11::basic_string<char, std::char_traits<char>, std::allocator<char> > const&) const'
build-release-assets (windows-latest, windows, amd64, ragcli.exe)	UNKNOWN STEP	2026-07-27T16:40:20.8156832Z C:/mingw64/bin/../lib/gcc/x86_64-w64-mingw32/15.2.0/../../../../x86_64-w64-mingw32/bin/ld.exe: _deps/llm_client-build/libllm_client.a(openai_client.cpp.obj):openai_client.cpp:(.text$_ZN10llm_client6detail16http_post_streamERKNSt7__cxx1112basic_stringIcSt11char_traitsIcESaIcEEERKSt3mapIS6_S6_N3cpr22CaseInsensitiveCompareESaISt4pairIS7_S6_EEERKN8nlohmann16json_abi_v3_12_010basic_jsonIS9_St6vectorS6_bxydSaNSJ_14adl_serializerESL_IhSaIhEEvEES8_St8functionIFvS8_EEii[_ZN10llm_client6detail16http_post_streamERKNSt7__cxx1112basic_stringIcSt11char_traitsIcESaIcEEERKSt3mapIS6_S6_N3cpr22CaseInsensitiveCompareESaISt4pairIS7_S6_EEERKN8nlohmann16json_abi_v3_12_010basic_jsonIS9_St6vectorS6_bxydSaNSJ_14adl_serializerESL_IhSaIhEEvEES8_St8functionIFvS8_EEii]+0x19fa): undefined reference to `__imp__ZN3fmt3v126detail10vformat_toERNS1_6bufferIcEENS0_17basic_string_viewIcEENS0_17basic_format_argsINS0_7contextEEENS0_10locale_refE'
build-release-assets (windows-latest, windows, amd64, ragcli.exe)	UNKNOWN STEP	2026-07-27T16:40:20.8219763Z C:/mingw64/bin/../lib/gcc/x86_64-w64-mingw32/15.2.0/../../../../x86_64-w64-mingw32/bin/ld.exe: _deps/llm_client-build/libllm_client.a(openai_client.cpp.obj):openai_client.cpp:(.text$_ZN10llm_client6detail16http_post_streamERKNSt7__cxx1112basic_stringIcSt11char_traitsIcESaIcEEERKSt3mapIS6_S6_N3cpr22CaseInsensitiveCompareESaISt4pairIS7_S6_EEERKN8nlohmann16json_abi_v3_12_010basic_jsonIS9_St6vectorS6_bxydSaNSJ_14adl_serializerESL_IhSaIhEEvEES8_St8functionIFvS8_EEii[_ZN10llm_client6detail16http_post_streamERKNSt7__cxx1112basic_stringIcSt11char_traitsIcESaIcEEERKSt3mapIS6_S6_N3cpr22CaseInsensitiveCompareESaISt4pairIS7_S6_EEERKN8nlohmann16json_abi_v3_12_010basic_jsonIS9_St6vectorS6_bxydSaNSJ_14adl_serializerESL_IhSaIhEEvEES8_St8functionIFvS8_EEii]+0x1a93): undefined reference to `__imp__ZN6spdlog7details7log_msgC1ENS_10source_locEN3fmt3v1217basic_string_viewIcEENS_5level10level_enumES6_'
build-release-assets (windows-latest, windows, amd64, ragcli.exe)	UNKNOWN STEP	2026-07-27T16:40:20.8285069Z C:/mingw64/bin/../lib/gcc/x86_64-w64-mingw32/15.2.0/../../../../x86_64-w64-mingw32/bin/ld.exe: _deps/llm_client-build/libllm_client.a(openai_client.cpp.obj):openai_client.cpp:(.text$_ZN10llm_client6detail16http_post_streamERKNSt7__cxx1112basic_stringIcSt11char_traitsIcESaIcEEERKSt3mapIS6_S6_N3cpr22CaseInsensitiveCompareESaISt4pairIS7_S6_EEERKN8nlohmann16json_abi_v3_12_010basic_jsonIS9_St6vectorS6_bxydSaNSJ_14adl_serializerESL_IhSaIhEEvEES8_St8functionIFvS8_EEii[_ZN10llm_client6detail16http_post_streamERKNSt7__cxx1112basic_stringIcSt11char_traitsIcESaIcEEERKSt3mapIS6_S6_N3cpr22CaseInsensitiveCompareESaISt4pairIS7_S6_EEERKN8nlohmann16json_abi_v3_12_010basic_jsonIS9_St6vectorS6_bxydSaNSJ_14adl_serializerESL_IhSaIhEEvEES8_St8functionIFvS8_EEii]+0x1aac): undefined reference to `__imp__ZN6spdlog6logger7log_it_ERKNS_7details7log_msgEbb'
build-release-assets (windows-latest, windows, amd64, ragcli.exe)	UNKNOWN STEP	2026-07-27T16:40:20.8352606Z C:/mingw64/bin/../lib/gcc/x86_64-w64-mingw32/15.2.0/../../../../x86_64-w64-mingw32/bin/ld.exe: _deps/llm_client-build/libllm_client.a(openai_client.cpp.obj):openai_client.cpp:(.text$_ZN10llm_client6detail16http_post_streamERKNSt7__cxx1112basic_stringIcSt11char_traitsIcESaIcEEERKSt3mapIS6_S6_N3cpr22CaseInsensitiveCompareESaISt4pairIS7_S6_EEERKN8nlohmann16json_abi_v3_12_010basic_jsonIS9_St6vectorS6_bxydSaNSJ_14adl_serializerESL_IhSaIhEEvEES8_St8functionIFvS8_EEii[_ZN10llm_client6detail16http_post_streamERKNSt7__cxx1112basic_stringIcSt11char_traitsIcESaIcEEERKSt3mapIS6_S6_N3cpr22CaseInsensitiveCompareESaISt4pairIS7_S6_EEERKN8nlohmann16json_abi_v3_12_010basic_jsonIS9_St6vectorS6_bxydSaNSJ_14adl_serializerESL_IhSaIhEEvEES8_St8functionIFvS8_EEii]+0x1cce): undefined reference to `__imp__ZN3fmt3v126detail10vformat_toERNS1_6bufferIcEENS0_17basic_string_viewIcEENS0_17basic_format_argsINS0_7contextEEENS0_10locale_refE'
build-release-assets (windows-latest, windows, amd64, ragcli.exe)	UNKNOWN STEP	2026-07-27T16:40:20.8417211Z C:/mingw64/bin/../lib/gcc/x86_64-w64-mingw32/15.2.0/../../../../x86_64-w64-mingw32/bin/ld.exe: _deps/llm_client-build/libllm_client.a(openai_client.cpp.obj):openai_client.cpp:(.text$_ZN10llm_client6detail16http_post_streamERKNSt7__cxx1112basic_stringIcSt11char_traitsIcESaIcEEERKSt3mapIS6_S6_N3cpr22CaseInsensitiveCompareESaISt4pairIS7_S6_EEERKN8nlohmann16json_abi_v3_12_010basic_jsonIS9_St6vectorS6_bxydSaNSJ_14adl_serializerESL_IhSaIhEEvEES8_St8functionIFvS8_EEii[_ZN10llm_client6detail16http_post_streamERKNSt7__cxx1112basic_stringIcSt11char_traitsIcESaIcEEERKSt3mapIS6_S6_N3cpr22CaseInsensitiveCompareESaISt4pairIS7_S6_EEERKN8nlohmann16json_abi_v3_12_010basic_jsonIS9_St6vectorS6_bxydSaNSJ_14adl_serializerESL_IhSaIhEEvEES8_St8functionIFvS8_EEii]+0x1d62): undefined reference to `__imp__ZN6spdlog7details7log_msgC1ENS_10source_locEN3fmt3v1217basic_string_viewIcEENS_5level10level_enumES6_'
build-release-assets (windows-latest, windows, amd64, ragcli.exe)	UNKNOWN STEP	2026-07-27T16:40:20.8479262Z C:/mingw64/bin/../lib/gcc/x86_64-w64-mingw32/15.2.0/../../../../x86_64-w64-mingw32/bin/ld.exe: _deps/llm_client-build/libllm_client.a(openai_client.cpp.obj):openai_client.cpp:(.text$_ZN10llm_client6detail16http_post_streamERKNSt7__cxx1112basic_stringIcSt11char_traitsIcESaIcEEERKSt3mapIS6_S6_N3cpr22CaseInsensitiveCompareESaISt4pairIS7_S6_EEERKN8nlohmann16json_abi_v3_12_010basic_jsonIS9_St6vectorS6_bxydSaNSJ_14adl_serializerESL_IhSaIhEEvEES8_St8functionIFvS8_EEii[_ZN10llm_client6detail16http_post_streamERKNSt7__cxx1112basic_stringIcSt11char_traitsIcESaIcEEERKSt3mapIS6_S6_N3cpr22CaseInsensitiveCompareESaISt4pairIS7_S6_EEERKN8nlohmann16json_abi_v3_12_010basic_jsonIS9_St6vectorS6_bxydSaNSJ_14adl_serializerESL_IhSaIhEEvEES8_St8functionIFvS8_EEii]+0x1d79): undefined reference to `__imp__ZN6spdlog6logger7log_it_ERKNS_7details7log_msgEbb'
build-release-assets (windows-latest, windows, amd64, ragcli.exe)	UNKNOWN STEP	2026-07-27T16:40:20.8545296Z C:/mingw64/bin/../lib/gcc/x86_64-w64-mingw32/15.2.0/../../../../x86_64-w64-mingw32/bin/ld.exe: _deps/llm_client-build/libllm_client.a(openai_client.cpp.obj):openai_client.cpp:(.text$_ZN10llm_client6detail16http_post_streamERKNSt7__cxx1112basic_stringIcSt11char_traitsIcESaIcEEERKSt3mapIS6_S6_N3cpr22CaseInsensitiveCompareESaISt4pairIS7_S6_EEERKN8nlohmann16json_abi_v3_12_010basic_jsonIS9_St6vectorS6_bxydSaNSJ_14adl_serializerESL_IhSaIhEEvEES8_St8functionIFvS8_EEii[_ZN10llm_client6detail16http_post_streamERKNSt7__cxx1112basic_stringIcSt11char_traitsIcESaIcEEERKSt3mapIS6_S6_N3cpr22CaseInsensitiveCompareESaISt4pairIS7_S6_EEERKN8nlohmann16json_abi_v3_12_010basic_jsonIS9_St6vectorS6_bxydSaNSJ_14adl_serializerESL_IhSaIhEEvEES8_St8functionIFvS8_EEii]+0x29e6): undefined reference to `__imp__ZN3fmt3v126detail10vformat_toERNS1_6bufferIcEENS0_17basic_string_viewIcEENS0_17basic_format_argsINS0_7contextEEENS0_10locale_refE'
build-release-assets (windows-latest, windows, amd64, ragcli.exe)	UNKNOWN STEP	2026-07-27T16:40:20.8612890Z C:/mingw64/bin/../lib/gcc/x86_64-w64-mingw32/15.2.0/../../../../x86_64-w64-mingw32/bin/ld.exe: _deps/llm_client-build/libllm_client.a(openai_client.cpp.obj):openai_client.cpp:(.text$_ZN10llm_client6detail16http_post_streamERKNSt7__cxx1112basic_stringIcSt11char_traitsIcESaIcEEERKSt3mapIS6_S6_N3cpr22CaseInsensitiveCompareESaISt4pairIS7_S6_EEERKN8nlohmann16json_abi_v3_12_010basic_jsonIS9_St6vectorS6_bxydSaNSJ_14adl_serializerESL_IhSaIhEEvEES8_St8functionIFvS8_EEii[_ZN10llm_client6detail16http_post_streamERKNSt7__cxx1112basic_stringIcSt11char_traitsIcESaIcEEERKSt3mapIS6_S6_N3cpr22CaseInsensitiveCompareESaISt4pairIS7_S6_EEERKN8nlohmann16json_abi_v3_12_010basic_jsonIS9_St6vectorS6_bxydSaNSJ_14adl_serializerESL_IhSaIhEEvEES8_St8functionIFvS8_EEii]+0x2a7a): undefined reference to `__imp__ZN6spdlog7details7log_msgC1ENS_10source_locEN3fmt3v1217basic_string_viewIcEENS_5level10level_enumES6_'
build-release-assets (windows-latest, windows, amd64, ragcli.exe)	UNKNOWN STEP	2026-07-27T16:40:20.8673807Z C:/mingw64/bin/../lib/gcc/x86_64-w64-mingw32/15.2.0/../../../../x86_64-w64-mingw32/bin/ld.exe: _deps/llm_client-build/libllm_client.a(openai_client.cpp.obj):openai_client.cpp:(.text$_ZN10llm_client6detail16http_post_streamERKNSt7__cxx1112basic_stringIcSt11char_traitsIcESaIcEEERKSt3mapIS6_S6_N3cpr22CaseInsensitiveCompareESaISt4pairIS7_S6_EEERKN8nlohmann16json_abi_v3_12_010basic_jsonIS9_St6vectorS6_bxydSaNSJ_14adl_serializerESL_IhSaIhEEvEES8_St8functionIFvS8_EEii[_ZN10llm_client6detail16http_post_streamERKNSt7__cxx1112basic_stringIcSt11char_traitsIcESaIcEEERKSt3mapIS6_S6_N3cpr22CaseInsensitiveCompareESaISt4pairIS7_S6_EEERKN8nlohmann16json_abi_v3_12_010basic_jsonIS9_St6vectorS6_bxydSaNSJ_14adl_serializerESL_IhSaIhEEvEES8_St8functionIFvS8_EEii]+0x2a91): undefined reference to `__imp__ZN6spdlog6logger7log_it_ERKNS_7details7log_msgEbb'
build-release-assets (windows-latest, windows, amd64, ragcli.exe)	UNKNOWN STEP	2026-07-27T16:40:20.8737360Z C:/mingw64/bin/../lib/gcc/x86_64-w64-mingw32/15.2.0/../../../../x86_64-w64-mingw32/bin/ld.exe: _deps/llm_client-build/libllm_client.a(openai_client.cpp.obj):openai_client.cpp:(.text$_ZN10llm_client6detail16http_post_streamERKNSt7__cxx1112basic_stringIcSt11char_traitsIcESaIcEEERKSt3mapIS6_S6_N3cpr22CaseInsensitiveCompareESaISt4pairIS7_S6_EEERKN8nlohmann16json_abi_v3_12_010basic_jsonIS9_St6vectorS6_bxydSaNSJ_14adl_serializerESL_IhSaIhEEvEES8_St8functionIFvS8_EEii[_ZN10llm_client6detail16http_post_streamERKNSt7__cxx1112basic_stringIcSt11char_traitsIcESaIcEEERKSt3mapIS6_S6_N3cpr22CaseInsensitiveCompareESaISt4pairIS7_S6_EEERKN8nlohmann16json_abi_v3_12_010basic_jsonIS9_St6vectorS6_bxydSaNSJ_14adl_serializerESL_IhSaIhEEvEES8_St8functionIFvS8_EEii]+0x3019): undefined reference to `__imp__ZNK6spdlog6logger12err_handler_ERKNSt7__cxx1112basic_stringIcSt11char_traitsIcESaIcEEE'
build-release-assets (windows-latest, windows, amd64, ragcli.exe)	UNKNOWN STEP	2026-07-27T16:40:20.8802243Z C:/mingw64/bin/../lib/gcc/x86_64-w64-mingw32/15.2.0/../../../../x86_64-w64-mingw32/bin/ld.exe: _deps/llm_client-build/libllm_client.a(openai_client.cpp.obj):openai_client.cpp:(.text$_ZN10llm_client6detail16http_post_streamERKNSt7__cxx1112basic_stringIcSt11char_traitsIcESaIcEEERKSt3mapIS6_S6_N3cpr22CaseInsensitiveCompareESaISt4pairIS7_S6_EEERKN8nlohmann16json_abi_v3_12_010basic_jsonIS9_St6vectorS6_bxydSaNSJ_14adl_serializerESL_IhSaIhEEvEES8_St8functionIFvS8_EEii[_ZN10llm_client6detail16http_post_streamERKNSt7__cxx1112basic_stringIcSt11char_traitsIcESaIcEEERKSt3mapIS6_S6_N3cpr22CaseInsensitiveCompareESaISt4pairIS7_S6_EEERKN8nlohmann16json_abi_v3_12_010basic_jsonIS9_St6vectorS6_bxydSaNSJ_14adl_serializerESL_IhSaIhEEvEES8_St8functionIFvS8_EEii]+0x30c0): undefined reference to `__imp__ZNK6spdlog6logger12err_handler_ERKNSt7__cxx1112basic_stringIcSt11char_traitsIcESaIcEEE'
build-release-assets (windows-latest, windows, amd64, ragcli.exe)	UNKNOWN STEP	2026-07-27T16:40:20.8871771Z C:/mingw64/bin/../lib/gcc/x86_64-w64-mingw32/15.2.0/../../../../x86_64-w64-mingw32/bin/ld.exe: _deps/llm_client-build/libllm_client.a(openai_client.cpp.obj):openai_client.cpp:(.text$_ZN10llm_client6detail16http_post_streamERKNSt7__cxx1112basic_stringIcSt11char_traitsIcESaIcEEERKSt3mapIS6_S6_N3cpr22CaseInsensitiveCompareESaISt4pairIS7_S6_EEERKN8nlohmann16json_abi_v3_12_010basic_jsonIS9_St6vectorS6_bxydSaNSJ_14adl_serializerESL_IhSaIhEEvEES8_St8functionIFvS8_EEii[_ZN10llm_client6detail16http_post_streamERKNSt7__cxx1112basic_stringIcSt11char_traitsIcESaIcEEERKSt3mapIS6_S6_N3cpr22CaseInsensitiveCompareESaISt4pairIS7_S6_EEERKN8nlohmann16json_abi_v3_12_010basic_jsonIS9_St6vectorS6_bxydSaNSJ_14adl_serializerESL_IhSaIhEEvEES8_St8functionIFvS8_EEii]+0x311c): undefined reference to `__imp__ZNK6spdlog6logger12err_handler_ERKNSt7__cxx1112basic_stringIcSt11char_traitsIcESaIcEEE'
build-release-assets (windows-latest, windows, amd64, ragcli.exe)	UNKNOWN STEP	2026-07-27T16:40:20.8934568Z C:/mingw64/bin/../lib/gcc/x86_64-w64-mingw32/15.2.0/../../../../x86_64-w64-mingw32/bin/ld.exe: _deps/llm_client-build/libllm_client.a(openai_client.cpp.obj):openai_client.cpp:(.text$_ZN10llm_client6detail16http_post_streamERKNSt7__cxx1112basic_stringIcSt11char_traitsIcESaIcEEERKSt3mapIS6_S6_N3cpr22CaseInsensitiveCompareESaISt4pairIS7_S6_EEERKN8nlohmann16json_abi_v3_12_010basic_jsonIS9_St6vectorS6_bxydSaNSJ_14adl_serializerESL_IhSaIhEEvEES8_St8functionIFvS8_EEii[_ZN10llm_client6detail16http_post_streamERKNSt7__cxx1112basic_stringIcSt11char_traitsIcESaIcEEERKSt3mapIS6_S6_N3cpr22CaseInsensitiveCompareESaISt4pairIS7_S6_EEERKN8nlohmann16json_abi_v3_12_010basic_jsonIS9_St6vectorS6_bxydSaNSJ_14adl_serializerESL_IhSaIhEEvEES8_St8functionIFvS8_EEii]+0x3160): undefined reference to `__imp__ZNK6spdlog6logger12err_handler_ERKNSt7__cxx1112basic_stringIcSt11char_traitsIcESaIcEEE'
build-release-assets (windows-latest, windows, amd64, ragcli.exe)	UNKNOWN STEP	2026-07-27T16:40:20.8991559Z C:/mingw64/bin/../lib/gcc/x86_64-w64-mingw32/15.2.0/../../../../x86_64-w64-mingw32/bin/ld.exe: _deps/llm_client-build/libllm_client.a(openai_client.cpp.obj):openai_client.cpp:(.text$_ZN10llm_client6detail16http_post_streamERKNSt7__cxx1112basic_stringIcSt11char_traitsIcESaIcEEERKSt3mapIS6_S6_N3cpr22CaseInsensitiveCompareESaISt4pairIS7_S6_EEERKN8nlohmann16json_abi_v3_12_010basic_jsonIS9_St6vectorS6_bxydSaNSJ_14adl_serializerESL_IhSaIhEEvEES8_St8functionIFvS8_EEii[_ZN10llm_client6detail16http_post_streamERKNSt7__cxx1112basic_stringIcSt11char_traitsIcESaIcEEERKSt3mapIS6_S6_N3cpr22CaseInsensitiveCompareESaISt4pairIS7_S6_EEERKN8nlohmann16json_abi_v3_12_010basic_jsonIS9_St6vectorS6_bxydSaNSJ_14adl_serializerESL_IhSaIhEEvEES8_St8functionIFvS8_EEii]+0x31dd): undefined reference to `__imp__ZNK6spdlog6logger12err_handler_ERKNSt7__cxx1112basic_stringIcSt11char_traitsIcESaIcEEE'
build-release-assets (windows-latest, windows, amd64, ragcli.exe)	UNKNOWN STEP	2026-07-27T16:40:20.9054903Z C:/mingw64/bin/../lib/gcc/x86_64-w64-mingw32/15.2.0/../../../../x86_64-w64-mingw32/bin/ld.exe: _deps/llm_client-build/libllm_client.a(openai_client.cpp.obj):openai_client.cpp:(.text$_ZN10llm_client6detail16http_post_streamERKNSt7__cxx1112basic_stringIcSt11char_traitsIcESaIcEEERKSt3mapIS6_S6_N3cpr22CaseInsensitiveCompareESaISt4pairIS7_S6_EEERKN8nlohmann16json_abi_v3_12_010basic_jsonIS9_St6vectorS6_bxydSaNSJ_14adl_serializerESL_IhSaIhEEvEES8_St8functionIFvS8_EEii[_ZN10llm_client6detail16http_post_streamERKNSt7__cxx1112basic_stringIcSt11char_traitsIcESaIcEEERKSt3mapIS6_S6_N3cpr22CaseInsensitiveCompareESaISt4pairIS7_S6_EEERKN8nlohmann16json_abi_v3_12_010basic_jsonIS9_St6vectorS6_bxydSaNSJ_14adl_serializerESL_IhSaIhEEvEES8_St8functionIFvS8_EEii]+0x3221): more undefined references to `__imp__ZNK6spdlog6logger12err_handler_ERKNSt7__cxx1112basic_stringIcSt11char_traitsIcESaIcEEE' follow
build-release-assets (windows-latest, windows, amd64, ragcli.exe)	UNKNOWN STEP	2026-07-27T16:40:20.9123638Z C:/mingw64/bin/../lib/gcc/x86_64-w64-mingw32/15.2.0/../../../../x86_64-w64-mingw32/bin/ld.exe: _deps/llm_client-build/libllm_client.a(openai_client.cpp.obj):openai_client.cpp:(.text$_ZN10llm_client6detail14http_post_jsonERKNSt7__cxx1112basic_stringIcSt11char_traitsIcESaIcEEERKSt3mapIS6_S6_N3cpr22CaseInsensitiveCompareESaISt4pairIS7_S6_EEERKN8nlohmann16json_abi_v3_12_010basic_jsonIS9_St6vectorS6_bxydSaNSJ_14adl_serializerESL_IhSaIhEEvEES8_ii[_ZN10llm_client6detail14http_post_jsonERKNSt7__cxx1112basic_stringIcSt11char_traitsIcESaIcEEERKSt3mapIS6_S6_N3cpr22CaseInsensitiveCompareESaISt4pairIS7_S6_EEERKN8nlohmann16json_abi_v3_12_010basic_jsonIS9_St6vectorS6_bxydSaNSJ_14adl_serializerESL_IhSaIhEEvEES8_ii]+0x22a): undefined reference to `__imp__ZNK6spdlog7details10backtracer7enabledEv'
build-release-assets (windows-latest, windows, amd64, ragcli.exe)	UNKNOWN STEP	2026-07-27T16:40:20.9176992Z C:/mingw64/bin/../lib/gcc/x86_64-w64-mingw32/15.2.0/../../../../x86_64-w64-mingw32/bin/ld.exe: _deps/llm_client-build/libllm_client.a(openai_client.cpp.obj):openai_client.cpp:(.text$_ZN10llm_client6detail14http_post_jsonERKNSt7__cxx1112basic_stringIcSt11char_traitsIcESaIcEEERKSt3mapIS6_S6_N3cpr22CaseInsensitiveCompareESaISt4pairIS7_S6_EEERKN8nlohmann16json_abi_v3_12_010basic_jsonIS9_St6vectorS6_bxydSaNSJ_14adl_serializerESL_IhSaIhEEvEES8_ii[_ZN10llm_client6detail14http_post_jsonERKNSt7__cxx1112basic_stringIcSt11char_traitsIcESaIcEEERKSt3mapIS6_S6_N3cpr22CaseInsensitiveCompareESaISt4pairIS7_S6_EEERKN8nlohmann16json_abi_v3_12_010basic_jsonIS9_St6vectorS6_bxydSaNSJ_14adl_serializerESL_IhSaIhEEvEES8_ii]+0x508): undefined reference to `cpr::Session::Session()'
build-release-assets (windows-latest, windows, amd64, ragcli.exe)	UNKNOWN STEP	2026-07-27T16:40:20.9231359Z C:/mingw64/bin/../lib/gcc/x86_64-w64-mingw32/15.2.0/../../../../x86_64-w64-mingw32/bin/ld.exe: _deps/llm_client-build/libllm_client.a(openai_client.cpp.obj):openai_client.cpp:(.text$_ZN10llm_client6detail14http_post_jsonERKNSt7__cxx1112basic_stringIcSt11char_traitsIcESaIcEEERKSt3mapIS6_S6_N3cpr22CaseInsensitiveCompareESaISt4pairIS7_S6_EEERKN8nlohmann16json_abi_v3_12_010basic_jsonIS9_St6vectorS6_bxydSaNSJ_14adl_serializerESL_IhSaIhEEvEES8_ii[_ZN10llm_client6detail14http_post_jsonERKNSt7__cxx1112basic_stringIcSt11char_traitsIcESaIcEEERKSt3mapIS6_S6_N3cpr22CaseInsensitiveCompareESaISt4pairIS7_S6_EEERKN8nlohmann16json_abi_v3_12_010basic_jsonIS9_St6vectorS6_bxydSaNSJ_14adl_serializerESL_IhSaIhEEvEES8_ii]+0x722): undefined reference to `cpr::Session::SetUrl(cpr::Url const&)'
build-release-assets (windows-latest, windows, amd64, ragcli.exe)	UNKNOWN STEP	2026-07-27T16:40:20.9299364Z C:/mingw64/bin/../lib/gcc/x86_64-w64-mingw32/15.2.0/../../../../x86_64-w64-mingw32/bin/ld.exe: _deps/llm_client-build/libllm_client.a(openai_client.cpp.obj):openai_client.cpp:(.text$_ZN10llm_client6detail14http_post_jsonERKNSt7__cxx1112basic_stringIcSt11char_traitsIcESaIcEEERKSt3mapIS6_S6_N3cpr22CaseInsensitiveCompareESaISt4pairIS7_S6_EEERKN8nlohmann16json_abi_v3_12_010basic_jsonIS9_St6vectorS6_bxydSaNSJ_14adl_serializerESL_IhSaIhEEvEES8_ii[_ZN10llm_client6detail14http_post_jsonERKNSt7__cxx1112basic_stringIcSt11char_traitsIcESaIcEEERKSt3mapIS6_S6_N3cpr22CaseInsensitiveCompareESaISt4pairIS7_S6_EEERKN8nlohmann16json_abi_v3_12_010basic_jsonIS9_St6vectorS6_bxydSaNSJ_14adl_serializerESL_IhSaIhEEvEES8_ii]+0x751): undefined reference to `cpr::Session::SetHeader(std::map<std::__cxx11::basic_string<char, std::char_traits<char>, std::allocator<char> >, std::__cxx11::basic_string<char, std::char_traits<char>, std::allocator<char> >, cpr::CaseInsensitiveCompare, std::allocator<std::pair<std::__cxx11::basic_string<char, std::char_traits<char>, std::allocator<char> > const, std::__cxx11::basic_string<char, std::char_traits<char>, std::allocator<char> > > > > const&)'
build-release-assets (windows-latest, windows, amd64, ragcli.exe)	UNKNOWN STEP	2026-07-27T16:40:20.9369685Z C:/mingw64/bin/../lib/gcc/x86_64-w64-mingw32/15.2.0/../../../../x86_64-w64-mingw32/bin/ld.exe: _deps/llm_client-build/libllm_client.a(openai_client.cpp.obj):openai_client.cpp:(.text$_ZN10llm_client6detail14http_post_jsonERKNSt7__cxx1112basic_stringIcSt11char_traitsIcESaIcEEERKSt3mapIS6_S6_N3cpr22CaseInsensitiveCompareESaISt4pairIS7_S6_EEERKN8nlohmann16json_abi_v3_12_010basic_jsonIS9_St6vectorS6_bxydSaNSJ_14adl_serializerESL_IhSaIhEEvEES8_ii[_ZN10llm_client6detail14http_post_jsonERKNSt7__cxx1112basic_stringIcSt11char_traitsIcESaIcEEERKSt3mapIS6_S6_N3cpr22CaseInsensitiveCompareESaISt4pairIS7_S6_EEERKN8nlohmann16json_abi_v3_12_010basic_jsonIS9_St6vectorS6_bxydSaNSJ_14adl_serializerESL_IhSaIhEEvEES8_ii]+0x93b): undefined reference to `cpr::Session::SetBody(cpr::Body&&)'
build-release-assets (windows-latest, windows, amd64, ragcli.exe)	UNKNOWN STEP	2026-07-27T16:40:20.9425546Z C:/mingw64/bin/../lib/gcc/x86_64-w64-mingw32/15.2.0/../../../../x86_64-w64-mingw32/bin/ld.exe: _deps/llm_client-build/libllm_client.a(openai_client.cpp.obj):openai_client.cpp:(.text$_ZN10llm_client6detail14http_post_jsonERKNSt7__cxx1112basic_stringIcSt11char_traitsIcESaIcEEERKSt3mapIS6_S6_N3cpr22CaseInsensitiveCompareESaISt4pairIS7_S6_EEERKN8nlohmann16json_abi_v3_12_010basic_jsonIS9_St6vectorS6_bxydSaNSJ_14adl_serializerESL_IhSaIhEEvEES8_ii[_ZN10llm_client6detail14http_post_jsonERKNSt7__cxx1112basic_stringIcSt11char_traitsIcESaIcEEERKSt3mapIS6_S6_N3cpr22CaseInsensitiveCompareESaISt4pairIS7_S6_EEERKN8nlohmann16json_abi_v3_12_010basic_jsonIS9_St6vectorS6_bxydSaNSJ_14adl_serializerESL_IhSaIhEEvEES8_ii]+0x973): undefined reference to `cpr::Session::SetTimeout(cpr::Timeout const&)'
build-release-assets (windows-latest, windows, amd64, ragcli.exe)	UNKNOWN STEP	2026-07-27T16:40:20.9483822Z C:/mingw64/bin/../lib/gcc/x86_64-w64-mingw32/15.2.0/../../../../x86_64-w64-mingw32/bin/ld.exe: _deps/llm_client-build/libllm_client.a(openai_client.cpp.obj):openai_client.cpp:(.text$_ZN10llm_client6detail14http_post_jsonERKNSt7__cxx1112basic_stringIcSt11char_traitsIcESaIcEEERKSt3mapIS6_S6_N3cpr22CaseInsensitiveCompareESaISt4pairIS7_S6_EEERKN8nlohmann16json_abi_v3_12_010basic_jsonIS9_St6vectorS6_bxydSaNSJ_14adl_serializerESL_IhSaIhEEvEES8_ii[_ZN10llm_client6detail14http_post_jsonERKNSt7__cxx1112basic_stringIcSt11char_traitsIcESaIcEEERKSt3mapIS6_S6_N3cpr22CaseInsensitiveCompareESaISt4pairIS7_S6_EEERKN8nlohmann16json_abi_v3_12_010basic_jsonIS9_St6vectorS6_bxydSaNSJ_14adl_serializerESL_IhSaIhEEvEES8_ii]+0x999): undefined reference to `cpr::Session::Post()'
build-release-assets (windows-latest, windows, amd64, ragcli.exe)	UNKNOWN STEP	2026-07-27T16:40:20.9543986Z C:/mingw64/bin/../lib/gcc/x86_64-w64-mingw32/15.2.0/../../../../x86_64-w64-mingw32/bin/ld.exe: _deps/llm_client-build/libllm_client.a(openai_client.cpp.obj):openai_client.cpp:(.text$_ZN10llm_client6detail14http_post_jsonERKNSt7__cxx1112basic_stringIcSt11char_traitsIcESaIcEEERKSt3mapIS6_S6_N3cpr22CaseInsensitiveCompareESaISt4pairIS7_S6_EEERKN8nlohmann16json_abi_v3_12_010basic_jsonIS9_St6vectorS6_bxydSaNSJ_14adl_serializerESL_IhSaIhEEvEES8_ii[_ZN10llm_client6detail14http_post_jsonERKNSt7__cxx1112basic_stringIcSt11char_traitsIcESaIcEEERKSt3mapIS6_S6_N3cpr22CaseInsensitiveCompareESaISt4pairIS7_S6_EEERKN8nlohmann16json_abi_v3_12_010basic_jsonIS9_St6vectorS6_bxydSaNSJ_14adl_serializerESL_IhSaIhEEvEES8_ii]+0x12bc): undefined reference to `__imp__ZN3fmt3v126detail10vformat_toERNS1_6bufferIcEENS0_17basic_string_viewIcEENS0_17basic_format_argsINS0_7contextEEENS0_10locale_refE'
build-release-assets (windows-latest, windows, amd64, ragcli.exe)	UNKNOWN STEP	2026-07-27T16:40:20.9607030Z C:/mingw64/bin/../lib/gcc/x86_64-w64-mingw32/15.2.0/../../../../x86_64-w64-mingw32/bin/ld.exe: _deps/llm_client-build/libllm_client.a(openai_client.cpp.obj):openai_client.cpp:(.text$_ZN10llm_client6detail14http_post_jsonERKNSt7__cxx1112basic_stringIcSt11char_traitsIcESaIcEEERKSt3mapIS6_S6_N3cpr22CaseInsensitiveCompareESaISt4pairIS7_S6_EEERKN8nlohmann16json_abi_v3_12_010basic_jsonIS9_St6vectorS6_bxydSaNSJ_14adl_serializerESL_IhSaIhEEvEES8_ii[_ZN10llm_client6detail14http_post_jsonERKNSt7__cxx1112basic_stringIcSt11char_traitsIcESaIcEEERKSt3mapIS6_S6_N3cpr22CaseInsensitiveCompareESaISt4pairIS7_S6_EEERKN8nlohmann16json_abi_v3_12_010basic_jsonIS9_St6vectorS6_bxydSaNSJ_14adl_serializerESL_IhSaIhEEvEES8_ii]+0x134d): undefined reference to `__imp__ZN6spdlog7details7log_msgC1ENS_10source_locEN3fmt3v1217basic_string_viewIcEENS_5level10level_enumES6_'
build-release-assets (windows-latest, windows, amd64, ragcli.exe)	UNKNOWN STEP	2026-07-27T16:40:20.9663822Z C:/mingw64/bin/../lib/gcc/x86_64-w64-mingw32/15.2.0/../../../../x86_64-w64-mingw32/bin/ld.exe: _deps/llm_client-build/libllm_client.a(openai_client.cpp.obj):openai_client.cpp:(.text$_ZN10llm_client6detail14http_post_jsonERKNSt7__cxx1112basic_stringIcSt11char_traitsIcESaIcEEERKSt3mapIS6_S6_N3cpr22CaseInsensitiveCompareESaISt4pairIS7_S6_EEERKN8nlohmann16json_abi_v3_12_010basic_jsonIS9_St6vectorS6_bxydSaNSJ_14adl_serializerESL_IhSaIhEEvEES8_ii[_ZN10llm_client6detail14http_post_jsonERKNSt7__cxx1112basic_stringIcSt11char_traitsIcESaIcEEERKSt3mapIS6_S6_N3cpr22CaseInsensitiveCompareESaISt4pairIS7_S6_EEERKN8nlohmann16json_abi_v3_12_010basic_jsonIS9_St6vectorS6_bxydSaNSJ_14adl_serializerESL_IhSaIhEEvEES8_ii]+0x1364): undefined reference to `__imp__ZN6spdlog6logger7log_it_ERKNS_7details7log_msgEbb'
build-release-assets (windows-latest, windows, amd64, ragcli.exe)	UNKNOWN STEP	2026-07-27T16:40:20.9725299Z C:/mingw64/bin/../lib/gcc/x86_64-w64-mingw32/15.2.0/../../../../x86_64-w64-mingw32/bin/ld.exe: _deps/llm_client-build/libllm_client.a(openai_client.cpp.obj):openai_client.cpp:(.text$_ZN10llm_client6detail14http_post_jsonERKNSt7__cxx1112basic_stringIcSt11char_traitsIcESaIcEEERKSt3mapIS6_S6_N3cpr22CaseInsensitiveCompareESaISt4pairIS7_S6_EEERKN8nlohmann16json_abi_v3_12_010basic_jsonIS9_St6vectorS6_bxydSaNSJ_14adl_serializerESL_IhSaIhEEvEES8_ii[_ZN10llm_client6detail14http_post_jsonERKNSt7__cxx1112basic_stringIcSt11char_traitsIcESaIcEEERKSt3mapIS6_S6_N3cpr22CaseInsensitiveCompareESaISt4pairIS7_S6_EEERKN8nlohmann16json_abi_v3_12_010basic_jsonIS9_St6vectorS6_bxydSaNSJ_14adl_serializerESL_IhSaIhEEvEES8_ii]+0x1466): undefined reference to `__imp__ZN3fmt3v126detail10vformat_toERNS1_6bufferIcEENS0_17basic_string_viewIcEENS0_17basic_format_argsINS0_7contextEEENS0_10locale_refE'
build-release-assets (windows-latest, windows, amd64, ragcli.exe)	UNKNOWN STEP	2026-07-27T16:40:20.9782717Z C:/mingw64/bin/../lib/gcc/x86_64-w64-mingw32/15.2.0/../../../../x86_64-w64-mingw32/bin/ld.exe: _deps/llm_client-build/libllm_client.a(openai_client.cpp.obj):openai_client.cpp:(.text$_ZN10llm_client6detail14http_post_jsonERKNSt7__cxx1112basic_stringIcSt11char_traitsIcESaIcEEERKSt3mapIS6_S6_N3cpr22CaseInsensitiveCompareESaISt4pairIS7_S6_EEERKN8nlohmann16json_abi_v3_12_010basic_jsonIS9_St6vectorS6_bxydSaNSJ_14adl_serializerESL_IhSaIhEEvEES8_ii[_ZN10llm_client6detail14http_post_jsonERKNSt7__cxx1112basic_stringIcSt11char_traitsIcESaIcEEERKSt3mapIS6_S6_N3cpr22CaseInsensitiveCompareESaISt4pairIS7_S6_EEERKN8nlohmann16json_abi_v3_12_010basic_jsonIS9_St6vectorS6_bxydSaNSJ_14adl_serializerESL_IhSaIhEEvEES8_ii]+0x14fa): undefined reference to `__imp__ZN6spdlog7details7log_msgC1ENS_10source_locEN3fmt3v1217basic_string_viewIcEENS_5level10level_enumES6_'
build-release-assets (windows-latest, windows, amd64, ragcli.exe)	UNKNOWN STEP	2026-07-27T16:40:20.9841779Z C:/mingw64/bin/../lib/gcc/x86_64-w64-mingw32/15.2.0/../../../../x86_64-w64-mingw32/bin/ld.exe: _deps/llm_client-build/libllm_client.a(openai_client.cpp.obj):openai_client.cpp:(.text$_ZN10llm_client6detail14http_post_jsonERKNSt7__cxx1112basic_stringIcSt11char_traitsIcESaIcEEERKSt3mapIS6_S6_N3cpr22CaseInsensitiveCompareESaISt4pairIS7_S6_EEERKN8nlohmann16json_abi_v3_12_010basic_jsonIS9_St6vectorS6_bxydSaNSJ_14adl_serializerESL_IhSaIhEEvEES8_ii[_ZN10llm_client6detail14http_post_jsonERKNSt7__cxx1112basic_stringIcSt11char_traitsIcESaIcEEERKSt3mapIS6_S6_N3cpr22CaseInsensitiveCompareESaISt4pairIS7_S6_EEERKN8nlohmann16json_abi_v3_12_010basic_jsonIS9_St6vectorS6_bxydSaNSJ_14adl_serializerESL_IhSaIhEEvEES8_ii]+0x1511): undefined reference to `__imp__ZN6spdlog6logger7log_it_ERKNS_7details7log_msgEbb'
build-release-assets (windows-latest, windows, amd64, ragcli.exe)	UNKNOWN STEP	2026-07-27T16:40:20.9906378Z C:/mingw64/bin/../lib/gcc/x86_64-w64-mingw32/15.2.0/../../../../x86_64-w64-mingw32/bin/ld.exe: _deps/llm_client-build/libllm_client.a(openai_client.cpp.obj):openai_client.cpp:(.text$_ZN10llm_client6detail14http_post_jsonERKNSt7__cxx1112basic_stringIcSt11char_traitsIcESaIcEEERKSt3mapIS6_S6_N3cpr22CaseInsensitiveCompareESaISt4pairIS7_S6_EEERKN8nlohmann16json_abi_v3_12_010basic_jsonIS9_St6vectorS6_bxydSaNSJ_14adl_serializerESL_IhSaIhEEvEES8_ii[_ZN10llm_client6detail14http_post_jsonERKNSt7__cxx1112basic_stringIcSt11char_traitsIcESaIcEEERKSt3mapIS6_S6_N3cpr22CaseInsensitiveCompareESaISt4pairIS7_S6_EEERKN8nlohmann16json_abi_v3_12_010basic_jsonIS9_St6vectorS6_bxydSaNSJ_14adl_serializerESL_IhSaIhEEvEES8_ii]+0x15b4): undefined reference to `cpr::CaseInsensitiveCompare::operator()(std::__cxx11::basic_string<char, std::char_traits<char>, std::allocator<char> > const&, std::__cxx11::basic_string<char, std::char_traits<char>, std::allocator<char> > const&) const'
build-release-assets (windows-latest, windows, amd64, ragcli.exe)	UNKNOWN STEP	2026-07-27T16:40:20.9977332Z C:/mingw64/bin/../lib/gcc/x86_64-w64-mingw32/15.2.0/../../../../x86_64-w64-mingw32/bin/ld.exe: _deps/llm_client-build/libllm_client.a(openai_client.cpp.obj):openai_client.cpp:(.text$_ZN10llm_client6detail14http_post_jsonERKNSt7__cxx1112basic_stringIcSt11char_traitsIcESaIcEEERKSt3mapIS6_S6_N3cpr22CaseInsensitiveCompareESaISt4pairIS7_S6_EEERKN8nlohmann16json_abi_v3_12_010basic_jsonIS9_St6vectorS6_bxydSaNSJ_14adl_serializerESL_IhSaIhEEvEES8_ii[_ZN10llm_client6detail14http_post_jsonERKNSt7__cxx1112basic_stringIcSt11char_traitsIcESaIcEEERKSt3mapIS6_S6_N3cpr22CaseInsensitiveCompareESaISt4pairIS7_S6_EEERKN8nlohmann16json_abi_v3_12_010basic_jsonIS9_St6vectorS6_bxydSaNSJ_14adl_serializerESL_IhSaIhEEvEES8_ii]+0x15e9): undefined reference to `cpr::CaseInsensitiveCompare::operator()(std::__cxx11::basic_string<char, std::char_traits<char>, std::allocator<char> > const&, std::__cxx11::basic_string<char, std::char_traits<char>, std::allocator<char> > const&) const'
build-release-assets (windows-latest, windows, amd64, ragcli.exe)	UNKNOWN STEP	2026-07-27T16:40:21.0041914Z C:/mingw64/bin/../lib/gcc/x86_64-w64-mingw32/15.2.0/../../../../x86_64-w64-mingw32/bin/ld.exe: _deps/llm_client-build/libllm_client.a(openai_client.cpp.obj):openai_client.cpp:(.text$_ZN10llm_client6detail14http_post_jsonERKNSt7__cxx1112basic_stringIcSt11char_traitsIcESaIcEEERKSt3mapIS6_S6_N3cpr22CaseInsensitiveCompareESaISt4pairIS7_S6_EEERKN8nlohmann16json_abi_v3_12_010basic_jsonIS9_St6vectorS6_bxydSaNSJ_14adl_serializerESL_IhSaIhEEvEES8_ii[_ZN10llm_client6detail14http_post_jsonERKNSt7__cxx1112basic_stringIcSt11char_traitsIcESaIcEEERKSt3mapIS6_S6_N3cpr22CaseInsensitiveCompareESaISt4pairIS7_S6_EEERKN8nlohmann16json_abi_v3_12_010basic_jsonIS9_St6vectorS6_bxydSaNSJ_14adl_serializerESL_IhSaIhEEvEES8_ii]+0x17f2): undefined reference to `__imp__ZN3fmt3v126detail10vformat_toERNS1_6bufferIcEENS0_17basic_string_viewIcEENS0_17basic_format_argsINS0_7contextEEENS0_10locale_refE'
build-release-assets (windows-latest, windows, amd64, ragcli.exe)	UNKNOWN STEP	2026-07-27T16:40:21.0100170Z C:/mingw64/bin/../lib/gcc/x86_64-w64-mingw32/15.2.0/../../../../x86_64-w64-mingw32/bin/ld.exe: _deps/llm_client-build/libllm_client.a(openai_client.cpp.obj):openai_client.cpp:(.text$_ZN10llm_client6detail14http_post_jsonERKNSt7__cxx1112basic_stringIcSt11char_traitsIcESaIcEEERKSt3mapIS6_S6_N3cpr22CaseInsensitiveCompareESaISt4pairIS7_S6_EEERKN8nlohmann16json_abi_v3_12_010basic_jsonIS9_St6vectorS6_bxydSaNSJ_14adl_serializerESL_IhSaIhEEvEES8_ii[_ZN10llm_client6detail14http_post_jsonERKNSt7__cxx1112basic_stringIcSt11char_traitsIcESaIcEEERKSt3mapIS6_S6_N3cpr22CaseInsensitiveCompareESaISt4pairIS7_S6_EEERKN8nlohmann16json_abi_v3_12_010basic_jsonIS9_St6vectorS6_bxydSaNSJ_14adl_serializerESL_IhSaIhEEvEES8_ii]+0x188b): undefined reference to `__imp__ZN6spdlog7details7log_msgC1ENS_10source_locEN3fmt3v1217basic_string_viewIcEENS_5level10level_enumES6_'
build-release-assets (windows-latest, windows, amd64, ragcli.exe)	UNKNOWN STEP	2026-07-27T16:40:21.0154535Z C:/mingw64/bin/../lib/gcc/x86_64-w64-mingw32/15.2.0/../../../../x86_64-w64-mingw32/bin/ld.exe: _deps/llm_client-build/libllm_client.a(openai_client.cpp.obj):openai_client.cpp:(.text$_ZN10llm_client6detail14http_post_jsonERKNSt7__cxx1112basic_stringIcSt11char_traitsIcESaIcEEERKSt3mapIS6_S6_N3cpr22CaseInsensitiveCompareESaISt4pairIS7_S6_EEERKN8nlohmann16json_abi_v3_12_010basic_jsonIS9_St6vectorS6_bxydSaNSJ_14adl_serializerESL_IhSaIhEEvEES8_ii[_ZN10llm_client6detail14http_post_jsonERKNSt7__cxx1112basic_stringIcSt11char_traitsIcESaIcEEERKSt3mapIS6_S6_N3cpr22CaseInsensitiveCompareESaISt4pairIS7_S6_EEERKN8nlohmann16json_abi_v3_12_010basic_jsonIS9_St6vectorS6_bxydSaNSJ_14adl_serializerESL_IhSaIhEEvEES8_ii]+0x18a7): undefined reference to `__imp__ZN6spdlog6logger7log_it_ERKNS_7details7log_msgEbb'
build-release-assets (windows-latest, windows, amd64, ragcli.exe)	UNKNOWN STEP	2026-07-27T16:40:21.0215653Z C:/mingw64/bin/../lib/gcc/x86_64-w64-mingw32/15.2.0/../../../../x86_64-w64-mingw32/bin/ld.exe: _deps/llm_client-build/libllm_client.a(openai_client.cpp.obj):openai_client.cpp:(.text$_ZN10llm_client6detail14http_post_jsonERKNSt7__cxx1112basic_stringIcSt11char_traitsIcESaIcEEERKSt3mapIS6_S6_N3cpr22CaseInsensitiveCompareESaISt4pairIS7_S6_EEERKN8nlohmann16json_abi_v3_12_010basic_jsonIS9_St6vectorS6_bxydSaNSJ_14adl_serializerESL_IhSaIhEEvEES8_ii[_ZN10llm_client6detail14http_post_jsonERKNSt7__cxx1112basic_stringIcSt11char_traitsIcESaIcEEERKSt3mapIS6_S6_N3cpr22CaseInsensitiveCompareESaISt4pairIS7_S6_EEERKN8nlohmann16json_abi_v3_12_010basic_jsonIS9_St6vectorS6_bxydSaNSJ_14adl_serializerESL_IhSaIhEEvEES8_ii]+0x25ab): undefined reference to `__imp__ZN3fmt3v126detail10vformat_toERNS1_6bufferIcEENS0_17basic_string_viewIcEENS0_17basic_format_argsINS0_7contextEEENS0_10locale_refE'
build-release-assets (windows-latest, windows, amd64, ragcli.exe)	UNKNOWN STEP	2026-07-27T16:40:21.0276383Z C:/mingw64/bin/../lib/gcc/x86_64-w64-mingw32/15.2.0/../../../../x86_64-w64-mingw32/bin/ld.exe: _deps/llm_client-build/libllm_client.a(openai_client.cpp.obj):openai_client.cpp:(.text$_ZN10llm_client6detail14http_post_jsonERKNSt7__cxx1112basic_stringIcSt11char_traitsIcESaIcEEERKSt3mapIS6_S6_N3cpr22CaseInsensitiveCompareESaISt4pairIS7_S6_EEERKN8nlohmann16json_abi_v3_12_010basic_jsonIS9_St6vectorS6_bxydSaNSJ_14adl_serializerESL_IhSaIhEEvEES8_ii[_ZN10llm_client6detail14http_post_jsonERKNSt7__cxx1112basic_stringIcSt11char_traitsIcESaIcEEERKSt3mapIS6_S6_N3cpr22CaseInsensitiveCompareESaISt4pairIS7_S6_EEERKN8nlohmann16json_abi_v3_12_010basic_jsonIS9_St6vectorS6_bxydSaNSJ_14adl_serializerESL_IhSaIhEEvEES8_ii]+0x263f): undefined reference to `__imp__ZN6spdlog7details7log_msgC1ENS_10source_locEN3fmt3v1217basic_string_viewIcEENS_5level10level_enumES6_'
build-release-assets (windows-latest, windows, amd64, ragcli.exe)	UNKNOWN STEP	2026-07-27T16:40:21.0336018Z C:/mingw64/bin/../lib/gcc/x86_64-w64-mingw32/15.2.0/../../../../x86_64-w64-mingw32/bin/ld.exe: _deps/llm_client-build/libllm_client.a(openai_client.cpp.obj):openai_client.cpp:(.text$_ZN10llm_client6detail14http_post_jsonERKNSt7__cxx1112basic_stringIcSt11char_traitsIcESaIcEEERKSt3mapIS6_S6_N3cpr22CaseInsensitiveCompareESaISt4pairIS7_S6_EEERKN8nlohmann16json_abi_v3_12_010basic_jsonIS9_St6vectorS6_bxydSaNSJ_14adl_serializerESL_IhSaIhEEvEES8_ii[_ZN10llm_client6detail14http_post_jsonERKNSt7__cxx1112basic_stringIcSt11char_traitsIcESaIcEEERKSt3mapIS6_S6_N3cpr22CaseInsensitiveCompareESaISt4pairIS7_S6_EEERKN8nlohmann16json_abi_v3_12_010basic_jsonIS9_St6vectorS6_bxydSaNSJ_14adl_serializerESL_IhSaIhEEvEES8_ii]+0x2656): undefined reference to `__imp__ZN6spdlog6logger7log_it_ERKNS_7details7log_msgEbb'
build-release-assets (windows-latest, windows, amd64, ragcli.exe)	UNKNOWN STEP	2026-07-27T16:40:21.0404802Z C:/mingw64/bin/../lib/gcc/x86_64-w64-mingw32/15.2.0/../../../../x86_64-w64-mingw32/bin/ld.exe: _deps/llm_client-build/libllm_client.a(openai_client.cpp.obj):openai_client.cpp:(.text$_ZN10llm_client6detail14http_post_jsonERKNSt7__cxx1112basic_stringIcSt11char_traitsIcESaIcEEERKSt3mapIS6_S6_N3cpr22CaseInsensitiveCompareESaISt4pairIS7_S6_EEERKN8nlohmann16json_abi_v3_12_010basic_jsonIS9_St6vectorS6_bxydSaNSJ_14adl_serializerESL_IhSaIhEEvEES8_ii[_ZN10llm_client6detail14http_post_jsonERKNSt7__cxx1112basic_stringIcSt11char_traitsIcESaIcEEERKSt3mapIS6_S6_N3cpr22CaseInsensitiveCompareESaISt4pairIS7_S6_EEERKN8nlohmann16json_abi_v3_12_010basic_jsonIS9_St6vectorS6_bxydSaNSJ_14adl_serializerESL_IhSaIhEEvEES8_ii]+0x2ac3): undefined reference to `__imp__ZNK6spdlog6logger12err_handler_ERKNSt7__cxx1112basic_stringIcSt11char_traitsIcESaIcEEE'
build-release-assets (windows-latest, windows, amd64, ragcli.exe)	UNKNOWN STEP	2026-07-27T16:40:21.0464048Z C:/mingw64/bin/../lib/gcc/x86_64-w64-mingw32/15.2.0/../../../../x86_64-w64-mingw32/bin/ld.exe: _deps/llm_client-build/libllm_client.a(openai_client.cpp.obj):openai_client.cpp:(.text$_ZN10llm_client6detail14http_post_jsonERKNSt7__cxx1112basic_stringIcSt11char_traitsIcESaIcEEERKSt3mapIS6_S6_N3cpr22CaseInsensitiveCompareESaISt4pairIS7_S6_EEERKN8nlohmann16json_abi_v3_12_010basic_jsonIS9_St6vectorS6_bxydSaNSJ_14adl_serializerESL_IhSaIhEEvEES8_ii[_ZN10llm_client6detail14http_post_jsonERKNSt7__cxx1112basic_stringIcSt11char_traitsIcESaIcEEERKSt3mapIS6_S6_N3cpr22CaseInsensitiveCompareESaISt4pairIS7_S6_EEERKN8nlohmann16json_abi_v3_12_010basic_jsonIS9_St6vectorS6_bxydSaNSJ_14adl_serializerESL_IhSaIhEEvEES8_ii]+0x2b20): undefined reference to `__imp__ZNK6spdlog6logger12err_handler_ERKNSt7__cxx1112basic_stringIcSt11char_traitsIcESaIcEEE'
build-release-assets (windows-latest, windows, amd64, ragcli.exe)	UNKNOWN STEP	2026-07-27T16:40:21.0524406Z C:/mingw64/bin/../lib/gcc/x86_64-w64-mingw32/15.2.0/../../../../x86_64-w64-mingw32/bin/ld.exe: _deps/llm_client-build/libllm_client.a(openai_client.cpp.obj):openai_client.cpp:(.text$_ZN10llm_client6detail14http_post_jsonERKNSt7__cxx1112basic_stringIcSt11char_traitsIcESaIcEEERKSt3mapIS6_S6_N3cpr22CaseInsensitiveCompareESaISt4pairIS7_S6_EEERKN8nlohmann16json_abi_v3_12_010basic_jsonIS9_St6vectorS6_bxydSaNSJ_14adl_serializerESL_IhSaIhEEvEES8_ii[_ZN10llm_client6detail14http_post_jsonERKNSt7__cxx1112basic_stringIcSt11char_traitsIcESaIcEEERKSt3mapIS6_S6_N3cpr22CaseInsensitiveCompareESaISt4pairIS7_S6_EEERKN8nlohmann16json_abi_v3_12_010basic_jsonIS9_St6vectorS6_bxydSaNSJ_14adl_serializerESL_IhSaIhEEvEES8_ii]+0x2ba6): undefined reference to `__imp__ZNK6spdlog6logger12err_handler_ERKNSt7__cxx1112basic_stringIcSt11char_traitsIcESaIcEEE'
build-release-assets (windows-latest, windows, amd64, ragcli.exe)	UNKNOWN STEP	2026-07-27T16:40:21.0567213Z C:/mingw64/bin/../lib/gcc/x86_64-w64-mingw32/15.2.0/../../../../x86_64-w64-mingw32/bin/ld.exe: _deps/llm_client-build/libllm_client.a(openai_client.cpp.obj):openai_client.cpp:(.text$_ZN10llm_client6detail14http_post_jsonERKNSt7__cxx1112basic_stringIcSt11char_traitsIcESaIcEEERKSt3mapIS6_S6_N3cpr22CaseInsensitiveCompareESaISt4pairIS7_S6_EEERKN8nlohmann16json_abi_v3_12_010basic_jsonIS9_St6vectorS6_bxydSaNSJ_14adl_serializerESL_IhSaIhEEvEES8_ii[_ZN10llm_client6detail14http_post_jsonERKNSt7__cxx1112basic_stringIcSt11char_traitsIcESaIcEEERKSt3mapIS6_S6_N3cpr22CaseInsensitiveCompareESaISt4pairIS7_S6_EEERKN8nlohmann16json_abi_v3_12_010basic_jsonIS9_St6vectorS6_bxydSaNSJ_14adl_serializerESL_IhSaIhEEvEES8_ii]+0x2cca): undefined reference to `__imp__ZNK6spdlog6logger12err_handler_ERKNSt7__cxx1112basic_stringIcSt11char_traitsIcESaIcEEE'
build-release-assets (windows-latest, windows, amd64, ragcli.exe)	UNKNOWN STEP	2026-07-27T16:40:21.0626898Z C:/mingw64/bin/../lib/gcc/x86_64-w64-mingw32/15.2.0/../../../../x86_64-w64-mingw32/bin/ld.exe: _deps/llm_client-build/libllm_client.a(openai_client.cpp.obj):openai_client.cpp:(.text$_ZN10llm_client6detail14http_post_jsonERKNSt7__cxx1112basic_stringIcSt11char_traitsIcESaIcEEERKSt3mapIS6_S6_N3cpr22CaseInsensitiveCompareESaISt4pairIS7_S6_EEERKN8nlohmann16json_abi_v3_12_010basic_jsonIS9_St6vectorS6_bxydSaNSJ_14adl_serializerESL_IhSaIhEEvEES8_ii[_ZN10llm_client6detail14http_post_jsonERKNSt7__cxx1112basic_stringIcSt11char_traitsIcESaIcEEERKSt3mapIS6_S6_N3cpr22CaseInsensitiveCompareESaISt4pairIS7_S6_EEERKN8nlohmann16json_abi_v3_12_010basic_jsonIS9_St6vectorS6_bxydSaNSJ_14adl_serializerESL_IhSaIhEEvEES8_ii]+0x2e2d): undefined reference to `__imp__ZNK6spdlog6logger12err_handler_ERKNSt7__cxx1112basic_stringIcSt11char_traitsIcESaIcEEE'
build-release-assets (windows-latest, windows, amd64, ragcli.exe)	UNKNOWN STEP	2026-07-27T16:40:21.0686241Z C:/mingw64/bin/../lib/gcc/x86_64-w64-mingw32/15.2.0/../../../../x86_64-w64-mingw32/bin/ld.exe: _deps/llm_client-build/libllm_client.a(openai_client.cpp.obj):openai_client.cpp:(.text$_ZN10llm_client6detail14http_post_jsonERKNSt7__cxx1112basic_stringIcSt11char_traitsIcESaIcEEERKSt3mapIS6_S6_N3cpr22CaseInsensitiveCompareESaISt4pairIS7_S6_EEERKN8nlohmann16json_abi_v3_12_010basic_jsonIS9_St6vectorS6_bxydSaNSJ_14adl_serializerESL_IhSaIhEEvEES8_ii[_ZN10llm_client6detail14http_post_jsonERKNSt7__cxx1112basic_stringIcSt11char_traitsIcESaIcEEERKSt3mapIS6_S6_N3cpr22CaseInsensitiveCompareESaISt4pairIS7_S6_EEERKN8nlohmann16json_abi_v3_12_010basic_jsonIS9_St6vectorS6_bxydSaNSJ_14adl_serializerESL_IhSaIhEEvEES8_ii]+0x2e5f): more undefined references to `__imp__ZNK6spdlog6logger12err_handler_ERKNSt7__cxx1112basic_stringIcSt11char_traitsIcESaIcEEE' follow
build-release-assets (windows-latest, windows, amd64, ragcli.exe)	UNKNOWN STEP	2026-07-27T16:40:21.0743154Z C:/mingw64/bin/../lib/gcc/x86_64-w64-mingw32/15.2.0/../../../../x86_64-w64-mingw32/bin/ld.exe: _deps/llm_client-build/libllm_client.a(openai_client.cpp.obj):openai_client.cpp:(.text$_ZN10llm_client6detail22parse_stream_json_lineERKNSt7__cxx1112basic_stringIcSt11char_traitsIcESaIcEEES8_RKSt8functionIFvRKN8nlohmann16json_abi_v3_12_010basic_jsonISt3mapSt6vectorS6_bxydSaNSB_14adl_serializerESE_IhSaIhEEvEEEES8_[_ZN10llm_client6detail22parse_stream_json_lineERKNSt7__cxx1112basic_stringIcSt11char_traitsIcESaIcEEES8_RKSt8functionIFvRKN8nlohmann16json_abi_v3_12_010basic_jsonISt3mapSt6vectorS6_bxydSaNSB_14adl_serializerESE_IhSaIhEEvEEEES8_]+0x307): undefined reference to `__imp__ZNK6spdlog7details10backtracer7enabledEv'
build-release-assets (windows-latest, windows, amd64, ragcli.exe)	UNKNOWN STEP	2026-07-27T16:40:21.0800051Z C:/mingw64/bin/../lib/gcc/x86_64-w64-mingw32/15.2.0/../../../../x86_64-w64-mingw32/bin/ld.exe: _deps/llm_client-build/libllm_client.a(openai_client.cpp.obj):openai_client.cpp:(.text$_ZN10llm_client6detail22parse_stream_json_lineERKNSt7__cxx1112basic_stringIcSt11char_traitsIcESaIcEEES8_RKSt8functionIFvRKN8nlohmann16json_abi_v3_12_010basic_jsonISt3mapSt6vectorS6_bxydSaNSB_14adl_serializerESE_IhSaIhEEvEEEES8_[_ZN10llm_client6detail22parse_stream_json_lineERKNSt7__cxx1112basic_stringIcSt11char_traitsIcESaIcEEES8_RKSt8functionIFvRKN8nlohmann16json_abi_v3_12_010basic_jsonISt3mapSt6vectorS6_bxydSaNSB_14adl_serializerESE_IhSaIhEEvEEEES8_]+0x4e6): undefined reference to `__imp__ZN3fmt3v126detail10vformat_toERNS1_6bufferIcEENS0_17basic_string_viewIcEENS0_17basic_format_argsINS0_7contextEEENS0_10locale_refE'
build-release-assets (windows-latest, windows, amd64, ragcli.exe)	UNKNOWN STEP	2026-07-27T16:40:21.0837066Z C:/mingw64/bin/../lib/gcc/x86_64-w64-mingw32/15.2.0/../../../../x86_64-w64-mingw32/bin/ld.exe: _deps/llm_client-build/libllm_client.a(openai_client.cpp.obj):openai_client.cpp:(.text$_ZN10llm_client6detail22parse_stream_json_lineERKNSt7__cxx1112basic_stringIcSt11char_traitsIcESaIcEEES8_RKSt8functionIFvRKN8nlohmann16json_abi_v3_12_010basic_jsonISt3mapSt6vectorS6_bxydSaNSB_14adl_serializerESE_IhSaIhEEvEEEES8_[_ZN10llm_client6detail22parse_stream_json_lineERKNSt7__cxx1112basic_stringIcSt11char_traitsIcESaIcEEES8_RKSt8functionIFvRKN8nlohmann16json_abi_v3_12_010basic_jsonISt3mapSt6vectorS6_bxydSaNSB_14adl_serializerESE_IhSaIhEEvEEEES8_]+0x552): undefined reference to `__imp__ZN6spdlog7details7log_msgC1ENS_10source_locEN3fmt3v1217basic_string_viewIcEENS_5level10level_enumES6_'
build-release-assets (windows-latest, windows, amd64, ragcli.exe)	UNKNOWN STEP	2026-07-27T16:40:21.0866160Z C:/mingw64/bin/../lib/gcc/x86_64-w64-mingw32/15.2.0/../../../../x86_64-w64-mingw32/bin/ld.exe: _deps/llm_client-build/libllm_client.a(openai_client.cpp.obj):openai_client.cpp:(.text$_ZN10llm_client6detail22parse_stream_json_lineERKNSt7__cxx1112basic_stringIcSt11char_traitsIcESaIcEEES8_RKSt8functionIFvRKN8nlohmann16json_abi_v3_12_010basic_jsonISt3mapSt6vectorS6_bxydSaNSB_14adl_serializerESE_IhSaIhEEvEEEES8_[_ZN10llm_client6detail22parse_stream_json_lineERKNSt7__cxx1112basic_stringIcSt11char_traitsIcESaIcEEES8_RKSt8functionIFvRKN8nlohmann16json_abi_v3_12_010basic_jsonISt3mapSt6vectorS6_bxydSaNSB_14adl_serializerESE_IhSaIhEEvEEEES8_]+0x56d): undefined reference to `__imp__ZN6spdlog6logger7log_it_ERKNS_7details7log_msgEbb'
build-release-assets (windows-latest, windows, amd64, ragcli.exe)	UNKNOWN STEP	2026-07-27T16:40:21.0909353Z C:/mingw64/bin/../lib/gcc/x86_64-w64-mingw32/15.2.0/../../../../x86_64-w64-mingw32/bin/ld.exe: _deps/llm_client-build/libllm_client.a(openai_client.cpp.obj):openai_client.cpp:(.text$_ZN10llm_client6detail22parse_stream_json_lineERKNSt7__cxx1112basic_stringIcSt11char_traitsIcESaIcEEES8_RKSt8functionIFvRKN8nlohmann16json_abi_v3_12_010basic_jsonISt3mapSt6vectorS6_bxydSaNSB_14adl_serializerESE_IhSaIhEEvEEEES8_[_ZN10llm_client6detail22parse_stream_json_lineERKNSt7__cxx1112basic_stringIcSt11char_traitsIcESaIcEEES8_RKSt8functionIFvRKN8nlohmann16json_abi_v3_12_010basic_jsonISt3mapSt6vectorS6_bxydSaNSB_14adl_serializerESE_IhSaIhEEvEEEES8_]+0x5ce): undefined reference to `__imp__ZNK6spdlog6logger12err_handler_ERKNSt7__cxx1112basic_stringIcSt11char_traitsIcESaIcEEE'
build-release-assets (windows-latest, windows, amd64, ragcli.exe)	UNKNOWN STEP	2026-07-27T16:40:21.0967872Z C:/mingw64/bin/../lib/gcc/x86_64-w64-mingw32/15.2.0/../../../../x86_64-w64-mingw32/bin/ld.exe: _deps/llm_client-build/libllm_client.a(openai_client.cpp.obj):openai_client.cpp:(.text$_ZN10llm_client6detail22parse_stream_json_lineERKNSt7__cxx1112basic_stringIcSt11char_traitsIcESaIcEEES8_RKSt8functionIFvRKN8nlohmann16json_abi_v3_12_010basic_jsonISt3mapSt6vectorS6_bxydSaNSB_14adl_serializerESE_IhSaIhEEvEEEES8_[_ZN10llm_client6detail22parse_stream_json_lineERKNSt7__cxx1112basic_stringIcSt11char_traitsIcESaIcEEES8_RKSt8functionIFvRKN8nlohmann16json_abi_v3_12_010basic_jsonISt3mapSt6vectorS6_bxydSaNSB_14adl_serializerESE_IhSaIhEEvEEEES8_]+0x643): undefined reference to `__imp__ZNK6spdlog6logger12err_handler_ERKNSt7__cxx1112basic_stringIcSt11char_traitsIcESaIcEEE'
build-release-assets (windows-latest, windows, amd64, ragcli.exe)	UNKNOWN STEP	2026-07-27T16:40:21.1006472Z C:/mingw64/bin/../lib/gcc/x86_64-w64-mingw32/15.2.0/../../../../x86_64-w64-mingw32/bin/ld.exe: _deps/llm_client-build/libllm_client.a(azure_openai_client.cpp.obj):azure_openai_client.cpp:(.text+0x188): undefined reference to `__imp__ZNK6spdlog7details10backtracer7enabledEv'
build-release-assets (windows-latest, windows, amd64, ragcli.exe)	UNKNOWN STEP	2026-07-27T16:40:21.1029023Z C:/mingw64/bin/../lib/gcc/x86_64-w64-mingw32/15.2.0/../../../../x86_64-w64-mingw32/bin/ld.exe: _deps/llm_client-build/libllm_client.a(azure_openai_client.cpp.obj):azure_openai_client.cpp:(.text+0x211): undefined reference to `__imp__ZN6spdlog7details7log_msgC1ENS_10source_locEN3fmt3v1217basic_string_viewIcEENS_5level10level_enumES6_'
build-release-assets (windows-latest, windows, amd64, ragcli.exe)	UNKNOWN STEP	2026-07-27T16:40:21.1050309Z C:/mingw64/bin/../lib/gcc/x86_64-w64-mingw32/15.2.0/../../../../x86_64-w64-mingw32/bin/ld.exe: _deps/llm_client-build/libllm_client.a(azure_openai_client.cpp.obj):azure_openai_client.cpp:(.text+0x22f): undefined reference to `__imp__ZN6spdlog6logger7log_it_ERKNS_7details7log_msgEbb'
build-release-assets (windows-latest, windows, amd64, ragcli.exe)	UNKNOWN STEP	2026-07-27T16:40:21.1072402Z C:/mingw64/bin/../lib/gcc/x86_64-w64-mingw32/15.2.0/../../../../x86_64-w64-mingw32/bin/ld.exe: _deps/llm_client-build/libllm_client.a(azure_openai_client.cpp.obj):azure_openai_client.cpp:(.text+0x1c95): undefined reference to `spdlog::sinks::wincolor_stdout_sink<spdlog::details::console_mutex>::wincolor_stdout_sink(spdlog::color_mode)'
build-release-assets (windows-latest, windows, amd64, ragcli.exe)	UNKNOWN STEP	2026-07-27T16:40:21.1093753Z C:/mingw64/bin/../lib/gcc/x86_64-w64-mingw32/15.2.0/../../../../x86_64-w64-mingw32/bin/ld.exe: _deps/llm_client-build/libllm_client.a(azure_openai_client.cpp.obj):azure_openai_client.cpp:(.text+0x1d65): undefined reference to `__imp__ZTVN6spdlog6loggerE'
build-release-assets (windows-latest, windows, amd64, ragcli.exe)	UNKNOWN STEP	2026-07-27T16:40:21.1111271Z C:/mingw64/bin/../lib/gcc/x86_64-w64-mingw32/15.2.0/../../../../x86_64-w64-mingw32/bin/ld.exe: _deps/llm_client-build/libllm_client.a(azure_openai_client.cpp.obj):azure_openai_client.cpp:(.text+0x1ed2): undefined reference to `__imp__ZN6spdlog15register_loggerESt10shared_ptrINS_6loggerEE'
build-release-assets (windows-latest, windows, amd64, ragcli.exe)	UNKNOWN STEP	2026-07-27T16:40:21.1129947Z C:/mingw64/bin/../lib/gcc/x86_64-w64-mingw32/15.2.0/../../../../x86_64-w64-mingw32/bin/ld.exe: _deps/llm_client-build/libllm_client.a(azure_openai_client.cpp.obj):azure_openai_client.cpp:(.text+0x1eef): undefined reference to `__imp__ZN6spdlog6logger9set_levelENS_5level10level_enumE'
build-release-assets (windows-latest, windows, amd64, ragcli.exe)	UNKNOWN STEP	2026-07-27T16:40:21.1147695Z C:/mingw64/bin/../lib/gcc/x86_64-w64-mingw32/15.2.0/../../../../x86_64-w64-mingw32/bin/ld.exe: _deps/llm_client-build/libllm_client.a(azure_openai_client.cpp.obj):azure_openai_client.cpp:(.text+0x1fba): undefined reference to `__imp__ZTVN6spdlog6loggerE'
build-release-assets (windows-latest, windows, amd64, ragcli.exe)	UNKNOWN STEP	2026-07-27T16:40:21.1164470Z C:/mingw64/bin/../lib/gcc/x86_64-w64-mingw32/15.2.0/../../../../x86_64-w64-mingw32/bin/ld.exe: _deps/llm_client-build/libllm_client.a(azure_openai_client.cpp.obj):azure_openai_client.cpp:(.text+0x400f): undefined reference to `__imp__ZNK6spdlog7details10backtracer7enabledEv'
build-release-assets (windows-latest, windows, amd64, ragcli.exe)	UNKNOWN STEP	2026-07-27T16:40:21.1186526Z C:/mingw64/bin/../lib/gcc/x86_64-w64-mingw32/15.2.0/../../../../x86_64-w64-mingw32/bin/ld.exe: _deps/llm_client-build/libllm_client.a(azure_openai_client.cpp.obj):azure_openai_client.cpp:(.text+0x4373): undefined reference to `cpr::CaseInsensitiveCompare::operator()(std::__cxx11::basic_string<char, std::char_traits<char>, std::allocator<char> > const&, std::__cxx11::basic_string<char, std::char_traits<char>, std::allocator<char> > const&) const'
build-release-assets (windows-latest, windows, amd64, ragcli.exe)	UNKNOWN STEP	2026-07-27T16:40:21.1216415Z C:/mingw64/bin/../lib/gcc/x86_64-w64-mingw32/15.2.0/../../../../x86_64-w64-mingw32/bin/ld.exe: _deps/llm_client-build/libllm_client.a(azure_openai_client.cpp.obj):azure_openai_client.cpp:(.text+0x4441): undefined reference to `cpr::CaseInsensitiveCompare::operator()(std::__cxx11::basic_string<char, std::char_traits<char>, std::allocator<char> > const&, std::__cxx11::basic_string<char, std::char_traits<char>, std::allocator<char> > const&) const'
build-release-assets (windows-latest, windows, amd64, ragcli.exe)	UNKNOWN STEP	2026-07-27T16:40:21.1246432Z C:/mingw64/bin/../lib/gcc/x86_64-w64-mingw32/15.2.0/../../../../x86_64-w64-mingw32/bin/ld.exe: _deps/llm_client-build/libllm_client.a(azure_openai_client.cpp.obj):azure_openai_client.cpp:(.text+0x447f): undefined reference to `cpr::CaseInsensitiveCompare::operator()(std::__cxx11::basic_string<char, std::char_traits<char>, std::allocator<char> > const&, std::__cxx11::basic_string<char, std::char_traits<char>, std::allocator<char> > const&) const'
build-release-assets (windows-latest, windows, amd64, ragcli.exe)	UNKNOWN STEP	2026-07-27T16:40:21.1276899Z C:/mingw64/bin/../lib/gcc/x86_64-w64-mingw32/15.2.0/../../../../x86_64-w64-mingw32/bin/ld.exe: _deps/llm_client-build/libllm_client.a(azure_openai_client.cpp.obj):azure_openai_client.cpp:(.text+0x44a5): undefined reference to `cpr::CaseInsensitiveCompare::operator()(std::__cxx11::basic_string<char, std::char_traits<char>, std::allocator<char> > const&, std::__cxx11::basic_string<char, std::char_traits<char>, std::allocator<char> > const&) const'
build-release-assets (windows-latest, windows, amd64, ragcli.exe)	UNKNOWN STEP	2026-07-27T16:40:21.1306243Z C:/mingw64/bin/../lib/gcc/x86_64-w64-mingw32/15.2.0/../../../../x86_64-w64-mingw32/bin/ld.exe: _deps/llm_client-build/libllm_client.a(azure_openai_client.cpp.obj):azure_openai_client.cpp:(.text+0x4570): undefined reference to `__imp__ZN3fmt3v126detail10vformat_toERNS1_6bufferIcEENS0_17basic_string_viewIcEENS0_17basic_format_argsINS0_7contextEEENS0_10locale_refE'
build-release-assets (windows-latest, windows, amd64, ragcli.exe)	UNKNOWN STEP	2026-07-27T16:40:21.1331226Z C:/mingw64/bin/../lib/gcc/x86_64-w64-mingw32/15.2.0/../../../../x86_64-w64-mingw32/bin/ld.exe: _deps/llm_client-build/libllm_client.a(azure_openai_client.cpp.obj):azure_openai_client.cpp:(.text+0x4601): undefined reference to `__imp__ZN6spdlog7details7log_msgC1ENS_10source_locEN3fmt3v1217basic_string_viewIcEENS_5level10level_enumES6_'
build-release-assets (windows-latest, windows, amd64, ragcli.exe)	UNKNOWN STEP	2026-07-27T16:40:21.1351700Z C:/mingw64/bin/../lib/gcc/x86_64-w64-mingw32/15.2.0/../../../../x86_64-w64-mingw32/bin/ld.exe: _deps/llm_client-build/libllm_client.a(azure_openai_client.cpp.obj):azure_openai_client.cpp:(.text+0x461a): undefined reference to `__imp__ZN6spdlog6logger7log_it_ERKNS_7details7log_msgEbb'
build-release-assets (windows-latest, windows, amd64, ragcli.exe)	UNKNOWN STEP	2026-07-27T16:40:21.1372512Z C:/mingw64/bin/../lib/gcc/x86_64-w64-mingw32/15.2.0/../../../../x86_64-w64-mingw32/bin/ld.exe: _deps/llm_client-build/libllm_client.a(azure_openai_client.cpp.obj):azure_openai_client.cpp:(.text+0x4aba): undefined reference to `__imp__ZNK6spdlog6logger12err_handler_ERKNSt7__cxx1112basic_stringIcSt11char_traitsIcESaIcEEE'
build-release-assets (windows-latest, windows, amd64, ragcli.exe)	UNKNOWN STEP	2026-07-27T16:40:21.1394215Z C:/mingw64/bin/../lib/gcc/x86_64-w64-mingw32/15.2.0/../../../../x86_64-w64-mingw32/bin/ld.exe: _deps/llm_client-build/libllm_client.a(azure_openai_client.cpp.obj):azure_openai_client.cpp:(.text+0x4ba0): undefined reference to `__imp__ZNK6spdlog6logger12err_handler_ERKNSt7__cxx1112basic_stringIcSt11char_traitsIcESaIcEEE'
build-release-assets (windows-latest, windows, amd64, ragcli.exe)	UNKNOWN STEP	2026-07-27T16:40:21.1416463Z C:/mingw64/bin/../lib/gcc/x86_64-w64-mingw32/15.2.0/../../../../x86_64-w64-mingw32/bin/ld.exe: _deps/llm_client-build/libllm_client.a(azure_openai_client.cpp.obj):azure_openai_client.cpp:(.text+0x4d34): undefined reference to `__imp__ZNK6spdlog7details10backtracer7enabledEv'
build-release-assets (windows-latest, windows, amd64, ragcli.exe)	UNKNOWN STEP	2026-07-27T16:40:21.1438510Z C:/mingw64/bin/../lib/gcc/x86_64-w64-mingw32/15.2.0/../../../../x86_64-w64-mingw32/bin/ld.exe: _deps/llm_client-build/libllm_client.a(azure_openai_client.cpp.obj):azure_openai_client.cpp:(.text+0x4f73): undefined reference to `cpr::CaseInsensitiveCompare::operator()(std::__cxx11::basic_string<char, std::char_traits<char>, std::allocator<char> > const&, std::__cxx11::basic_string<char, std::char_traits<char>, std::allocator<char> > const&) const'
build-release-assets (windows-latest, windows, amd64, ragcli.exe)	UNKNOWN STEP	2026-07-27T16:40:21.1467842Z C:/mingw64/bin/../lib/gcc/x86_64-w64-mingw32/15.2.0/../../../../x86_64-w64-mingw32/bin/ld.exe: _deps/llm_client-build/libllm_client.a(azure_openai_client.cpp.obj):azure_openai_client.cpp:(.text+0x5041): undefined reference to `cpr::CaseInsensitiveCompare::operator()(std::__cxx11::basic_string<char, std::char_traits<char>, std::allocator<char> > const&, std::__cxx11::basic_string<char, std::char_traits<char>, std::allocator<char> > const&) const'
build-release-assets (windows-latest, windows, amd64, ragcli.exe)	UNKNOWN STEP	2026-07-27T16:40:21.1496616Z C:/mingw64/bin/../lib/gcc/x86_64-w64-mingw32/15.2.0/../../../../x86_64-w64-mingw32/bin/ld.exe: _deps/llm_client-build/libllm_client.a(azure_openai_client.cpp.obj):azure_openai_client.cpp:(.text+0x507f): undefined reference to `cpr::CaseInsensitiveCompare::operator()(std::__cxx11::basic_string<char, std::char_traits<char>, std::allocator<char> > const&, std::__cxx11::basic_string<char, std::char_traits<char>, std::allocator<char> > const&) const'
build-release-assets (windows-latest, windows, amd64, ragcli.exe)	UNKNOWN STEP	2026-07-27T16:40:21.1527162Z C:/mingw64/bin/../lib/gcc/x86_64-w64-mingw32/15.2.0/../../../../x86_64-w64-mingw32/bin/ld.exe: _deps/llm_client-build/libllm_client.a(azure_openai_client.cpp.obj):azure_openai_client.cpp:(.text+0x50a5): undefined reference to `cpr::CaseInsensitiveCompare::operator()(std::__cxx11::basic_string<char, std::char_traits<char>, std::allocator<char> > const&, std::__cxx11::basic_string<char, std::char_traits<char>, std::allocator<char> > const&) const'
build-release-assets (windows-latest, windows, amd64, ragcli.exe)	UNKNOWN STEP	2026-07-27T16:40:21.1553913Z C:/mingw64/bin/../lib/gcc/x86_64-w64-mingw32/15.2.0/../../../../x86_64-w64-mingw32/bin/ld.exe: _deps/llm_client-build/libllm_client.a(azure_openai_client.cpp.obj):azure_openai_client.cpp:(.text+0x5173): undefined reference to `__imp__ZN3fmt3v126detail10vformat_toERNS1_6bufferIcEENS0_17basic_string_viewIcEENS0_17basic_format_argsINS0_7contextEEENS0_10locale_refE'
build-release-assets (windows-latest, windows, amd64, ragcli.exe)	UNKNOWN STEP	2026-07-27T16:40:21.1577412Z C:/mingw64/bin/../lib/gcc/x86_64-w64-mingw32/15.2.0/../../../../x86_64-w64-mingw32/bin/ld.exe: _deps/llm_client-build/libllm_client.a(azure_openai_client.cpp.obj):azure_openai_client.cpp:(.text+0x520c): undefined reference to `__imp__ZN6spdlog7details7log_msgC1ENS_10source_locEN3fmt3v1217basic_string_viewIcEENS_5level10level_enumES6_'
build-release-assets (windows-latest, windows, amd64, ragcli.exe)	UNKNOWN STEP	2026-07-27T16:40:21.1600686Z C:/mingw64/bin/../lib/gcc/x86_64-w64-mingw32/15.2.0/../../../../x86_64-w64-mingw32/bin/ld.exe: _deps/llm_client-build/libllm_client.a(azure_openai_client.cpp.obj):azure_openai_client.cpp:(.text+0x5225): undefined reference to `__imp__ZN6spdlog6logger7log_it_ERKNS_7details7log_msgEbb'
build-release-assets (windows-latest, windows, amd64, ragcli.exe)	UNKNOWN STEP	2026-07-27T16:40:21.1623533Z C:/mingw64/bin/../lib/gcc/x86_64-w64-mingw32/15.2.0/../../../../x86_64-w64-mingw32/bin/ld.exe: _deps/llm_client-build/libllm_client.a(azure_openai_client.cpp.obj):azure_openai_client.cpp:(.text+0x5550): undefined reference to `__imp__ZN3fmt3v126detail10vformat_toERNS1_6bufferIcEENS0_17basic_string_viewIcEENS0_17basic_format_argsINS0_7contextEEENS0_10locale_refE'
build-release-assets (windows-latest, windows, amd64, ragcli.exe)	UNKNOWN STEP	2026-07-27T16:40:21.1648222Z C:/mingw64/bin/../lib/gcc/x86_64-w64-mingw32/15.2.0/../../../../x86_64-w64-mingw32/bin/ld.exe: _deps/llm_client-build/libllm_client.a(azure_openai_client.cpp.obj):azure_openai_client.cpp:(.text+0x55e4): undefined reference to `__imp__ZN6spdlog7details7log_msgC1ENS_10source_locEN3fmt3v1217basic_string_viewIcEENS_5level10level_enumES6_'
build-release-assets (windows-latest, windows, amd64, ragcli.exe)	UNKNOWN STEP	2026-07-27T16:40:21.1668248Z C:/mingw64/bin/../lib/gcc/x86_64-w64-mingw32/15.2.0/../../../../x86_64-w64-mingw32/bin/ld.exe: _deps/llm_client-build/libllm_client.a(azure_openai_client.cpp.obj):azure_openai_client.cpp:(.text+0x55fb): undefined reference to `__imp__ZN6spdlog6logger7log_it_ERKNS_7details7log_msgEbb'
build-release-assets (windows-latest, windows, amd64, ragcli.exe)	UNKNOWN STEP	2026-07-27T16:40:21.1688664Z C:/mingw64/bin/../lib/gcc/x86_64-w64-mingw32/15.2.0/../../../../x86_64-w64-mingw32/bin/ld.exe: _deps/llm_client-build/libllm_client.a(azure_openai_client.cpp.obj):azure_openai_client.cpp:(.text+0x6008): undefined reference to `__imp__ZNK6spdlog6logger12err_handler_ERKNSt7__cxx1112basic_stringIcSt11char_traitsIcESaIcEEE'
build-release-assets (windows-latest, windows, amd64, ragcli.exe)	UNKNOWN STEP	2026-07-27T16:40:21.1709937Z C:/mingw64/bin/../lib/gcc/x86_64-w64-mingw32/15.2.0/../../../../x86_64-w64-mingw32/bin/ld.exe: _deps/llm_client-build/libllm_client.a(azure_openai_client.cpp.obj):azure_openai_client.cpp:(.text+0x617c): undefined reference to `__imp__ZNK6spdlog6logger12err_handler_ERKNSt7__cxx1112basic_stringIcSt11char_traitsIcESaIcEEE'
build-release-assets (windows-latest, windows, amd64, ragcli.exe)	UNKNOWN STEP	2026-07-27T16:40:21.1732709Z C:/mingw64/bin/../lib/gcc/x86_64-w64-mingw32/15.2.0/../../../../x86_64-w64-mingw32/bin/ld.exe: _deps/llm_client-build/libllm_client.a(azure_openai_client.cpp.obj):azure_openai_client.cpp:(.text+0x621e): undefined reference to `__imp__ZNK6spdlog6logger12err_handler_ERKNSt7__cxx1112basic_stringIcSt11char_traitsIcESaIcEEE'
build-release-assets (windows-latest, windows, amd64, ragcli.exe)	UNKNOWN STEP	2026-07-27T16:40:21.1754376Z C:/mingw64/bin/../lib/gcc/x86_64-w64-mingw32/15.2.0/../../../../x86_64-w64-mingw32/bin/ld.exe: _deps/llm_client-build/libllm_client.a(azure_openai_client.cpp.obj):azure_openai_client.cpp:(.text+0x626d): undefined reference to `__imp__ZNK6spdlog6logger12err_handler_ERKNSt7__cxx1112basic_stringIcSt11char_traitsIcESaIcEEE'
build-release-assets (windows-latest, windows, amd64, ragcli.exe)	UNKNOWN STEP	2026-07-27T16:40:21.1776824Z C:/mingw64/bin/../lib/gcc/x86_64-w64-mingw32/15.2.0/../../../../x86_64-w64-mingw32/bin/ld.exe: _deps/llm_client-build/libllm_client.a(azure_openai_client.cpp.obj):azure_openai_client.cpp:(.text+0x63a5): undefined reference to `__imp__ZNK6spdlog7details10backtracer7enabledEv'
build-release-assets (windows-latest, windows, amd64, ragcli.exe)	UNKNOWN STEP	2026-07-27T16:40:21.1801168Z C:/mingw64/bin/../lib/gcc/x86_64-w64-mingw32/15.2.0/../../../../x86_64-w64-mingw32/bin/ld.exe: _deps/llm_client-build/libllm_client.a(azure_openai_client.cpp.obj):azure_openai_client.cpp:(.text+0x6773): undefined reference to `cpr::CaseInsensitiveCompare::operator()(std::__cxx11::basic_string<char, std::char_traits<char>, std::allocator<char> > const&, std::__cxx11::basic_string<char, std::char_traits<char>, std::allocator<char> > const&) const'
build-release-assets (windows-latest, windows, amd64, ragcli.exe)	UNKNOWN STEP	2026-07-27T16:40:21.1832167Z C:/mingw64/bin/../lib/gcc/x86_64-w64-mingw32/15.2.0/../../../../x86_64-w64-mingw32/bin/ld.exe: _deps/llm_client-build/libllm_client.a(azure_openai_client.cpp.obj):azure_openai_client.cpp:(.text+0x6841): undefined reference to `cpr::CaseInsensitiveCompare::operator()(std::__cxx11::basic_string<char, std::char_traits<char>, std::allocator<char> > const&, std::__cxx11::basic_string<char, std::char_traits<char>, std::allocator<char> > const&) const'
build-release-assets (windows-latest, windows, amd64, ragcli.exe)	UNKNOWN STEP	2026-07-27T16:40:21.1861971Z C:/mingw64/bin/../lib/gcc/x86_64-w64-mingw32/15.2.0/../../../../x86_64-w64-mingw32/bin/ld.exe: _deps/llm_client-build/libllm_client.a(azure_openai_client.cpp.obj):azure_openai_client.cpp:(.text+0x687f): undefined reference to `cpr::CaseInsensitiveCompare::operator()(std::__cxx11::basic_string<char, std::char_traits<char>, std::allocator<char> > const&, std::__cxx11::basic_string<char, std::char_traits<char>, std::allocator<char> > const&) const'
build-release-assets (windows-latest, windows, amd64, ragcli.exe)	UNKNOWN STEP	2026-07-27T16:40:21.1890017Z C:/mingw64/bin/../lib/gcc/x86_64-w64-mingw32/15.2.0/../../../../x86_64-w64-mingw32/bin/ld.exe: _deps/llm_client-build/libllm_client.a(azure_openai_client.cpp.obj):azure_openai_client.cpp:(.text+0x68a4): undefined reference to `cpr::CaseInsensitiveCompare::operator()(std::__cxx11::basic_string<char, std::char_traits<char>, std::allocator<char> > const&, std::__cxx11::basic_string<char, std::char_traits<char>, std::allocator<char> > const&) const'
build-release-assets (windows-latest, windows, amd64, ragcli.exe)	UNKNOWN STEP	2026-07-27T16:40:21.1916207Z C:/mingw64/bin/../lib/gcc/x86_64-w64-mingw32/15.2.0/../../../../x86_64-w64-mingw32/bin/ld.exe: _deps/llm_client-build/libllm_client.a(azure_openai_client.cpp.obj):azure_openai_client.cpp:(.text+0x6976): undefined reference to `__imp__ZN3fmt3v126detail10vformat_toERNS1_6bufferIcEENS0_17basic_string_viewIcEENS0_17basic_format_argsINS0_7contextEEENS0_10locale_refE'
build-release-assets (windows-latest, windows, amd64, ragcli.exe)	UNKNOWN STEP	2026-07-27T16:40:21.1937251Z C:/mingw64/bin/../lib/gcc/x86_64-w64-mingw32/15.2.0/../../../../x86_64-w64-mingw32/bin/ld.exe: _deps/llm_client-build/libllm_client.a(azure_openai_client.cpp.obj):azure_openai_client.cpp:(.text+0x6a0a): undefined reference to `__imp__ZN6spdlog7details7log_msgC1ENS_10source_locEN3fmt3v1217basic_string_viewIcEENS_5level10level_enumES6_'
build-release-assets (windows-latest, windows, amd64, ragcli.exe)	UNKNOWN STEP	2026-07-27T16:40:21.1957757Z C:/mingw64/bin/../lib/gcc/x86_64-w64-mingw32/15.2.0/../../../../x86_64-w64-mingw32/bin/ld.exe: _deps/llm_client-build/libllm_client.a(azure_openai_client.cpp.obj):azure_openai_client.cpp:(.text+0x6a21): undefined reference to `__imp__ZN6spdlog6logger7log_it_ERKNS_7details7log_msgEbb'
build-release-assets (windows-latest, windows, amd64, ragcli.exe)	UNKNOWN STEP	2026-07-27T16:40:21.1979222Z C:/mingw64/bin/../lib/gcc/x86_64-w64-mingw32/15.2.0/../../../../x86_64-w64-mingw32/bin/ld.exe: _deps/llm_client-build/libllm_client.a(azure_openai_client.cpp.obj):azure_openai_client.cpp:(.text+0x6d06): undefined reference to `__imp__ZN3fmt3v126detail10vformat_toERNS1_6bufferIcEENS0_17basic_string_viewIcEENS0_17basic_format_argsINS0_7contextEEENS0_10locale_refE'
build-release-assets (windows-latest, windows, amd64, ragcli.exe)	UNKNOWN STEP	2026-07-27T16:40:21.2003113Z C:/mingw64/bin/../lib/gcc/x86_64-w64-mingw32/15.2.0/../../../../x86_64-w64-mingw32/bin/ld.exe: _deps/llm_client-build/libllm_client.a(azure_openai_client.cpp.obj):azure_openai_client.cpp:(.text+0x6d9a): undefined reference to `__imp__ZN6spdlog7details7log_msgC1ENS_10source_locEN3fmt3v1217basic_string_viewIcEENS_5level10level_enumES6_'
build-release-assets (windows-latest, windows, amd64, ragcli.exe)	UNKNOWN STEP	2026-07-27T16:40:21.2022843Z C:/mingw64/bin/../lib/gcc/x86_64-w64-mingw32/15.2.0/../../../../x86_64-w64-mingw32/bin/ld.exe: _deps/llm_client-build/libllm_client.a(azure_openai_client.cpp.obj):azure_openai_client.cpp:(.text+0x6db1): undefined reference to `__imp__ZN6spdlog6logger7log_it_ERKNS_7details7log_msgEbb'
build-release-assets (windows-latest, windows, amd64, ragcli.exe)	UNKNOWN STEP	2026-07-27T16:40:21.2041998Z C:/mingw64/bin/../lib/gcc/x86_64-w64-mingw32/15.2.0/../../../../x86_64-w64-mingw32/bin/ld.exe: _deps/llm_client-build/libllm_client.a(azure_openai_client.cpp.obj):azure_openai_client.cpp:(.text+0x780f): undefined reference to `__imp__ZNK6spdlog6logger12err_handler_ERKNSt7__cxx1112basic_stringIcSt11char_traitsIcESaIcEEE'
build-release-assets (windows-latest, windows, amd64, ragcli.exe)	UNKNOWN STEP	2026-07-27T16:40:21.2064671Z C:/mingw64/bin/../lib/gcc/x86_64-w64-mingw32/15.2.0/../../../../x86_64-w64-mingw32/bin/ld.exe: _deps/llm_client-build/libllm_client.a(azure_openai_client.cpp.obj):azure_openai_client.cpp:(.text+0x78c8): undefined reference to `__imp__ZNK6spdlog6logger12err_handler_ERKNSt7__cxx1112basic_stringIcSt11char_traitsIcESaIcEEE'
build-release-assets (windows-latest, windows, amd64, ragcli.exe)	UNKNOWN STEP	2026-07-27T16:40:21.2084156Z C:/mingw64/bin/../lib/gcc/x86_64-w64-mingw32/15.2.0/../../../../x86_64-w64-mingw32/bin/ld.exe: _deps/llm_client-build/libllm_client.a(azure_openai_client.cpp.obj):azure_openai_client.cpp:(.text+0x7a2c): undefined reference to `__imp__ZNK6spdlog6logger12err_handler_ERKNSt7__cxx1112basic_stringIcSt11char_traitsIcESaIcEEE'
build-release-assets (windows-latest, windows, amd64, ragcli.exe)	UNKNOWN STEP	2026-07-27T16:40:21.2104985Z C:/mingw64/bin/../lib/gcc/x86_64-w64-mingw32/15.2.0/../../../../x86_64-w64-mingw32/bin/ld.exe: _deps/llm_client-build/libllm_client.a(azure_openai_client.cpp.obj):azure_openai_client.cpp:(.text+0x7a7e): undefined reference to `__imp__ZNK6spdlog6logger12err_handler_ERKNSt7__cxx1112basic_stringIcSt11char_traitsIcESaIcEEE'
build-release-assets (windows-latest, windows, amd64, ragcli.exe)	UNKNOWN STEP	2026-07-27T16:40:21.2123911Z C:/mingw64/bin/../lib/gcc/x86_64-w64-mingw32/15.2.0/../../../../x86_64-w64-mingw32/bin/ld.exe: _deps/llm_client-build/libllm_client.a(ollama_client.cpp.obj):ollama_client.cpp:(.text+0x188): undefined reference to `__imp__ZNK6spdlog7details10backtracer7enabledEv'
build-release-assets (windows-latest, windows, amd64, ragcli.exe)	UNKNOWN STEP	2026-07-27T16:40:21.2142973Z C:/mingw64/bin/../lib/gcc/x86_64-w64-mingw32/15.2.0/../../../../x86_64-w64-mingw32/bin/ld.exe: _deps/llm_client-build/libllm_client.a(ollama_client.cpp.obj):ollama_client.cpp:(.text+0x211): undefined reference to `__imp__ZN6spdlog7details7log_msgC1ENS_10source_locEN3fmt3v1217basic_string_viewIcEENS_5level10level_enumES6_'
build-release-assets (windows-latest, windows, amd64, ragcli.exe)	UNKNOWN STEP	2026-07-27T16:40:21.2162174Z C:/mingw64/bin/../lib/gcc/x86_64-w64-mingw32/15.2.0/../../../../x86_64-w64-mingw32/bin/ld.exe: _deps/llm_client-build/libllm_client.a(ollama_client.cpp.obj):ollama_client.cpp:(.text+0x22f): undefined reference to `__imp__ZN6spdlog6logger7log_it_ERKNS_7details7log_msgEbb'
build-release-assets (windows-latest, windows, amd64, ragcli.exe)	UNKNOWN STEP	2026-07-27T16:40:21.2182024Z C:/mingw64/bin/../lib/gcc/x86_64-w64-mingw32/15.2.0/../../../../x86_64-w64-mingw32/bin/ld.exe: _deps/llm_client-build/libllm_client.a(ollama_client.cpp.obj):ollama_client.cpp:(.text+0x1c95): undefined reference to `spdlog::sinks::wincolor_stdout_sink<spdlog::details::console_mutex>::wincolor_stdout_sink(spdlog::color_mode)'
build-release-assets (windows-latest, windows, amd64, ragcli.exe)	UNKNOWN STEP	2026-07-27T16:40:21.2199579Z C:/mingw64/bin/../lib/gcc/x86_64-w64-mingw32/15.2.0/../../../../x86_64-w64-mingw32/bin/ld.exe: _deps/llm_client-build/libllm_client.a(ollama_client.cpp.obj):ollama_client.cpp:(.text+0x1d65): undefined reference to `__imp__ZTVN6spdlog6loggerE'
build-release-assets (windows-latest, windows, amd64, ragcli.exe)	UNKNOWN STEP	2026-07-27T16:40:21.2215559Z C:/mingw64/bin/../lib/gcc/x86_64-w64-mingw32/15.2.0/../../../../x86_64-w64-mingw32/bin/ld.exe: _deps/llm_client-build/libllm_client.a(ollama_client.cpp.obj):ollama_client.cpp:(.text+0x1ed2): undefined reference to `__imp__ZN6spdlog15register_loggerESt10shared_ptrINS_6loggerEE'
build-release-assets (windows-latest, windows, amd64, ragcli.exe)	UNKNOWN STEP	2026-07-27T16:40:21.2234703Z C:/mingw64/bin/../lib/gcc/x86_64-w64-mingw32/15.2.0/../../../../x86_64-w64-mingw32/bin/ld.exe: _deps/llm_client-build/libllm_client.a(ollama_client.cpp.obj):ollama_client.cpp:(.text+0x1eef): undefined reference to `__imp__ZN6spdlog6logger9set_levelENS_5level10level_enumE'
build-release-assets (windows-latest, windows, amd64, ragcli.exe)	UNKNOWN STEP	2026-07-27T16:40:21.2253469Z C:/mingw64/bin/../lib/gcc/x86_64-w64-mingw32/15.2.0/../../../../x86_64-w64-mingw32/bin/ld.exe: _deps/llm_client-build/libllm_client.a(ollama_client.cpp.obj):ollama_client.cpp:(.text+0x1fba): undefined reference to `__imp__ZTVN6spdlog6loggerE'
build-release-assets (windows-latest, windows, amd64, ragcli.exe)	UNKNOWN STEP	2026-07-27T16:40:21.2275864Z C:/mingw64/bin/../lib/gcc/x86_64-w64-mingw32/15.2.0/../../../../x86_64-w64-mingw32/bin/ld.exe: _deps/llm_client-build/libllm_client.a(ollama_client.cpp.obj):ollama_client.cpp:(.text+0x5f1a): undefined reference to `__imp__ZNK6spdlog7details10backtracer7enabledEv'
build-release-assets (windows-latest, windows, amd64, ragcli.exe)	UNKNOWN STEP	2026-07-27T16:40:21.2295933Z C:/mingw64/bin/../lib/gcc/x86_64-w64-mingw32/15.2.0/../../../../x86_64-w64-mingw32/bin/ld.exe: _deps/llm_client-build/libllm_client.a(ollama_client.cpp.obj):ollama_client.cpp:(.text+0x6514): undefined reference to `cpr::CaseInsensitiveCompare::operator()(std::__cxx11::basic_string<char, std::char_traits<char>, std::allocator<char> > const&, std::__cxx11::basic_string<char, std::char_traits<char>, std::allocator<char> > const&) const'
build-release-assets (windows-latest, windows, amd64, ragcli.exe)	UNKNOWN STEP	2026-07-27T16:40:21.2325291Z C:/mingw64/bin/../lib/gcc/x86_64-w64-mingw32/15.2.0/../../../../x86_64-w64-mingw32/bin/ld.exe: _deps/llm_client-build/libllm_client.a(ollama_client.cpp.obj):ollama_client.cpp:(.text+0x654a): undefined reference to `cpr::CaseInsensitiveCompare::operator()(std::__cxx11::basic_string<char, std::char_traits<char>, std::allocator<char> > const&, std::__cxx11::basic_string<char, std::char_traits<char>, std::allocator<char> > const&) const'
build-release-assets (windows-latest, windows, amd64, ragcli.exe)	UNKNOWN STEP	2026-07-27T16:40:21.2349445Z C:/mingw64/bin/../lib/gcc/x86_64-w64-mingw32/15.2.0/../../../../x86_64-w64-mingw32/bin/ld.exe: _deps/llm_client-build/libllm_client.a(ollama_client.cpp.obj):ollama_client.cpp:(.text+0x6614): undefined reference to `__imp__ZN3fmt3v126detail10vformat_toERNS1_6bufferIcEENS0_17basic_string_viewIcEENS0_17basic_format_argsINS0_7contextEEENS0_10locale_refE'
build-release-assets (windows-latest, windows, amd64, ragcli.exe)	UNKNOWN STEP	2026-07-27T16:40:21.2372587Z C:/mingw64/bin/../lib/gcc/x86_64-w64-mingw32/15.2.0/../../../../x86_64-w64-mingw32/bin/ld.exe: _deps/llm_client-build/libllm_client.a(ollama_client.cpp.obj):ollama_client.cpp:(.text+0x66a8): undefined reference to `__imp__ZN6spdlog7details7log_msgC1ENS_10source_locEN3fmt3v1217basic_string_viewIcEENS_5level10level_enumES6_'
build-release-assets (windows-latest, windows, amd64, ragcli.exe)	UNKNOWN STEP	2026-07-27T16:40:21.2393950Z C:/mingw64/bin/../lib/gcc/x86_64-w64-mingw32/15.2.0/../../../../x86_64-w64-mingw32/bin/ld.exe: _deps/llm_client-build/libllm_client.a(ollama_client.cpp.obj):ollama_client.cpp:(.text+0x66c1): undefined reference to `__imp__ZN6spdlog6logger7log_it_ERKNS_7details7log_msgEbb'
build-release-assets (windows-latest, windows, amd64, ragcli.exe)	UNKNOWN STEP	2026-07-27T16:40:21.2416011Z C:/mingw64/bin/../lib/gcc/x86_64-w64-mingw32/15.2.0/../../../../x86_64-w64-mingw32/bin/ld.exe: _deps/llm_client-build/libllm_client.a(ollama_client.cpp.obj):ollama_client.cpp:(.text+0x66f4): undefined reference to `cpr::CaseInsensitiveCompare::operator()(std::__cxx11::basic_string<char, std::char_traits<char>, std::allocator<char> > const&, std::__cxx11::basic_string<char, std::char_traits<char>, std::allocator<char> > const&) const'
build-release-assets (windows-latest, windows, amd64, ragcli.exe)	UNKNOWN STEP	2026-07-27T16:40:21.2442155Z C:/mingw64/bin/../lib/gcc/x86_64-w64-mingw32/15.2.0/../../../../x86_64-w64-mingw32/bin/ld.exe: _deps/llm_client-build/libllm_client.a(ollama_client.cpp.obj):ollama_client.cpp:(.text+0x67fd): undefined reference to `cpr::CaseInsensitiveCompare::operator()(std::__cxx11::basic_string<char, std::char_traits<char>, std::allocator<char> > const&, std::__cxx11::basic_string<char, std::char_traits<char>, std::allocator<char> > const&) const'
build-release-assets (windows-latest, windows, amd64, ragcli.exe)	UNKNOWN STEP	2026-07-27T16:40:21.2473381Z C:/mingw64/bin/../lib/gcc/x86_64-w64-mingw32/15.2.0/../../../../x86_64-w64-mingw32/bin/ld.exe: _deps/llm_client-build/libllm_client.a(ollama_client.cpp.obj):ollama_client.cpp:(.text+0x69a3): undefined reference to `__imp__ZNK6spdlog6logger12err_handler_ERKNSt7__cxx1112basic_stringIcSt11char_traitsIcESaIcEEE'
build-release-assets (windows-latest, windows, amd64, ragcli.exe)	UNKNOWN STEP	2026-07-27T16:40:21.2493856Z C:/mingw64/bin/../lib/gcc/x86_64-w64-mingw32/15.2.0/../../../../x86_64-w64-mingw32/bin/ld.exe: _deps/llm_client-build/libllm_client.a(ollama_client.cpp.obj):ollama_client.cpp:(.text+0x69e2): undefined reference to `__imp__ZNK6spdlog6logger12err_handler_ERKNSt7__cxx1112basic_stringIcSt11char_traitsIcESaIcEEE'
build-release-assets (windows-latest, windows, amd64, ragcli.exe)	UNKNOWN STEP	2026-07-27T16:40:21.2512744Z C:/mingw64/bin/../lib/gcc/x86_64-w64-mingw32/15.2.0/../../../../x86_64-w64-mingw32/bin/ld.exe: _deps/llm_client-build/libllm_client.a(ollama_client.cpp.obj):ollama_client.cpp:(.text+0x6aed): undefined reference to `__imp__ZNK6spdlog7details10backtracer7enabledEv'
build-release-assets (windows-latest, windows, amd64, ragcli.exe)	UNKNOWN STEP	2026-07-27T16:40:21.2535630Z C:/mingw64/bin/../lib/gcc/x86_64-w64-mingw32/15.2.0/../../../../x86_64-w64-mingw32/bin/ld.exe: _deps/llm_client-build/libllm_client.a(ollama_client.cpp.obj):ollama_client.cpp:(.text+0x70a3): undefined reference to `__imp__ZN3fmt3v126detail10vformat_toERNS1_6bufferIcEENS0_17basic_string_viewIcEENS0_17basic_format_argsINS0_7contextEEENS0_10locale_refE'
build-release-assets (windows-latest, windows, amd64, ragcli.exe)	UNKNOWN STEP	2026-07-27T16:40:21.2559132Z C:/mingw64/bin/../lib/gcc/x86_64-w64-mingw32/15.2.0/../../../../x86_64-w64-mingw32/bin/ld.exe: _deps/llm_client-build/libllm_client.a(ollama_client.cpp.obj):ollama_client.cpp:(.text+0x7137): undefined reference to `__imp__ZN6spdlog7details7log_msgC1ENS_10source_locEN3fmt3v1217basic_string_viewIcEENS_5level10level_enumES6_'
build-release-assets (windows-latest, windows, amd64, ragcli.exe)	UNKNOWN STEP	2026-07-27T16:40:21.2579687Z C:/mingw64/bin/../lib/gcc/x86_64-w64-mingw32/15.2.0/../../../../x86_64-w64-mingw32/bin/ld.exe: _deps/llm_client-build/libllm_client.a(ollama_client.cpp.obj):ollama_client.cpp:(.text+0x7150): undefined reference to `__imp__ZN6spdlog6logger7log_it_ERKNS_7details7log_msgEbb'
build-release-assets (windows-latest, windows, amd64, ragcli.exe)	UNKNOWN STEP	2026-07-27T16:40:21.2599533Z C:/mingw64/bin/../lib/gcc/x86_64-w64-mingw32/15.2.0/../../../../x86_64-w64-mingw32/bin/ld.exe: _deps/llm_client-build/libllm_client.a(ollama_client.cpp.obj):ollama_client.cpp:(.text+0x7185): undefined reference to `cpr::CaseInsensitiveCompare::operator()(std::__cxx11::basic_string<char, std::char_traits<char>, std::allocator<char> > const&, std::__cxx11::basic_string<char, std::char_traits<char>, std::allocator<char> > const&) const'
build-release-assets (windows-latest, windows, amd64, ragcli.exe)	UNKNOWN STEP	2026-07-27T16:40:21.2629212Z C:/mingw64/bin/../lib/gcc/x86_64-w64-mingw32/15.2.0/../../../../x86_64-w64-mingw32/bin/ld.exe: _deps/llm_client-build/libllm_client.a(ollama_client.cpp.obj):ollama_client.cpp:(.text+0x721f): undefined reference to `__imp__ZN3fmt3v126detail10vformat_toERNS1_6bufferIcEENS0_17basic_string_viewIcEENS0_17basic_format_argsINS0_7contextEEENS0_10locale_refE'
build-release-assets (windows-latest, windows, amd64, ragcli.exe)	UNKNOWN STEP	2026-07-27T16:40:21.2649912Z C:/mingw64/bin/../lib/gcc/x86_64-w64-mingw32/15.2.0/../../../../x86_64-w64-mingw32/bin/ld.exe: _deps/llm_client-build/libllm_client.a(ollama_client.cpp.obj):ollama_client.cpp:(.text+0x72b3): undefined reference to `__imp__ZN6spdlog7details7log_msgC1ENS_10source_locEN3fmt3v1217basic_string_viewIcEENS_5level10level_enumES6_'
build-release-assets (windows-latest, windows, amd64, ragcli.exe)	UNKNOWN STEP	2026-07-27T16:40:21.2670579Z C:/mingw64/bin/../lib/gcc/x86_64-w64-mingw32/15.2.0/../../../../x86_64-w64-mingw32/bin/ld.exe: _deps/llm_client-build/libllm_client.a(ollama_client.cpp.obj):ollama_client.cpp:(.text+0x72ca): undefined reference to `__imp__ZN6spdlog6logger7log_it_ERKNS_7details7log_msgEbb'
build-release-assets (windows-latest, windows, amd64, ragcli.exe)	UNKNOWN STEP	2026-07-27T16:40:21.2688207Z C:/mingw64/bin/../lib/gcc/x86_64-w64-mingw32/15.2.0/../../../../x86_64-w64-mingw32/bin/ld.exe: _deps/llm_client-build/libllm_client.a(ollama_client.cpp.obj):ollama_client.cpp:(.text+0x77a9): undefined reference to `__imp__ZNK6spdlog6logger12err_handler_ERKNSt7__cxx1112basic_stringIcSt11char_traitsIcESaIcEEE'
build-release-assets (windows-latest, windows, amd64, ragcli.exe)	UNKNOWN STEP	2026-07-27T16:40:21.2705252Z C:/mingw64/bin/../lib/gcc/x86_64-w64-mingw32/15.2.0/../../../../x86_64-w64-mingw32/bin/ld.exe: _deps/llm_client-build/libllm_client.a(ollama_client.cpp.obj):ollama_client.cpp:(.text+0x7839): undefined reference to `__imp__ZNK6spdlog6logger12err_handler_ERKNSt7__cxx1112basic_stringIcSt11char_traitsIcESaIcEEE'
build-release-assets (windows-latest, windows, amd64, ragcli.exe)	UNKNOWN STEP	2026-07-27T16:40:21.2726608Z C:/mingw64/bin/../lib/gcc/x86_64-w64-mingw32/15.2.0/../../../../x86_64-w64-mingw32/bin/ld.exe: _deps/llm_client-build/libllm_client.a(ollama_client.cpp.obj):ollama_client.cpp:(.text+0x7943): undefined reference to `__imp__ZNK6spdlog6logger12err_handler_ERKNSt7__cxx1112basic_stringIcSt11char_traitsIcESaIcEEE'
build-release-assets (windows-latest, windows, amd64, ragcli.exe)	UNKNOWN STEP	2026-07-27T16:40:21.2745775Z C:/mingw64/bin/../lib/gcc/x86_64-w64-mingw32/15.2.0/../../../../x86_64-w64-mingw32/bin/ld.exe: _deps/llm_client-build/libllm_client.a(ollama_client.cpp.obj):ollama_client.cpp:(.text+0x7975): undefined reference to `__imp__ZNK6spdlog6logger12err_handler_ERKNSt7__cxx1112basic_stringIcSt11char_traitsIcESaIcEEE'
build-release-assets (windows-latest, windows, amd64, ragcli.exe)	UNKNOWN STEP	2026-07-27T16:40:21.2763869Z C:/mingw64/bin/../lib/gcc/x86_64-w64-mingw32/15.2.0/../../../../x86_64-w64-mingw32/bin/ld.exe: _deps/llm_client-build/libllm_client.a(ollama_client.cpp.obj):ollama_client.cpp:(.text+0x7af5): undefined reference to `__imp__ZNK6spdlog7details10backtracer7enabledEv'
build-release-assets (windows-latest, windows, amd64, ragcli.exe)	UNKNOWN STEP	2026-07-27T16:40:21.2784001Z C:/mingw64/bin/../lib/gcc/x86_64-w64-mingw32/15.2.0/../../../../x86_64-w64-mingw32/bin/ld.exe: _deps/llm_client-build/libllm_client.a(ollama_client.cpp.obj):ollama_client.cpp:(.text+0x81df): undefined reference to `__imp__ZN3fmt3v126detail10vformat_toERNS1_6bufferIcEENS0_17basic_string_viewIcEENS0_17basic_format_argsINS0_7contextEEENS0_10locale_refE'
build-release-assets (windows-latest, windows, amd64, ragcli.exe)	UNKNOWN STEP	2026-07-27T16:40:21.2805685Z C:/mingw64/bin/../lib/gcc/x86_64-w64-mingw32/15.2.0/../../../../x86_64-w64-mingw32/bin/ld.exe: _deps/llm_client-build/libllm_client.a(ollama_client.cpp.obj):ollama_client.cpp:(.text+0x8270): undefined reference to `__imp__ZN6spdlog7details7log_msgC1ENS_10source_locEN3fmt3v1217basic_string_viewIcEENS_5level10level_enumES6_'
build-release-assets (windows-latest, windows, amd64, ragcli.exe)	UNKNOWN STEP	2026-07-27T16:40:21.2825178Z C:/mingw64/bin/../lib/gcc/x86_64-w64-mingw32/15.2.0/../../../../x86_64-w64-mingw32/bin/ld.exe: _deps/llm_client-build/libllm_client.a(ollama_client.cpp.obj):ollama_client.cpp:(.text+0x8289): undefined reference to `__imp__ZN6spdlog6logger7log_it_ERKNS_7details7log_msgEbb'
build-release-assets (windows-latest, windows, amd64, ragcli.exe)	UNKNOWN STEP	2026-07-27T16:40:21.2846119Z C:/mingw64/bin/../lib/gcc/x86_64-w64-mingw32/15.2.0/../../../../x86_64-w64-mingw32/bin/ld.exe: _deps/llm_client-build/libllm_client.a(ollama_client.cpp.obj):ollama_client.cpp:(.text+0x82bd): undefined reference to `cpr::CaseInsensitiveCompare::operator()(std::__cxx11::basic_string<char, std::char_traits<char>, std::allocator<char> > const&, std::__cxx11::basic_string<char, std::char_traits<char>, std::allocator<char> > const&) const'
build-release-assets (windows-latest, windows, amd64, ragcli.exe)	UNKNOWN STEP	2026-07-27T16:40:21.2868949Z C:/mingw64/bin/../lib/gcc/x86_64-w64-mingw32/15.2.0/../../../../x86_64-w64-mingw32/bin/ld.exe: _deps/llm_client-build/libllm_client.a(ollama_client.cpp.obj):ollama_client.cpp:(.text+0x837a): undefined reference to `__imp__ZN3fmt3v126detail10vformat_toERNS1_6bufferIcEENS0_17basic_string_viewIcEENS0_17basic_format_argsINS0_7contextEEENS0_10locale_refE'
build-release-assets (windows-latest, windows, amd64, ragcli.exe)	UNKNOWN STEP	2026-07-27T16:40:21.2889147Z C:/mingw64/bin/../lib/gcc/x86_64-w64-mingw32/15.2.0/../../../../x86_64-w64-mingw32/bin/ld.exe: _deps/llm_client-build/libllm_client.a(ollama_client.cpp.obj):ollama_client.cpp:(.text+0x840b): undefined reference to `__imp__ZN6spdlog7details7log_msgC1ENS_10source_locEN3fmt3v1217basic_string_viewIcEENS_5level10level_enumES6_'
build-release-assets (windows-latest, windows, amd64, ragcli.exe)	UNKNOWN STEP	2026-07-27T16:40:21.2908322Z C:/mingw64/bin/../lib/gcc/x86_64-w64-mingw32/15.2.0/../../../../x86_64-w64-mingw32/bin/ld.exe: _deps/llm_client-build/libllm_client.a(ollama_client.cpp.obj):ollama_client.cpp:(.text+0x8422): undefined reference to `__imp__ZN6spdlog6logger7log_it_ERKNS_7details7log_msgEbb'
build-release-assets (windows-latest, windows, amd64, ragcli.exe)	UNKNOWN STEP	2026-07-27T16:40:21.2924954Z C:/mingw64/bin/../lib/gcc/x86_64-w64-mingw32/15.2.0/../../../../x86_64-w64-mingw32/bin/ld.exe: _deps/llm_client-build/libllm_client.a(ollama_client.cpp.obj):ollama_client.cpp:(.text+0x8e72): undefined reference to `__imp__ZNK6spdlog6logger12err_handler_ERKNSt7__cxx1112basic_stringIcSt11char_traitsIcESaIcEEE'
build-release-assets (windows-latest, windows, amd64, ragcli.exe)	UNKNOWN STEP	2026-07-27T16:40:21.2945704Z C:/mingw64/bin/../lib/gcc/x86_64-w64-mingw32/15.2.0/../../../../x86_64-w64-mingw32/bin/ld.exe: _deps/llm_client-build/libllm_client.a(ollama_client.cpp.obj):ollama_client.cpp:(.text+0x8ee1): undefined reference to `__imp__ZNK6spdlog6logger12err_handler_ERKNSt7__cxx1112basic_stringIcSt11char_traitsIcESaIcEEE'
build-release-assets (windows-latest, windows, amd64, ragcli.exe)	UNKNOWN STEP	2026-07-27T16:40:21.2967375Z C:/mingw64/bin/../lib/gcc/x86_64-w64-mingw32/15.2.0/../../../../x86_64-w64-mingw32/bin/ld.exe: _deps/llm_client-build/libllm_client.a(ollama_client.cpp.obj):ollama_client.cpp:(.text+0x8f85): undefined reference to `__imp__ZNK6spdlog6logger12err_handler_ERKNSt7__cxx1112basic_stringIcSt11char_traitsIcESaIcEEE'
build-release-assets (windows-latest, windows, amd64, ragcli.exe)	UNKNOWN STEP	2026-07-27T16:40:21.2984938Z C:/mingw64/bin/../lib/gcc/x86_64-w64-mingw32/15.2.0/../../../../x86_64-w64-mingw32/bin/ld.exe: _deps/llm_client-build/libllm_client.a(ollama_client.cpp.obj):ollama_client.cpp:(.text+0x8fbc): undefined reference to `__imp__ZNK6spdlog6logger12err_handler_ERKNSt7__cxx1112basic_stringIcSt11char_traitsIcESaIcEEE'
build-release-assets (windows-latest, windows, amd64, ragcli.exe)	UNKNOWN STEP	2026-07-27T16:40:21.3021075Z C:/mingw64/bin/../lib/gcc/x86_64-w64-mingw32/15.2.0/../../../../x86_64-w64-mingw32/bin/ld.exe: _deps/llm_client-build/libllm_client.a(ollama_client.cpp.obj):ollama_client.cpp:(.text$_ZNSt8_Rb_treeINSt7__cxx1112basic_stringIcSt11char_traitsIcESaIcEEESt4pairIKS5_S5_ESt10_Select1stIS8_EN3cpr22CaseInsensitiveCompareESaIS8_EE29_M_get_insert_hint_unique_posESt23_Rb_tree_const_iteratorIS8_ERS7_[_ZNSt8_Rb_treeINSt7__cxx1112basic_stringIcSt11char_traitsIcESaIcEEESt4pairIKS5_S5_ESt10_Select1stIS8_EN3cpr22CaseInsensitiveCompareESaIS8_EE29_M_get_insert_hint_unique_posESt23_Rb_tree_const_iteratorIS8_ERS7_]+0x2f): undefined reference to `cpr::CaseInsensitiveCompare::operator()(std::__cxx11::basic_string<char, std::char_traits<char>, std::allocator<char> > const&, std::__cxx11::basic_string<char, std::char_traits<char>, std::allocator<char> > const&) const'
build-release-assets (windows-latest, windows, amd64, ragcli.exe)	UNKNOWN STEP	2026-07-27T16:40:21.3073480Z C:/mingw64/bin/../lib/gcc/x86_64-w64-mingw32/15.2.0/../../../../x86_64-w64-mingw32/bin/ld.exe: _deps/llm_client-build/libllm_client.a(ollama_client.cpp.obj):ollama_client.cpp:(.text$_ZNSt8_Rb_treeINSt7__cxx1112basic_stringIcSt11char_traitsIcESaIcEEESt4pairIKS5_S5_ESt10_Select1stIS8_EN3cpr22CaseInsensitiveCompareESaIS8_EE29_M_get_insert_hint_unique_posESt23_Rb_tree_const_iteratorIS8_ERS7_[_ZNSt8_Rb_treeINSt7__cxx1112basic_stringIcSt11char_traitsIcESaIcEEESt4pairIKS5_S5_ESt10_Select1stIS8_EN3cpr22CaseInsensitiveCompareESaIS8_EE29_M_get_insert_hint_unique_posESt23_Rb_tree_const_iteratorIS8_ERS7_]+0x5e): undefined reference to `cpr::CaseInsensitiveCompare::operator()(std::__cxx11::basic_string<char, std::char_traits<char>, std::allocator<char> > const&, std::__cxx11::basic_string<char, std::char_traits<char>, std::allocator<char> > const&) const'
build-release-assets (windows-latest, windows, amd64, ragcli.exe)	UNKNOWN STEP	2026-07-27T16:40:21.3131727Z C:/mingw64/bin/../lib/gcc/x86_64-w64-mingw32/15.2.0/../../../../x86_64-w64-mingw32/bin/ld.exe: _deps/llm_client-build/libllm_client.a(ollama_client.cpp.obj):ollama_client.cpp:(.text$_ZNSt8_Rb_treeINSt7__cxx1112basic_stringIcSt11char_traitsIcESaIcEEESt4pairIKS5_S5_ESt10_Select1stIS8_EN3cpr22CaseInsensitiveCompareESaIS8_EE29_M_get_insert_hint_unique_posESt23_Rb_tree_const_iteratorIS8_ERS7_[_ZNSt8_Rb_treeINSt7__cxx1112basic_stringIcSt11char_traitsIcESaIcEEESt4pairIKS5_S5_ESt10_Select1stIS8_EN3cpr22CaseInsensitiveCompareESaIS8_EE29_M_get_insert_hint_unique_posESt23_Rb_tree_const_iteratorIS8_ERS7_]+0xae): undefined reference to `cpr::CaseInsensitiveCompare::operator()(std::__cxx11::basic_string<char, std::char_traits<char>, std::allocator<char> > const&, std::__cxx11::basic_string<char, std::char_traits<char>, std::allocator<char> > const&) const'
build-release-assets (windows-latest, windows, amd64, ragcli.exe)	UNKNOWN STEP	2026-07-27T16:40:21.3183183Z C:/mingw64/bin/../lib/gcc/x86_64-w64-mingw32/15.2.0/../../../../x86_64-w64-mingw32/bin/ld.exe: _deps/llm_client-build/libllm_client.a(ollama_client.cpp.obj):ollama_client.cpp:(.text$_ZNSt8_Rb_treeINSt7__cxx1112basic_stringIcSt11char_traitsIcESaIcEEESt4pairIKS5_S5_ESt10_Select1stIS8_EN3cpr22CaseInsensitiveCompareESaIS8_EE29_M_get_insert_hint_unique_posESt23_Rb_tree_const_iteratorIS8_ERS7_[_ZNSt8_Rb_treeINSt7__cxx1112basic_stringIcSt11char_traitsIcESaIcEEESt4pairIKS5_S5_ESt10_Select1stIS8_EN3cpr22CaseInsensitiveCompareESaIS8_EE29_M_get_insert_hint_unique_posESt23_Rb_tree_const_iteratorIS8_ERS7_]+0xe1): undefined reference to `cpr::CaseInsensitiveCompare::operator()(std::__cxx11::basic_string<char, std::char_traits<char>, std::allocator<char> > const&, std::__cxx11::basic_string<char, std::char_traits<char>, std::allocator<char> > const&) const'
build-release-assets (windows-latest, windows, amd64, ragcli.exe)	UNKNOWN STEP	2026-07-27T16:40:21.3234825Z C:/mingw64/bin/../lib/gcc/x86_64-w64-mingw32/15.2.0/../../../../x86_64-w64-mingw32/bin/ld.exe: _deps/llm_client-build/libllm_client.a(ollama_client.cpp.obj):ollama_client.cpp:(.text$_ZNSt8_Rb_treeINSt7__cxx1112basic_stringIcSt11char_traitsIcESaIcEEESt4pairIKS5_S5_ESt10_Select1stIS8_EN3cpr22CaseInsensitiveCompareESaIS8_EE29_M_get_insert_hint_unique_posESt23_Rb_tree_const_iteratorIS8_ERS7_[_ZNSt8_Rb_treeINSt7__cxx1112basic_stringIcSt11char_traitsIcESaIcEEESt4pairIKS5_S5_ESt10_Select1stIS8_EN3cpr22CaseInsensitiveCompareESaIS8_EE29_M_get_insert_hint_unique_posESt23_Rb_tree_const_iteratorIS8_ERS7_]+0x125): undefined reference to `cpr::CaseInsensitiveCompare::operator()(std::__cxx11::basic_string<char, std::char_traits<char>, std::allocator<char> > const&, std::__cxx11::basic_string<char, std::char_traits<char>, std::allocator<char> > const&) const'
build-release-assets (windows-latest, windows, amd64, ragcli.exe)	UNKNOWN STEP	2026-07-27T16:40:21.3301301Z C:/mingw64/bin/../lib/gcc/x86_64-w64-mingw32/15.2.0/../../../../x86_64-w64-mingw32/bin/ld.exe: _deps/llm_client-build/libllm_client.a(ollama_client.cpp.obj):ollama_client.cpp:(.text$_ZNSt8_Rb_treeINSt7__cxx1112basic_stringIcSt11char_traitsIcESaIcEEESt4pairIKS5_S5_ESt10_Select1stIS8_EN3cpr22CaseInsensitiveCompareESaIS8_EE29_M_get_insert_hint_unique_posESt23_Rb_tree_const_iteratorIS8_ERS7_[_ZNSt8_Rb_treeINSt7__cxx1112basic_stringIcSt11char_traitsIcESaIcEEESt4pairIKS5_S5_ESt10_Select1stIS8_EN3cpr22CaseInsensitiveCompareESaIS8_EE29_M_get_insert_hint_unique_posESt23_Rb_tree_const_iteratorIS8_ERS7_]+0x15a): more undefined references to `cpr::CaseInsensitiveCompare::operator()(std::__cxx11::basic_string<char, std::char_traits<char>, std::allocator<char> > const&, std::__cxx11::basic_string<char, std::char_traits<char>, std::allocator<char> > const&) const' follow
build-release-assets (windows-latest, windows, amd64, ragcli.exe)	UNKNOWN STEP	2026-07-27T16:40:21.3333752Z collect2.exe: error: ld returned 1 exit status
build-release-assets (windows-latest, windows, amd64, ragcli.exe)	UNKNOWN STEP	2026-07-27T16:40:21.4723772Z [68/69] Linking CXX executable tests\ragcli_tests.exe
build-release-assets (windows-latest, windows, amd64, ragcli.exe)	UNKNOWN STEP	2026-07-27T16:40:21.4725526Z FAILED: [code=1] tests/ragcli_tests.exe tests/ragcli_tests_e3b0c442_tests.cmake D:/a/ragcli/ragcli/build/release/tests/ragcli_tests_e3b0c442_tests.cmake 
build-release-assets (windows-latest, windows, amd64, ragcli.exe)	UNKNOWN STEP	2026-07-27T16:40:21.4741157Z C:\Windows\system32\cmd.exe /C "cd . && C:\mingw64\bin\c++.exe -O3 -DNDEBUG  tests/CMakeFiles/ragcli_tests.dir/registry_test.cpp.obj tests/CMakeFiles/ragcli_tests.dir/pdf_summarize_test.cpp.obj tests/CMakeFiles/ragcli_tests.dir/ocr_test.cpp.obj tests/CMakeFiles/ragcli_tests.dir/rag_test.cpp.obj tests/CMakeFiles/ragcli_tests.dir/chat_test.cpp.obj tests/CMakeFiles/ragcli_tests.dir/rag_runner_test.cpp.obj tests/CMakeFiles/ragcli_tests.dir/chat_runner_test.cpp.obj tests/CMakeFiles/ragcli_tests.dir/provider_config_test.cpp.obj tests/CMakeFiles/ragcli_tests.dir/rag_config_test.cpp.obj tests/CMakeFiles/ragcli_tests.dir/directory_source_test.cpp.obj tests/CMakeFiles/ragcli_tests.dir/document_source_factory_test.cpp.obj tests/CMakeFiles/ragcli_tests.dir/collection_test.cpp.obj tests/CMakeFiles/ragcli_tests.dir/pdf_document_test.cpp.obj tests/CMakeFiles/ragcli_tests.dir/indexer_test.cpp.obj tests/CMakeFiles/ragcli_tests.dir/__/src/utils/stb_image_impl.cpp.obj -o tests\ragcli_tests.exe -Wl,--out-implib,tests\libragcli_tests.dll.a -Wl,--major-image-version,0,--minor-image-version,0  lib/libgtest_main.a  _deps/wcppcli-build/libwcppcli.a  _deps/llm_client-build/libllm_client.a  _deps/cpppdf-build/libcpppdf.a  lib/libgtest.a  vcpkg_installed/x64-windows/lib/cpr.lib  vcpkg_installed/x64-windows/lib/libcurl.lib  vcpkg_installed/x64-windows/lib/spdlog.lib  vcpkg_installed/x64-windows/lib/fmt.lib  vcpkg_installed/x64-windows/lib/z.lib  -lkernel32 -luser32 -lgdi32 -lwinspool -lshell32 -lole32 -loleaut32 -luuid -lcomdlg32 -ladvapi32 && C:\Windows\system32\cmd.exe /C "cd /D D:\a\ragcli\ragcli\build\release\tests && C:\Users\runneradmin\vcpkg\vcpkg.exe z-applocal --target-binary=D:/a/ragcli/ragcli/build/release/tests/ragcli_tests.exe --installed-bin-dir=D:/a/ragcli/ragcli/build/release/vcpkg_installed/x64-windows/bin && cd /D D:\a\ragcli\ragcli\build\release\tests && "C:\Program Files\CMake\bin\cmake.exe" -P D:/a/ragcli/ragcli/build/release/tests/ragcli_tests_e3b0c442_discovery.cmake -- ""
build-release-assets (windows-latest, windows, amd64, ragcli.exe)	UNKNOWN STEP	2026-07-27T16:40:21.4756734Z C:/mingw64/bin/../lib/gcc/x86_64-w64-mingw32/15.2.0/../../../../x86_64-w64-mingw32/bin/ld.exe: tests/CMakeFiles/ragcli_tests.dir/registry_test.cpp.obj:registry_test.cpp:(.text$_ZNK6ragcli6qdrant12QdrantClient17delete_collectionEv[_ZNK6ragcli6qdrant12QdrantClient17delete_collectionEv]+0x190): undefined reference to `cpr::Session::Session()'
build-release-assets (windows-latest, windows, amd64, ragcli.exe)	UNKNOWN STEP	2026-07-27T16:40:21.4761846Z C:/mingw64/bin/../lib/gcc/x86_64-w64-mingw32/15.2.0/../../../../x86_64-w64-mingw32/bin/ld.exe: tests/CMakeFiles/ragcli_tests.dir/registry_test.cpp.obj:registry_test.cpp:(.text$_ZNK6ragcli6qdrant12QdrantClient17delete_collectionEv[_ZNK6ragcli6qdrant12QdrantClient17delete_collectionEv]+0x19b): undefined reference to `cpr::Session::SetOption(cpr::Url const&)'
build-release-assets (windows-latest, windows, amd64, ragcli.exe)	UNKNOWN STEP	2026-07-27T16:40:21.4766117Z C:/mingw64/bin/../lib/gcc/x86_64-w64-mingw32/15.2.0/../../../../x86_64-w64-mingw32/bin/ld.exe: tests/CMakeFiles/ragcli_tests.dir/registry_test.cpp.obj:registry_test.cpp:(.text$_ZNK6ragcli6qdrant12QdrantClient17delete_collectionEv[_ZNK6ragcli6qdrant12QdrantClient17delete_collectionEv]+0x1ae): undefined reference to `cpr::Session::Delete()'
build-release-assets (windows-latest, windows, amd64, ragcli.exe)	UNKNOWN STEP	2026-07-27T16:40:21.4774339Z C:/mingw64/bin/../lib/gcc/x86_64-w64-mingw32/15.2.0/../../../../x86_64-w64-mingw32/bin/ld.exe: tests/CMakeFiles/ragcli_tests.dir/registry_test.cpp.obj:registry_test.cpp:(.text$_ZNSt8_Rb_treeINSt7__cxx1112basic_stringIcSt11char_traitsIcESaIcEEESt4pairIKS5_S5_ESt10_Select1stIS8_EN3cpr22CaseInsensitiveCompareESaIS8_EE24_M_get_insert_unique_posERS7_[_ZNSt8_Rb_treeINSt7__cxx1112basic_stringIcSt11char_traitsIcESaIcEEESt4pairIKS5_S5_ESt10_Select1stIS8_EN3cpr22CaseInsensitiveCompareESaIS8_EE24_M_get_insert_unique_posERS7_]+0x39): undefined reference to `cpr::CaseInsensitiveCompare::operator()(std::__cxx11::basic_string<char, std::char_traits<char>, std::allocator<char> > const&, std::__cxx11::basic_string<char, std::char_traits<char>, std::allocator<char> > const&) const'
build-release-assets (windows-latest, windows, amd64, ragcli.exe)	UNKNOWN STEP	2026-07-27T16:40:21.4784523Z C:/mingw64/bin/../lib/gcc/x86_64-w64-mingw32/15.2.0/../../../../x86_64-w64-mingw32/bin/ld.exe: tests/CMakeFiles/ragcli_tests.dir/registry_test.cpp.obj:registry_test.cpp:(.text$_ZNSt8_Rb_treeINSt7__cxx1112basic_stringIcSt11char_traitsIcESaIcEEESt4pairIKS5_S5_ESt10_Select1stIS8_EN3cpr22CaseInsensitiveCompareESaIS8_EE24_M_get_insert_unique_posERS7_[_ZNSt8_Rb_treeINSt7__cxx1112basic_stringIcSt11char_traitsIcESaIcEEESt4pairIKS5_S5_ESt10_Select1stIS8_EN3cpr22CaseInsensitiveCompareESaIS8_EE24_M_get_insert_unique_posERS7_]+0x79): undefined reference to `cpr::CaseInsensitiveCompare::operator()(std::__cxx11::basic_string<char, std::char_traits<char>, std::allocator<char> > const&, std::__cxx11::basic_string<char, std::char_traits<char>, std::allocator<char> > const&) const'
build-release-assets (windows-latest, windows, amd64, ragcli.exe)	UNKNOWN STEP	2026-07-27T16:40:21.4792465Z C:/mingw64/bin/../lib/gcc/x86_64-w64-mingw32/15.2.0/../../../../x86_64-w64-mingw32/bin/ld.exe: tests/CMakeFiles/ragcli_tests.dir/registry_test.cpp.obj:registry_test.cpp:(.text$_ZN6ragcli6qdrant12QdrantClient22execute_search_requestERKNSt7__cxx1112basic_stringIcSt11char_traitsIcESaIcEEES9_[_ZN6ragcli6qdrant12QdrantClient22execute_search_requestERKNSt7__cxx1112basic_stringIcSt11char_traitsIcESaIcEEES9_]+0x39c): undefined reference to `cpr::Session::Session()'
build-release-assets (windows-latest, windows, amd64, ragcli.exe)	UNKNOWN STEP	2026-07-27T16:40:21.4798427Z C:/mingw64/bin/../lib/gcc/x86_64-w64-mingw32/15.2.0/../../../../x86_64-w64-mingw32/bin/ld.exe: tests/CMakeFiles/ragcli_tests.dir/registry_test.cpp.obj:registry_test.cpp:(.text$_ZN6ragcli6qdrant12QdrantClient22execute_search_requestERKNSt7__cxx1112basic_stringIcSt11char_traitsIcESaIcEEES9_[_ZN6ragcli6qdrant12QdrantClient22execute_search_requestERKNSt7__cxx1112basic_stringIcSt11char_traitsIcESaIcEEES9_]+0x3ac): undefined reference to `cpr::Session::SetOption(cpr::Url const&)'
build-release-assets (windows-latest, windows, amd64, ragcli.exe)	UNKNOWN STEP	2026-07-27T16:40:21.4806474Z C:/mingw64/bin/../lib/gcc/x86_64-w64-mingw32/15.2.0/../../../../x86_64-w64-mingw32/bin/ld.exe: tests/CMakeFiles/ragcli_tests.dir/registry_test.cpp.obj:registry_test.cpp:(.text$_ZN6ragcli6qdrant12QdrantClient22execute_search_requestERKNSt7__cxx1112basic_stringIcSt11char_traitsIcESaIcEEES9_[_ZN6ragcli6qdrant12QdrantClient22execute_search_requestERKNSt7__cxx1112basic_stringIcSt11char_traitsIcESaIcEEES9_]+0x3c1): undefined reference to `cpr::Session::SetOption(std::map<std::__cxx11::basic_string<char, std::char_traits<char>, std::allocator<char> >, std::__cxx11::basic_string<char, std::char_traits<char>, std::allocator<char> >, cpr::CaseInsensitiveCompare, std::allocator<std::pair<std::__cxx11::basic_string<char, std::char_traits<char>, std::allocator<char> > const, std::__cxx11::basic_string<char, std::char_traits<char>, std::allocator<char> > > > > const&)'
build-release-assets (windows-latest, windows, amd64, ragcli.exe)	UNKNOWN STEP	2026-07-27T16:40:21.4815501Z C:/mingw64/bin/../lib/gcc/x86_64-w64-mingw32/15.2.0/../../../../x86_64-w64-mingw32/bin/ld.exe: tests/CMakeFiles/ragcli_tests.dir/registry_test.cpp.obj:registry_test.cpp:(.text$_ZN6ragcli6qdrant12QdrantClient22execute_search_requestERKNSt7__cxx1112basic_stringIcSt11char_traitsIcESaIcEEES9_[_ZN6ragcli6qdrant12QdrantClient22execute_search_requestERKNSt7__cxx1112basic_stringIcSt11char_traitsIcESaIcEEES9_]+0x3d6): undefined reference to `cpr::Session::SetOption(cpr::Body&&)'
build-release-assets (windows-latest, windows, amd64, ragcli.exe)	UNKNOWN STEP	2026-07-27T16:40:21.4821318Z C:/mingw64/bin/../lib/gcc/x86_64-w64-mingw32/15.2.0/../../../../x86_64-w64-mingw32/bin/ld.exe: tests/CMakeFiles/ragcli_tests.dir/registry_test.cpp.obj:registry_test.cpp:(.text$_ZN6ragcli6qdrant12QdrantClient22execute_search_requestERKNSt7__cxx1112basic_stringIcSt11char_traitsIcESaIcEEES9_[_ZN6ragcli6qdrant12QdrantClient22execute_search_requestERKNSt7__cxx1112basic_stringIcSt11char_traitsIcESaIcEEES9_]+0x3eb): undefined reference to `cpr::Session::Post()'
build-release-assets (windows-latest, windows, amd64, ragcli.exe)	UNKNOWN STEP	2026-07-27T16:40:21.4827747Z C:/mingw64/bin/../lib/gcc/x86_64-w64-mingw32/15.2.0/../../../../x86_64-w64-mingw32/bin/ld.exe: tests/CMakeFiles/ragcli_tests.dir/registry_test.cpp.obj:registry_test.cpp:(.text$_ZNK6ragcli6qdrant12QdrantClient17create_collectionEiRKNSt7__cxx1112basic_stringIcSt11char_traitsIcESaIcEEE[_ZNK6ragcli6qdrant12QdrantClient17create_collectionEiRKNSt7__cxx1112basic_stringIcSt11char_traitsIcESaIcEEE]+0x588): undefined reference to `cpr::Session::Session()'
build-release-assets (windows-latest, windows, amd64, ragcli.exe)	UNKNOWN STEP	2026-07-27T16:40:21.4835058Z C:/mingw64/bin/../lib/gcc/x86_64-w64-mingw32/15.2.0/../../../../x86_64-w64-mingw32/bin/ld.exe: tests/CMakeFiles/ragcli_tests.dir/registry_test.cpp.obj:registry_test.cpp:(.text$_ZNK6ragcli6qdrant12QdrantClient17create_collectionEiRKNSt7__cxx1112basic_stringIcSt11char_traitsIcESaIcEEE[_ZNK6ragcli6qdrant12QdrantClient17create_collectionEiRKNSt7__cxx1112basic_stringIcSt11char_traitsIcESaIcEEE]+0x593): undefined reference to `cpr::Session::SetOption(cpr::Url const&)'
build-release-assets (windows-latest, windows, amd64, ragcli.exe)	UNKNOWN STEP	2026-07-27T16:40:21.4843647Z C:/mingw64/bin/../lib/gcc/x86_64-w64-mingw32/15.2.0/../../../../x86_64-w64-mingw32/bin/ld.exe: tests/CMakeFiles/ragcli_tests.dir/registry_test.cpp.obj:registry_test.cpp:(.text$_ZNK6ragcli6qdrant12QdrantClient17create_collectionEiRKNSt7__cxx1112basic_stringIcSt11char_traitsIcESaIcEEE[_ZNK6ragcli6qdrant12QdrantClient17create_collectionEiRKNSt7__cxx1112basic_stringIcSt11char_traitsIcESaIcEEE]+0x5a3): undefined reference to `cpr::Session::SetOption(std::map<std::__cxx11::basic_string<char, std::char_traits<char>, std::allocator<char> >, std::__cxx11::basic_string<char, std::char_traits<char>, std::allocator<char> >, cpr::CaseInsensitiveCompare, std::allocator<std::pair<std::__cxx11::basic_string<char, std::char_traits<char>, std::allocator<char> > const, std::__cxx11::basic_string<char, std::char_traits<char>, std::allocator<char> > > > > const&)'
build-release-assets (windows-latest, windows, amd64, ragcli.exe)	UNKNOWN STEP	2026-07-27T16:40:21.4851817Z C:/mingw64/bin/../lib/gcc/x86_64-w64-mingw32/15.2.0/../../../../x86_64-w64-mingw32/bin/ld.exe: tests/CMakeFiles/ragcli_tests.dir/registry_test.cpp.obj:registry_test.cpp:(.text$_ZNK6ragcli6qdrant12QdrantClient17create_collectionEiRKNSt7__cxx1112basic_stringIcSt11char_traitsIcESaIcEEE[_ZNK6ragcli6qdrant12QdrantClient17create_collectionEiRKNSt7__cxx1112basic_stringIcSt11char_traitsIcESaIcEEE]+0x5b6): undefined reference to `cpr::Session::SetOption(cpr::Body&&)'
build-release-assets (windows-latest, windows, amd64, ragcli.exe)	UNKNOWN STEP	2026-07-27T16:40:21.4857543Z C:/mingw64/bin/../lib/gcc/x86_64-w64-mingw32/15.2.0/../../../../x86_64-w64-mingw32/bin/ld.exe: tests/CMakeFiles/ragcli_tests.dir/registry_test.cpp.obj:registry_test.cpp:(.text$_ZNK6ragcli6qdrant12QdrantClient17create_collectionEiRKNSt7__cxx1112basic_stringIcSt11char_traitsIcESaIcEEE[_ZNK6ragcli6qdrant12QdrantClient17create_collectionEiRKNSt7__cxx1112basic_stringIcSt11char_traitsIcESaIcEEE]+0x5c9): undefined reference to `cpr::Session::Put()'
build-release-assets (windows-latest, windows, amd64, ragcli.exe)	UNKNOWN STEP	2026-07-27T16:40:21.4863746Z C:/mingw64/bin/../lib/gcc/x86_64-w64-mingw32/15.2.0/../../../../x86_64-w64-mingw32/bin/ld.exe: tests/CMakeFiles/ragcli_tests.dir/registry_test.cpp.obj:registry_test.cpp:(.text$_ZN6ragcli3cmd17CollectionCommand14run_collectionEv[_ZN6ragcli3cmd17CollectionCommand14run_collectionEv]+0x5f9): undefined reference to `cpr::Session::Session()'
build-release-assets (windows-latest, windows, amd64, ragcli.exe)	UNKNOWN STEP	2026-07-27T16:40:21.4868745Z C:/mingw64/bin/../lib/gcc/x86_64-w64-mingw32/15.2.0/../../../../x86_64-w64-mingw32/bin/ld.exe: tests/CMakeFiles/ragcli_tests.dir/registry_test.cpp.obj:registry_test.cpp:(.text$_ZN6ragcli3cmd17CollectionCommand14run_collectionEv[_ZN6ragcli3cmd17CollectionCommand14run_collectionEv]+0x604): undefined reference to `cpr::Session::SetOption(cpr::Url const&)'
build-release-assets (windows-latest, windows, amd64, ragcli.exe)	UNKNOWN STEP	2026-07-27T16:40:21.4872872Z C:/mingw64/bin/../lib/gcc/x86_64-w64-mingw32/15.2.0/../../../../x86_64-w64-mingw32/bin/ld.exe: tests/CMakeFiles/ragcli_tests.dir/registry_test.cpp.obj:registry_test.cpp:(.text$_ZN6ragcli3cmd17CollectionCommand14run_collectionEv[_ZN6ragcli3cmd17CollectionCommand14run_collectionEv]+0x60f): undefined reference to `cpr::Session::Get()'
build-release-assets (windows-latest, windows, amd64, ragcli.exe)	UNKNOWN STEP	2026-07-27T16:40:21.4876900Z C:/mingw64/bin/../lib/gcc/x86_64-w64-mingw32/15.2.0/../../../../x86_64-w64-mingw32/bin/ld.exe: tests/CMakeFiles/ragcli_tests.dir/registry_test.cpp.obj:registry_test.cpp:(.text$_ZN6ragcli3cmd17CollectionCommand14run_collectionEv[_ZN6ragcli3cmd17CollectionCommand14run_collectionEv]+0x989): undefined reference to `cpr::Session::Session()'
build-release-assets (windows-latest, windows, amd64, ragcli.exe)	UNKNOWN STEP	2026-07-27T16:40:21.4881378Z C:/mingw64/bin/../lib/gcc/x86_64-w64-mingw32/15.2.0/../../../../x86_64-w64-mingw32/bin/ld.exe: tests/CMakeFiles/ragcli_tests.dir/registry_test.cpp.obj:registry_test.cpp:(.text$_ZN6ragcli3cmd17CollectionCommand14run_collectionEv[_ZN6ragcli3cmd17CollectionCommand14run_collectionEv]+0x994): undefined reference to `cpr::Session::SetOption(cpr::Url const&)'
build-release-assets (windows-latest, windows, amd64, ragcli.exe)	UNKNOWN STEP	2026-07-27T16:40:21.4885476Z C:/mingw64/bin/../lib/gcc/x86_64-w64-mingw32/15.2.0/../../../../x86_64-w64-mingw32/bin/ld.exe: tests/CMakeFiles/ragcli_tests.dir/registry_test.cpp.obj:registry_test.cpp:(.text$_ZN6ragcli3cmd17CollectionCommand14run_collectionEv[_ZN6ragcli3cmd17CollectionCommand14run_collectionEv]+0x99f): undefined reference to `cpr::Session::Get()'
build-release-assets (windows-latest, windows, amd64, ragcli.exe)	UNKNOWN STEP	2026-07-27T16:40:21.4889811Z C:/mingw64/bin/../lib/gcc/x86_64-w64-mingw32/15.2.0/../../../../x86_64-w64-mingw32/bin/ld.exe: tests/CMakeFiles/ragcli_tests.dir/registry_test.cpp.obj:registry_test.cpp:(.text$_ZNK6ragcli6qdrant12QdrantClient12upsert_pointERKSt6vectorIfSaIfEERKNS1_9PointDataE[_ZNK6ragcli6qdrant12QdrantClient12upsert_pointERKSt6vectorIfSaIfEERKNS1_9PointDataE]+0x799): undefined reference to `cpr::Session::Session()'
build-release-assets (windows-latest, windows, amd64, ragcli.exe)	UNKNOWN STEP	2026-07-27T16:40:21.4894506Z C:/mingw64/bin/../lib/gcc/x86_64-w64-mingw32/15.2.0/../../../../x86_64-w64-mingw32/bin/ld.exe: tests/CMakeFiles/ragcli_tests.dir/registry_test.cpp.obj:registry_test.cpp:(.text$_ZNK6ragcli6qdrant12QdrantClient12upsert_pointERKSt6vectorIfSaIfEERKNS1_9PointDataE[_ZNK6ragcli6qdrant12QdrantClient12upsert_pointERKSt6vectorIfSaIfEERKNS1_9PointDataE]+0x7a9): undefined reference to `cpr::Session::SetOption(cpr::Url const&)'
build-release-assets (windows-latest, windows, amd64, ragcli.exe)	UNKNOWN STEP	2026-07-27T16:40:21.4901708Z C:/mingw64/bin/../lib/gcc/x86_64-w64-mingw32/15.2.0/../../../../x86_64-w64-mingw32/bin/ld.exe: tests/CMakeFiles/ragcli_tests.dir/registry_test.cpp.obj:registry_test.cpp:(.text$_ZNK6ragcli6qdrant12QdrantClient12upsert_pointERKSt6vectorIfSaIfEERKNS1_9PointDataE[_ZNK6ragcli6qdrant12QdrantClient12upsert_pointERKSt6vectorIfSaIfEERKNS1_9PointDataE]+0x7b9): undefined reference to `cpr::Session::SetOption(std::map<std::__cxx11::basic_string<char, std::char_traits<char>, std::allocator<char> >, std::__cxx11::basic_string<char, std::char_traits<char>, std::allocator<char> >, cpr::CaseInsensitiveCompare, std::allocator<std::pair<std::__cxx11::basic_string<char, std::char_traits<char>, std::allocator<char> > const, std::__cxx11::basic_string<char, std::char_traits<char>, std::allocator<char> > > > > const&)'
build-release-assets (windows-latest, windows, amd64, ragcli.exe)	UNKNOWN STEP	2026-07-27T16:40:21.4908519Z C:/mingw64/bin/../lib/gcc/x86_64-w64-mingw32/15.2.0/../../../../x86_64-w64-mingw32/bin/ld.exe: tests/CMakeFiles/ragcli_tests.dir/registry_test.cpp.obj:registry_test.cpp:(.text$_ZNK6ragcli6qdrant12QdrantClient12upsert_pointERKSt6vectorIfSaIfEERKNS1_9PointDataE[_ZNK6ragcli6qdrant12QdrantClient12upsert_pointERKSt6vectorIfSaIfEERKNS1_9PointDataE]+0x7c9): undefined reference to `cpr::Session::SetOption(cpr::Body&&)'
build-release-assets (windows-latest, windows, amd64, ragcli.exe)	UNKNOWN STEP	2026-07-27T16:40:21.4913617Z C:/mingw64/bin/../lib/gcc/x86_64-w64-mingw32/15.2.0/../../../../x86_64-w64-mingw32/bin/ld.exe: tests/CMakeFiles/ragcli_tests.dir/registry_test.cpp.obj:registry_test.cpp:(.text$_ZNK6ragcli6qdrant12QdrantClient12upsert_pointERKSt6vectorIfSaIfEERKNS1_9PointDataE[_ZNK6ragcli6qdrant12QdrantClient12upsert_pointERKSt6vectorIfSaIfEERKNS1_9PointDataE]+0x7d9): undefined reference to `cpr::Session::Put()'
build-release-assets (windows-latest, windows, amd64, ragcli.exe)	UNKNOWN STEP	2026-07-27T16:40:21.4917526Z C:/mingw64/bin/../lib/gcc/x86_64-w64-mingw32/15.2.0/../../../../x86_64-w64-mingw32/bin/ld.exe: _deps/llm_client-build/libllm_client.a(llm_client.cpp.obj):llm_client.cpp:(.text+0xfb): undefined reference to `__imp__ZNK6spdlog7details10backtracer7enabledEv'
build-release-assets (windows-latest, windows, amd64, ragcli.exe)	UNKNOWN STEP	2026-07-27T16:40:21.4921012Z C:/mingw64/bin/../lib/gcc/x86_64-w64-mingw32/15.2.0/../../../../x86_64-w64-mingw32/bin/ld.exe: _deps/llm_client-build/libllm_client.a(llm_client.cpp.obj):llm_client.cpp:(.text+0x1b4): undefined reference to `__imp__ZN3fmt3v126detail10vformat_toERNS1_6bufferIcEENS0_17basic_string_viewIcEENS0_17basic_format_argsINS0_7contextEEENS0_10locale_refE'
build-release-assets (windows-latest, windows, amd64, ragcli.exe)	UNKNOWN STEP	2026-07-27T16:40:21.4924673Z C:/mingw64/bin/../lib/gcc/x86_64-w64-mingw32/15.2.0/../../../../x86_64-w64-mingw32/bin/ld.exe: _deps/llm_client-build/libllm_client.a(llm_client.cpp.obj):llm_client.cpp:(.text+0x222): undefined reference to `__imp__ZN6spdlog7details7log_msgC1ENS_10source_locEN3fmt3v1217basic_string_viewIcEENS_5level10level_enumES6_'
build-release-assets (windows-latest, windows, amd64, ragcli.exe)	UNKNOWN STEP	2026-07-27T16:40:21.4927944Z C:/mingw64/bin/../lib/gcc/x86_64-w64-mingw32/15.2.0/../../../../x86_64-w64-mingw32/bin/ld.exe: _deps/llm_client-build/libllm_client.a(llm_client.cpp.obj):llm_client.cpp:(.text+0x23d): undefined reference to `__imp__ZN6spdlog6logger7log_it_ERKNS_7details7log_msgEbb'
build-release-assets (windows-latest, windows, amd64, ragcli.exe)	UNKNOWN STEP	2026-07-27T16:40:21.4931253Z C:/mingw64/bin/../lib/gcc/x86_64-w64-mingw32/15.2.0/../../../../x86_64-w64-mingw32/bin/ld.exe: _deps/llm_client-build/libllm_client.a(llm_client.cpp.obj):llm_client.cpp:(.text+0xa3c): undefined reference to `__imp__ZNK6spdlog6logger12err_handler_ERKNSt7__cxx1112basic_stringIcSt11char_traitsIcESaIcEEE'
build-release-assets (windows-latest, windows, amd64, ragcli.exe)	UNKNOWN STEP	2026-07-27T16:40:21.4934998Z C:/mingw64/bin/../lib/gcc/x86_64-w64-mingw32/15.2.0/../../../../x86_64-w64-mingw32/bin/ld.exe: _deps/llm_client-build/libllm_client.a(llm_client.cpp.obj):llm_client.cpp:(.text+0xa6e): undefined reference to `__imp__ZNK6spdlog6logger12err_handler_ERKNSt7__cxx1112basic_stringIcSt11char_traitsIcESaIcEEE'
build-release-assets (windows-latest, windows, amd64, ragcli.exe)	UNKNOWN STEP	2026-07-27T16:40:21.4939615Z C:/mingw64/bin/../lib/gcc/x86_64-w64-mingw32/15.2.0/../../../../x86_64-w64-mingw32/bin/ld.exe: _deps/llm_client-build/libllm_client.a(llm_client.cpp.obj):llm_client.cpp:(.text$_ZN3fmt3v1219basic_memory_bufferIcLy250ENS0_6detail9allocatorIcEEE4growERNS2_6bufferIcEEy[_ZN3fmt3v1219basic_memory_bufferIcLy250ENS0_6detail9allocatorIcEEE4growERNS2_6bufferIcEEy]+0x2a): undefined reference to `__imp__ZN3fmt3v126detail8allocateEy'
build-release-assets (windows-latest, windows, amd64, ragcli.exe)	UNKNOWN STEP	2026-07-27T16:40:21.4944379Z C:/mingw64/bin/../lib/gcc/x86_64-w64-mingw32/15.2.0/../../../../x86_64-w64-mingw32/bin/ld.exe: _deps/llm_client-build/libllm_client.a(llm_client.cpp.obj):llm_client.cpp:(.text$_ZN6spdlog6loggerD1Ev[_ZN6spdlog6loggerD1Ev]+0xd): undefined reference to `__imp__ZTVN6spdlog6loggerE'
build-release-assets (windows-latest, windows, amd64, ragcli.exe)	UNKNOWN STEP	2026-07-27T16:40:21.4948791Z C:/mingw64/bin/../lib/gcc/x86_64-w64-mingw32/15.2.0/../../../../x86_64-w64-mingw32/bin/ld.exe: _deps/llm_client-build/libllm_client.a(llm_client.cpp.obj):llm_client.cpp:(.text$_ZNSt23_Sp_counted_ptr_inplaceIN6spdlog6loggerESaIvELN9__gnu_cxx12_Lock_policyE2EE10_M_disposeEv[_ZNSt23_Sp_counted_ptr_inplaceIN6spdlog6loggerESaIvELN9__gnu_cxx12_Lock_policyE2EE10_M_disposeEv]+0x2b): undefined reference to `__imp__ZTVN6spdlog6loggerE'
build-release-assets (windows-latest, windows, amd64, ragcli.exe)	UNKNOWN STEP	2026-07-27T16:40:21.4953833Z C:/mingw64/bin/../lib/gcc/x86_64-w64-mingw32/15.2.0/../../../../x86_64-w64-mingw32/bin/ld.exe: _deps/llm_client-build/libllm_client.a(llm_client.cpp.obj):llm_client.cpp:(.text$_ZN10llm_client6Logger3getEv[_ZN10llm_client6Logger3getEv]+0xa1): undefined reference to `spdlog::sinks::wincolor_stdout_sink<spdlog::details::console_mutex>::wincolor_stdout_sink(spdlog::color_mode)'
build-release-assets (windows-latest, windows, amd64, ragcli.exe)	UNKNOWN STEP	2026-07-27T16:40:21.4958057Z C:/mingw64/bin/../lib/gcc/x86_64-w64-mingw32/15.2.0/../../../../x86_64-w64-mingw32/bin/ld.exe: _deps/llm_client-build/libllm_client.a(llm_client.cpp.obj):llm_client.cpp:(.text$_ZN10llm_client6Logger3getEv[_ZN10llm_client6Logger3getEv]+0x216): undefined reference to `__imp__ZTVN6spdlog6loggerE'
build-release-assets (windows-latest, windows, amd64, ragcli.exe)	UNKNOWN STEP	2026-07-27T16:40:21.4961842Z C:/mingw64/bin/../lib/gcc/x86_64-w64-mingw32/15.2.0/../../../../x86_64-w64-mingw32/bin/ld.exe: _deps/llm_client-build/libllm_client.a(llm_client.cpp.obj):llm_client.cpp:(.text$_ZN10llm_client6Logger3getEv[_ZN10llm_client6Logger3getEv]+0x3b9): undefined reference to `__imp__ZN6spdlog15register_loggerESt10shared_ptrINS_6loggerEE'
build-release-assets (windows-latest, windows, amd64, ragcli.exe)	UNKNOWN STEP	2026-07-27T16:40:21.4965562Z C:/mingw64/bin/../lib/gcc/x86_64-w64-mingw32/15.2.0/../../../../x86_64-w64-mingw32/bin/ld.exe: _deps/llm_client-build/libllm_client.a(llm_client.cpp.obj):llm_client.cpp:(.text$_ZN10llm_client6Logger3getEv[_ZN10llm_client6Logger3getEv]+0x406): undefined reference to `__imp__ZN6spdlog6logger9set_levelENS_5level10level_enumE'
build-release-assets (windows-latest, windows, amd64, ragcli.exe)	UNKNOWN STEP	2026-07-27T16:40:21.4969550Z C:/mingw64/bin/../lib/gcc/x86_64-w64-mingw32/15.2.0/../../../../x86_64-w64-mingw32/bin/ld.exe: _deps/llm_client-build/libllm_client.a(llm_client.cpp.obj):llm_client.cpp:(.text$_ZN6spdlog6logger3logIA37_cEEvNS_5level10level_enumERKT_[_ZN6spdlog6logger3logIA37_cEEvNS_5level10level_enumERKT_]+0x4d): undefined reference to `__imp__ZNK6spdlog7details10backtracer7enabledEv'
build-release-assets (windows-latest, windows, amd64, ragcli.exe)	UNKNOWN STEP	2026-07-27T16:40:21.4974031Z C:/mingw64/bin/../lib/gcc/x86_64-w64-mingw32/15.2.0/../../../../x86_64-w64-mingw32/bin/ld.exe: _deps/llm_client-build/libllm_client.a(llm_client.cpp.obj):llm_client.cpp:(.text$_ZN6spdlog6logger3logIA37_cEEvNS_5level10level_enumERKT_[_ZN6spdlog6logger3logIA37_cEEvNS_5level10level_enumERKT_]+0xdf): undefined reference to `__imp__ZN6spdlog7details7log_msgC1ENS_10source_locEN3fmt3v1217basic_string_viewIcEENS_5level10level_enumES6_'
build-release-assets (windows-latest, windows, amd64, ragcli.exe)	UNKNOWN STEP	2026-07-27T16:40:21.4978713Z C:/mingw64/bin/../lib/gcc/x86_64-w64-mingw32/15.2.0/../../../../x86_64-w64-mingw32/bin/ld.exe: _deps/llm_client-build/libllm_client.a(llm_client.cpp.obj):llm_client.cpp:(.text$_ZN6spdlog6logger3logIA37_cEEvNS_5level10level_enumERKT_[_ZN6spdlog6logger3logIA37_cEEvNS_5level10level_enumERKT_]+0xfd): undefined reference to `__imp__ZN6spdlog6logger7log_it_ERKNS_7details7log_msgEbb'
build-release-assets (windows-latest, windows, amd64, ragcli.exe)	UNKNOWN STEP	2026-07-27T16:40:21.4983545Z C:/mingw64/bin/../lib/gcc/x86_64-w64-mingw32/15.2.0/../../../../x86_64-w64-mingw32/bin/ld.exe: _deps/llm_client-build/libllm_client.a(llm_client.cpp.obj):llm_client.cpp:(.text$_ZN6spdlog6logger3logIA38_cEEvNS_5level10level_enumERKT_[_ZN6spdlog6logger3logIA38_cEEvNS_5level10level_enumERKT_]+0x4d): undefined reference to `__imp__ZNK6spdlog7details10backtracer7enabledEv'
build-release-assets (windows-latest, windows, amd64, ragcli.exe)	UNKNOWN STEP	2026-07-27T16:40:21.4988524Z C:/mingw64/bin/../lib/gcc/x86_64-w64-mingw32/15.2.0/../../../../x86_64-w64-mingw32/bin/ld.exe: _deps/llm_client-build/libllm_client.a(llm_client.cpp.obj):llm_client.cpp:(.text$_ZN6spdlog6logger3logIA38_cEEvNS_5level10level_enumERKT_[_ZN6spdlog6logger3logIA38_cEEvNS_5level10level_enumERKT_]+0xdf): undefined reference to `__imp__ZN6spdlog7details7log_msgC1ENS_10source_locEN3fmt3v1217basic_string_viewIcEENS_5level10level_enumES6_'
build-release-assets (windows-latest, windows, amd64, ragcli.exe)	UNKNOWN STEP	2026-07-27T16:40:21.4993587Z C:/mingw64/bin/../lib/gcc/x86_64-w64-mingw32/15.2.0/../../../../x86_64-w64-mingw32/bin/ld.exe: _deps/llm_client-build/libllm_client.a(llm_client.cpp.obj):llm_client.cpp:(.text$_ZN6spdlog6logger3logIA38_cEEvNS_5level10level_enumERKT_[_ZN6spdlog6logger3logIA38_cEEvNS_5level10level_enumERKT_]+0xfd): undefined reference to `__imp__ZN6spdlog6logger7log_it_ERKNS_7details7log_msgEbb'
build-release-assets (windows-latest, windows, amd64, ragcli.exe)	UNKNOWN STEP	2026-07-27T16:40:21.4997086Z C:/mingw64/bin/../lib/gcc/x86_64-w64-mingw32/15.2.0/../../../../x86_64-w64-mingw32/bin/ld.exe: _deps/llm_client-build/libllm_client.a(openai_client.cpp.obj):openai_client.cpp:(.text+0x188): undefined reference to `__imp__ZNK6spdlog7details10backtracer7enabledEv'
build-release-assets (windows-latest, windows, amd64, ragcli.exe)	UNKNOWN STEP	2026-07-27T16:40:21.5004997Z C:/mingw64/bin/../lib/gcc/x86_64-w64-mingw32/15.2.0/../../../../x86_64-w64-mingw32/bin/ld.exe: _deps/llm_client-build/libllm_client.a(openai_client.cpp.obj):openai_client.cpp:(.text+0x211): undefined reference to `__imp__ZN6spdlog7details7log_msgC1ENS_10source_locEN3fmt3v1217basic_string_viewIcEENS_5level10level_enumES6_'
build-release-assets (windows-latest, windows, amd64, ragcli.exe)	UNKNOWN STEP	2026-07-27T16:40:21.5009195Z C:/mingw64/bin/../lib/gcc/x86_64-w64-mingw32/15.2.0/../../../../x86_64-w64-mingw32/bin/ld.exe: _deps/llm_client-build/libllm_client.a(openai_client.cpp.obj):openai_client.cpp:(.text+0x22f): undefined reference to `__imp__ZN6spdlog6logger7log_it_ERKNS_7details7log_msgEbb'
build-release-assets (windows-latest, windows, amd64, ragcli.exe)	UNKNOWN STEP	2026-07-27T16:40:21.5012812Z C:/mingw64/bin/../lib/gcc/x86_64-w64-mingw32/15.2.0/../../../../x86_64-w64-mingw32/bin/ld.exe: _deps/llm_client-build/libllm_client.a(openai_client.cpp.obj):openai_client.cpp:(.text+0x1c95): undefined reference to `spdlog::sinks::wincolor_stdout_sink<spdlog::details::console_mutex>::wincolor_stdout_sink(spdlog::color_mode)'
build-release-assets (windows-latest, windows, amd64, ragcli.exe)	UNKNOWN STEP	2026-07-27T16:40:21.5016201Z C:/mingw64/bin/../lib/gcc/x86_64-w64-mingw32/15.2.0/../../../../x86_64-w64-mingw32/bin/ld.exe: _deps/llm_client-build/libllm_client.a(openai_client.cpp.obj):openai_client.cpp:(.text+0x1d65): undefined reference to `__imp__ZTVN6spdlog6loggerE'
build-release-assets (windows-latest, windows, amd64, ragcli.exe)	UNKNOWN STEP	2026-07-27T16:40:21.5019815Z C:/mingw64/bin/../lib/gcc/x86_64-w64-mingw32/15.2.0/../../../../x86_64-w64-mingw32/bin/ld.exe: _deps/llm_client-build/libllm_client.a(openai_client.cpp.obj):openai_client.cpp:(.text+0x1ed2): undefined reference to `__imp__ZN6spdlog15register_loggerESt10shared_ptrINS_6loggerEE'
build-release-assets (windows-latest, windows, amd64, ragcli.exe)	UNKNOWN STEP	2026-07-27T16:40:21.5023143Z C:/mingw64/bin/../lib/gcc/x86_64-w64-mingw32/15.2.0/../../../../x86_64-w64-mingw32/bin/ld.exe: _deps/llm_client-build/libllm_client.a(openai_client.cpp.obj):openai_client.cpp:(.text+0x1eef): undefined reference to `__imp__ZN6spdlog6logger9set_levelENS_5level10level_enumE'
build-release-assets (windows-latest, windows, amd64, ragcli.exe)	UNKNOWN STEP	2026-07-27T16:40:21.5026158Z C:/mingw64/bin/../lib/gcc/x86_64-w64-mingw32/15.2.0/../../../../x86_64-w64-mingw32/bin/ld.exe: _deps/llm_client-build/libllm_client.a(openai_client.cpp.obj):openai_client.cpp:(.text+0x1fba): undefined reference to `__imp__ZTVN6spdlog6loggerE'
build-release-assets (windows-latest, windows, amd64, ragcli.exe)	UNKNOWN STEP	2026-07-27T16:40:21.5029223Z C:/mingw64/bin/../lib/gcc/x86_64-w64-mingw32/15.2.0/../../../../x86_64-w64-mingw32/bin/ld.exe: _deps/llm_client-build/libllm_client.a(openai_client.cpp.obj):openai_client.cpp:(.text+0x4eaf): undefined reference to `__imp__ZNK6spdlog7details10backtracer7enabledEv'
build-release-assets (windows-latest, windows, amd64, ragcli.exe)	UNKNOWN STEP	2026-07-27T16:40:21.5034545Z C:/mingw64/bin/../lib/gcc/x86_64-w64-mingw32/15.2.0/../../../../x86_64-w64-mingw32/bin/ld.exe: _deps/llm_client-build/libllm_client.a(openai_client.cpp.obj):openai_client.cpp:(.text+0x517b): undefined reference to `cpr::CaseInsensitiveCompare::operator()(std::__cxx11::basic_string<char, std::char_traits<char>, std::allocator<char> > const&, std::__cxx11::basic_string<char, std::char_traits<char>, std::allocator<char> > const&) const'
build-release-assets (windows-latest, windows, amd64, ragcli.exe)	UNKNOWN STEP	2026-07-27T16:40:21.5042354Z C:/mingw64/bin/../lib/gcc/x86_64-w64-mingw32/15.2.0/../../../../x86_64-w64-mingw32/bin/ld.exe: _deps/llm_client-build/libllm_client.a(openai_client.cpp.obj):openai_client.cpp:(.text+0x5249): undefined reference to `cpr::CaseInsensitiveCompare::operator()(std::__cxx11::basic_string<char, std::char_traits<char>, std::allocator<char> > const&, std::__cxx11::basic_string<char, std::char_traits<char>, std::allocator<char> > const&) const'
build-release-assets (windows-latest, windows, amd64, ragcli.exe)	UNKNOWN STEP	2026-07-27T16:40:21.5051481Z C:/mingw64/bin/../lib/gcc/x86_64-w64-mingw32/15.2.0/../../../../x86_64-w64-mingw32/bin/ld.exe: _deps/llm_client-build/libllm_client.a(openai_client.cpp.obj):openai_client.cpp:(.text+0x5287): undefined reference to `cpr::CaseInsensitiveCompare::operator()(std::__cxx11::basic_string<char, std::char_traits<char>, std::allocator<char> > const&, std::__cxx11::basic_string<char, std::char_traits<char>, std::allocator<char> > const&) const'
build-release-assets (windows-latest, windows, amd64, ragcli.exe)	UNKNOWN STEP	2026-07-27T16:40:21.5056977Z C:/mingw64/bin/../lib/gcc/x86_64-w64-mingw32/15.2.0/../../../../x86_64-w64-mingw32/bin/ld.exe: _deps/llm_client-build/libllm_client.a(openai_client.cpp.obj):openai_client.cpp:(.text+0x52ad): undefined reference to `cpr::CaseInsensitiveCompare::operator()(std::__cxx11::basic_string<char, std::char_traits<char>, std::allocator<char> > const&, std::__cxx11::basic_string<char, std::char_traits<char>, std::allocator<char> > const&) const'
build-release-assets (windows-latest, windows, amd64, ragcli.exe)	UNKNOWN STEP	2026-07-27T16:40:21.5062738Z C:/mingw64/bin/../lib/gcc/x86_64-w64-mingw32/15.2.0/../../../../x86_64-w64-mingw32/bin/ld.exe: _deps/llm_client-build/libllm_client.a(openai_client.cpp.obj):openai_client.cpp:(.text+0x5378): undefined reference to `__imp__ZN3fmt3v126detail10vformat_toERNS1_6bufferIcEENS0_17basic_string_viewIcEENS0_17basic_format_argsINS0_7contextEEENS0_10locale_refE'
build-release-assets (windows-latest, windows, amd64, ragcli.exe)	UNKNOWN STEP	2026-07-27T16:40:21.5067021Z C:/mingw64/bin/../lib/gcc/x86_64-w64-mingw32/15.2.0/../../../../x86_64-w64-mingw32/bin/ld.exe: _deps/llm_client-build/libllm_client.a(openai_client.cpp.obj):openai_client.cpp:(.text+0x5409): undefined reference to `__imp__ZN6spdlog7details7log_msgC1ENS_10source_locEN3fmt3v1217basic_string_viewIcEENS_5level10level_enumES6_'
build-release-assets (windows-latest, windows, amd64, ragcli.exe)	UNKNOWN STEP	2026-07-27T16:40:21.5070792Z C:/mingw64/bin/../lib/gcc/x86_64-w64-mingw32/15.2.0/../../../../x86_64-w64-mingw32/bin/ld.exe: _deps/llm_client-build/libllm_client.a(openai_client.cpp.obj):openai_client.cpp:(.text+0x5422): undefined reference to `__imp__ZN6spdlog6logger7log_it_ERKNS_7details7log_msgEbb'
build-release-assets (windows-latest, windows, amd64, ragcli.exe)	UNKNOWN STEP	2026-07-27T16:40:21.5075446Z C:/mingw64/bin/../lib/gcc/x86_64-w64-mingw32/15.2.0/../../../../x86_64-w64-mingw32/bin/ld.exe: _deps/llm_client-build/libllm_client.a(openai_client.cpp.obj):openai_client.cpp:(.text+0x58b3): undefined reference to `__imp__ZNK6spdlog6logger12err_handler_ERKNSt7__cxx1112basic_stringIcSt11char_traitsIcESaIcEEE'
build-release-assets (windows-latest, windows, amd64, ragcli.exe)	UNKNOWN STEP	2026-07-27T16:40:21.5079691Z C:/mingw64/bin/../lib/gcc/x86_64-w64-mingw32/15.2.0/../../../../x86_64-w64-mingw32/bin/ld.exe: _deps/llm_client-build/libllm_client.a(openai_client.cpp.obj):openai_client.cpp:(.text+0x5999): undefined reference to `__imp__ZNK6spdlog6logger12err_handler_ERKNSt7__cxx1112basic_stringIcSt11char_traitsIcESaIcEEE'
build-release-assets (windows-latest, windows, amd64, ragcli.exe)	UNKNOWN STEP	2026-07-27T16:40:21.5083249Z C:/mingw64/bin/../lib/gcc/x86_64-w64-mingw32/15.2.0/../../../../x86_64-w64-mingw32/bin/ld.exe: _deps/llm_client-build/libllm_client.a(openai_client.cpp.obj):openai_client.cpp:(.text+0x5a94): undefined reference to `__imp__ZNK6spdlog7details10backtracer7enabledEv'
build-release-assets (windows-latest, windows, amd64, ragcli.exe)	UNKNOWN STEP	2026-07-27T16:40:21.5087583Z C:/mingw64/bin/../lib/gcc/x86_64-w64-mingw32/15.2.0/../../../../x86_64-w64-mingw32/bin/ld.exe: _deps/llm_client-build/libllm_client.a(openai_client.cpp.obj):openai_client.cpp:(.text+0x5cd3): undefined reference to `cpr::CaseInsensitiveCompare::operator()(std::__cxx11::basic_string<char, std::char_traits<char>, std::allocator<char> > const&, std::__cxx11::basic_string<char, std::char_traits<char>, std::allocator<char> > const&) const'
build-release-assets (windows-latest, windows, amd64, ragcli.exe)	UNKNOWN STEP	2026-07-27T16:40:21.5093779Z C:/mingw64/bin/../lib/gcc/x86_64-w64-mingw32/15.2.0/../../../../x86_64-w64-mingw32/bin/ld.exe: _deps/llm_client-build/libllm_client.a(openai_client.cpp.obj):openai_client.cpp:(.text+0x5da1): undefined reference to `cpr::CaseInsensitiveCompare::operator()(std::__cxx11::basic_string<char, std::char_traits<char>, std::allocator<char> > const&, std::__cxx11::basic_string<char, std::char_traits<char>, std::allocator<char> > const&) const'
build-release-assets (windows-latest, windows, amd64, ragcli.exe)	UNKNOWN STEP	2026-07-27T16:40:21.5099106Z C:/mingw64/bin/../lib/gcc/x86_64-w64-mingw32/15.2.0/../../../../x86_64-w64-mingw32/bin/ld.exe: _deps/llm_client-build/libllm_client.a(openai_client.cpp.obj):openai_client.cpp:(.text+0x5ddf): undefined reference to `cpr::CaseInsensitiveCompare::operator()(std::__cxx11::basic_string<char, std::char_traits<char>, std::allocator<char> > const&, std::__cxx11::basic_string<char, std::char_traits<char>, std::allocator<char> > const&) const'
build-release-assets (windows-latest, windows, amd64, ragcli.exe)	UNKNOWN STEP	2026-07-27T16:40:21.5104656Z C:/mingw64/bin/../lib/gcc/x86_64-w64-mingw32/15.2.0/../../../../x86_64-w64-mingw32/bin/ld.exe: _deps/llm_client-build/libllm_client.a(openai_client.cpp.obj):openai_client.cpp:(.text+0x5e05): undefined reference to `cpr::CaseInsensitiveCompare::operator()(std::__cxx11::basic_string<char, std::char_traits<char>, std::allocator<char> > const&, std::__cxx11::basic_string<char, std::char_traits<char>, std::allocator<char> > const&) const'
build-release-assets (windows-latest, windows, amd64, ragcli.exe)	UNKNOWN STEP	2026-07-27T16:40:21.5110664Z C:/mingw64/bin/../lib/gcc/x86_64-w64-mingw32/15.2.0/../../../../x86_64-w64-mingw32/bin/ld.exe: _deps/llm_client-build/libllm_client.a(openai_client.cpp.obj):openai_client.cpp:(.text+0x5ed3): undefined reference to `__imp__ZN3fmt3v126detail10vformat_toERNS1_6bufferIcEENS0_17basic_string_viewIcEENS0_17basic_format_argsINS0_7contextEEENS0_10locale_refE'
build-release-assets (windows-latest, windows, amd64, ragcli.exe)	UNKNOWN STEP	2026-07-27T16:40:21.5114808Z C:/mingw64/bin/../lib/gcc/x86_64-w64-mingw32/15.2.0/../../../../x86_64-w64-mingw32/bin/ld.exe: _deps/llm_client-build/libllm_client.a(openai_client.cpp.obj):openai_client.cpp:(.text+0x5f6c): undefined reference to `__imp__ZN6spdlog7details7log_msgC1ENS_10source_locEN3fmt3v1217basic_string_viewIcEENS_5level10level_enumES6_'
build-release-assets (windows-latest, windows, amd64, ragcli.exe)	UNKNOWN STEP	2026-07-27T16:40:21.5118552Z C:/mingw64/bin/../lib/gcc/x86_64-w64-mingw32/15.2.0/../../../../x86_64-w64-mingw32/bin/ld.exe: _deps/llm_client-build/libllm_client.a(openai_client.cpp.obj):openai_client.cpp:(.text+0x5f85): undefined reference to `__imp__ZN6spdlog6logger7log_it_ERKNS_7details7log_msgEbb'
build-release-assets (windows-latest, windows, amd64, ragcli.exe)	UNKNOWN STEP	2026-07-27T16:40:21.5123689Z C:/mingw64/bin/../lib/gcc/x86_64-w64-mingw32/15.2.0/../../../../x86_64-w64-mingw32/bin/ld.exe: _deps/llm_client-build/libllm_client.a(openai_client.cpp.obj):openai_client.cpp:(.text+0x62c0): undefined reference to `__imp__ZN3fmt3v126detail10vformat_toERNS1_6bufferIcEENS0_17basic_string_viewIcEENS0_17basic_format_argsINS0_7contextEEENS0_10locale_refE'
build-release-assets (windows-latest, windows, amd64, ragcli.exe)	UNKNOWN STEP	2026-07-27T16:40:21.5128039Z C:/mingw64/bin/../lib/gcc/x86_64-w64-mingw32/15.2.0/../../../../x86_64-w64-mingw32/bin/ld.exe: _deps/llm_client-build/libllm_client.a(openai_client.cpp.obj):openai_client.cpp:(.text+0x6354): undefined reference to `__imp__ZN6spdlog7details7log_msgC1ENS_10source_locEN3fmt3v1217basic_string_viewIcEENS_5level10level_enumES6_'
build-release-assets (windows-latest, windows, amd64, ragcli.exe)	UNKNOWN STEP	2026-07-27T16:40:21.5131802Z C:/mingw64/bin/../lib/gcc/x86_64-w64-mingw32/15.2.0/../../../../x86_64-w64-mingw32/bin/ld.exe: _deps/llm_client-build/libllm_client.a(openai_client.cpp.obj):openai_client.cpp:(.text+0x636b): undefined reference to `__imp__ZN6spdlog6logger7log_it_ERKNS_7details7log_msgEbb'
build-release-assets (windows-latest, windows, amd64, ragcli.exe)	UNKNOWN STEP	2026-07-27T16:40:21.5135368Z C:/mingw64/bin/../lib/gcc/x86_64-w64-mingw32/15.2.0/../../../../x86_64-w64-mingw32/bin/ld.exe: _deps/llm_client-build/libllm_client.a(openai_client.cpp.obj):openai_client.cpp:(.text+0x6961): undefined reference to `__imp__ZNK6spdlog6logger12err_handler_ERKNSt7__cxx1112basic_stringIcSt11char_traitsIcESaIcEEE'
build-release-assets (windows-latest, windows, amd64, ragcli.exe)	UNKNOWN STEP	2026-07-27T16:40:21.5140459Z C:/mingw64/bin/../lib/gcc/x86_64-w64-mingw32/15.2.0/../../../../x86_64-w64-mingw32/bin/ld.exe: _deps/llm_client-build/libllm_client.a(openai_client.cpp.obj):openai_client.cpp:(.text+0x69be): undefined reference to `__imp__ZNK6spdlog6logger12err_handler_ERKNSt7__cxx1112basic_stringIcSt11char_traitsIcESaIcEEE'
build-release-assets (windows-latest, windows, amd64, ragcli.exe)	UNKNOWN STEP	2026-07-27T16:40:21.5144242Z C:/mingw64/bin/../lib/gcc/x86_64-w64-mingw32/15.2.0/../../../../x86_64-w64-mingw32/bin/ld.exe: _deps/llm_client-build/libllm_client.a(openai_client.cpp.obj):openai_client.cpp:(.text+0x6bbc): undefined reference to `__imp__ZNK6spdlog6logger12err_handler_ERKNSt7__cxx1112basic_stringIcSt11char_traitsIcESaIcEEE'
build-release-assets (windows-latest, windows, amd64, ragcli.exe)	UNKNOWN STEP	2026-07-27T16:40:21.5148004Z C:/mingw64/bin/../lib/gcc/x86_64-w64-mingw32/15.2.0/../../../../x86_64-w64-mingw32/bin/ld.exe: _deps/llm_client-build/libllm_client.a(openai_client.cpp.obj):openai_client.cpp:(.text+0x6e97): undefined reference to `__imp__ZNK6spdlog6logger12err_handler_ERKNSt7__cxx1112basic_stringIcSt11char_traitsIcESaIcEEE'
build-release-assets (windows-latest, windows, amd64, ragcli.exe)	UNKNOWN STEP	2026-07-27T16:40:21.5152268Z C:/mingw64/bin/../lib/gcc/x86_64-w64-mingw32/15.2.0/../../../../x86_64-w64-mingw32/bin/ld.exe: _deps/llm_client-build/libllm_client.a(openai_client.cpp.obj):openai_client.cpp:(.text+0x70f5): undefined reference to `__imp__ZNK6spdlog7details10backtracer7enabledEv'
build-release-assets (windows-latest, windows, amd64, ragcli.exe)	UNKNOWN STEP	2026-07-27T16:40:21.5156698Z C:/mingw64/bin/../lib/gcc/x86_64-w64-mingw32/15.2.0/../../../../x86_64-w64-mingw32/bin/ld.exe: _deps/llm_client-build/libllm_client.a(openai_client.cpp.obj):openai_client.cpp:(.text+0x7543): undefined reference to `cpr::CaseInsensitiveCompare::operator()(std::__cxx11::basic_string<char, std::char_traits<char>, std::allocator<char> > const&, std::__cxx11::basic_string<char, std::char_traits<char>, std::allocator<char> > const&) const'
build-release-assets (windows-latest, windows, amd64, ragcli.exe)	UNKNOWN STEP	2026-07-27T16:40:21.5162614Z C:/mingw64/bin/../lib/gcc/x86_64-w64-mingw32/15.2.0/../../../../x86_64-w64-mingw32/bin/ld.exe: _deps/llm_client-build/libllm_client.a(openai_client.cpp.obj):openai_client.cpp:(.text+0x7611): undefined reference to `cpr::CaseInsensitiveCompare::operator()(std::__cxx11::basic_string<char, std::char_traits<char>, std::allocator<char> > const&, std::__cxx11::basic_string<char, std::char_traits<char>, std::allocator<char> > const&) const'
build-release-assets (windows-latest, windows, amd64, ragcli.exe)	UNKNOWN STEP	2026-07-27T16:40:21.5168292Z C:/mingw64/bin/../lib/gcc/x86_64-w64-mingw32/15.2.0/../../../../x86_64-w64-mingw32/bin/ld.exe: _deps/llm_client-build/libllm_client.a(openai_client.cpp.obj):openai_client.cpp:(.text+0x764f): undefined reference to `cpr::CaseInsensitiveCompare::operator()(std::__cxx11::basic_string<char, std::char_traits<char>, std::allocator<char> > const&, std::__cxx11::basic_string<char, std::char_traits<char>, std::allocator<char> > const&) const'
build-release-assets (windows-latest, windows, amd64, ragcli.exe)	UNKNOWN STEP	2026-07-27T16:40:21.5173528Z C:/mingw64/bin/../lib/gcc/x86_64-w64-mingw32/15.2.0/../../../../x86_64-w64-mingw32/bin/ld.exe: _deps/llm_client-build/libllm_client.a(openai_client.cpp.obj):openai_client.cpp:(.text+0x7675): undefined reference to `cpr::CaseInsensitiveCompare::operator()(std::__cxx11::basic_string<char, std::char_traits<char>, std::allocator<char> > const&, std::__cxx11::basic_string<char, std::char_traits<char>, std::allocator<char> > const&) const'
build-release-assets (windows-latest, windows, amd64, ragcli.exe)	UNKNOWN STEP	2026-07-27T16:40:21.5178578Z C:/mingw64/bin/../lib/gcc/x86_64-w64-mingw32/15.2.0/../../../../x86_64-w64-mingw32/bin/ld.exe: _deps/llm_client-build/libllm_client.a(openai_client.cpp.obj):openai_client.cpp:(.text+0x774e): undefined reference to `__imp__ZN3fmt3v126detail10vformat_toERNS1_6bufferIcEENS0_17basic_string_viewIcEENS0_17basic_format_argsINS0_7contextEEENS0_10locale_refE'
build-release-assets (windows-latest, windows, amd64, ragcli.exe)	UNKNOWN STEP	2026-07-27T16:40:21.5182783Z C:/mingw64/bin/../lib/gcc/x86_64-w64-mingw32/15.2.0/../../../../x86_64-w64-mingw32/bin/ld.exe: _deps/llm_client-build/libllm_client.a(openai_client.cpp.obj):openai_client.cpp:(.text+0x77e2): undefined reference to `__imp__ZN6spdlog7details7log_msgC1ENS_10source_locEN3fmt3v1217basic_string_viewIcEENS_5level10level_enumES6_'
build-release-assets (windows-latest, windows, amd64, ragcli.exe)	UNKNOWN STEP	2026-07-27T16:40:21.5186368Z C:/mingw64/bin/../lib/gcc/x86_64-w64-mingw32/15.2.0/../../../../x86_64-w64-mingw32/bin/ld.exe: _deps/llm_client-build/libllm_client.a(openai_client.cpp.obj):openai_client.cpp:(.text+0x77f9): undefined reference to `__imp__ZN6spdlog6logger7log_it_ERKNS_7details7log_msgEbb'
build-release-assets (windows-latest, windows, amd64, ragcli.exe)	UNKNOWN STEP	2026-07-27T16:40:21.5194201Z C:/mingw64/bin/../lib/gcc/x86_64-w64-mingw32/15.2.0/../../../../x86_64-w64-mingw32/bin/ld.exe: _deps/llm_client-build/libllm_client.a(openai_client.cpp.obj):openai_client.cpp:(.text+0x7ae3): undefined reference to `__imp__ZN3fmt3v126detail10vformat_toERNS1_6bufferIcEENS0_17basic_string_viewIcEENS0_17basic_format_argsINS0_7contextEEENS0_10locale_refE'
build-release-assets (windows-latest, windows, amd64, ragcli.exe)	UNKNOWN STEP	2026-07-27T16:40:21.5200136Z C:/mingw64/bin/../lib/gcc/x86_64-w64-mingw32/15.2.0/../../../../x86_64-w64-mingw32/bin/ld.exe: _deps/llm_client-build/libllm_client.a(openai_client.cpp.obj):openai_client.cpp:(.text+0x7b77): undefined reference to `__imp__ZN6spdlog7details7log_msgC1ENS_10source_locEN3fmt3v1217basic_string_viewIcEENS_5level10level_enumES6_'
build-release-assets (windows-latest, windows, amd64, ragcli.exe)	UNKNOWN STEP	2026-07-27T16:40:21.5203834Z C:/mingw64/bin/../lib/gcc/x86_64-w64-mingw32/15.2.0/../../../../x86_64-w64-mingw32/bin/ld.exe: _deps/llm_client-build/libllm_client.a(openai_client.cpp.obj):openai_client.cpp:(.text+0x7b8e): undefined reference to `__imp__ZN6spdlog6logger7log_it_ERKNS_7details7log_msgEbb'
build-release-assets (windows-latest, windows, amd64, ragcli.exe)	UNKNOWN STEP	2026-07-27T16:40:21.5207378Z C:/mingw64/bin/../lib/gcc/x86_64-w64-mingw32/15.2.0/../../../../x86_64-w64-mingw32/bin/ld.exe: _deps/llm_client-build/libllm_client.a(openai_client.cpp.obj):openai_client.cpp:(.text+0x87da): undefined reference to `__imp__ZNK6spdlog6logger12err_handler_ERKNSt7__cxx1112basic_stringIcSt11char_traitsIcESaIcEEE'
build-release-assets (windows-latest, windows, amd64, ragcli.exe)	UNKNOWN STEP	2026-07-27T16:40:21.5211170Z C:/mingw64/bin/../lib/gcc/x86_64-w64-mingw32/15.2.0/../../../../x86_64-w64-mingw32/bin/ld.exe: _deps/llm_client-build/libllm_client.a(openai_client.cpp.obj):openai_client.cpp:(.text+0x8825): undefined reference to `__imp__ZNK6spdlog6logger12err_handler_ERKNSt7__cxx1112basic_stringIcSt11char_traitsIcESaIcEEE'
build-release-assets (windows-latest, windows, amd64, ragcli.exe)	UNKNOWN STEP	2026-07-27T16:40:21.5215252Z C:/mingw64/bin/../lib/gcc/x86_64-w64-mingw32/15.2.0/../../../../x86_64-w64-mingw32/bin/ld.exe: _deps/llm_client-build/libllm_client.a(openai_client.cpp.obj):openai_client.cpp:(.text+0x891f): undefined reference to `__imp__ZNK6spdlog6logger12err_handler_ERKNSt7__cxx1112basic_stringIcSt11char_traitsIcESaIcEEE'
build-release-assets (windows-latest, windows, amd64, ragcli.exe)	UNKNOWN STEP	2026-07-27T16:40:21.5219340Z C:/mingw64/bin/../lib/gcc/x86_64-w64-mingw32/15.2.0/../../../../x86_64-w64-mingw32/bin/ld.exe: _deps/llm_client-build/libllm_client.a(openai_client.cpp.obj):openai_client.cpp:(.text+0x8991): undefined reference to `__imp__ZNK6spdlog6logger12err_handler_ERKNSt7__cxx1112basic_stringIcSt11char_traitsIcESaIcEEE'
build-release-assets (windows-latest, windows, amd64, ragcli.exe)	UNKNOWN STEP	2026-07-27T16:40:21.5225167Z C:/mingw64/bin/../lib/gcc/x86_64-w64-mingw32/15.2.0/../../../../x86_64-w64-mingw32/bin/ld.exe: _deps/llm_client-build/libllm_client.a(openai_client.cpp.obj):openai_client.cpp:(.text$_ZN6spdlog6logger4log_IJRKNSt7__cxx1112basic_stringIcSt11char_traitsIcESaIcEEERS7_EEEvNS_10source_locENS_5level10level_enumEN3fmt3v1217basic_string_viewIcEEDpOT_[_ZN6spdlog6logger4log_IJRKNSt7__cxx1112basic_stringIcSt11char_traitsIcESaIcEEERS7_EEEvNS_10source_locENS_5level10level_enumEN3fmt3v1217basic_string_viewIcEEDpOT_]+0x4a): undefined reference to `__imp__ZNK6spdlog7details10backtracer7enabledEv'
build-release-assets (windows-latest, windows, amd64, ragcli.exe)	UNKNOWN STEP	2026-07-27T16:40:21.5233611Z C:/mingw64/bin/../lib/gcc/x86_64-w64-mingw32/15.2.0/../../../../x86_64-w64-mingw32/bin/ld.exe: _deps/llm_client-build/libllm_client.a(openai_client.cpp.obj):openai_client.cpp:(.text$_ZN6spdlog6logger4log_IJRKNSt7__cxx1112basic_stringIcSt11char_traitsIcESaIcEEERS7_EEEvNS_10source_locENS_5level10level_enumEN3fmt3v1217basic_string_viewIcEEDpOT_[_ZN6spdlog6logger4log_IJRKNSt7__cxx1112basic_stringIcSt11char_traitsIcESaIcEEERS7_EEEvNS_10source_locENS_5level10level_enumEN3fmt3v1217basic_string_viewIcEEDpOT_]+0x123): undefined reference to `__imp__ZN3fmt3v126detail10vformat_toERNS1_6bufferIcEENS0_17basic_string_viewIcEENS0_17basic_format_argsINS0_7contextEEENS0_10locale_refE'
build-release-assets (windows-latest, windows, amd64, ragcli.exe)	UNKNOWN STEP	2026-07-27T16:40:21.5242672Z C:/mingw64/bin/../lib/gcc/x86_64-w64-mingw32/15.2.0/../../../../x86_64-w64-mingw32/bin/ld.exe: _deps/llm_client-build/libllm_client.a(openai_client.cpp.obj):openai_client.cpp:(.text$_ZN6spdlog6logger4log_IJRKNSt7__cxx1112basic_stringIcSt11char_traitsIcESaIcEEERS7_EEEvNS_10source_locENS_5level10level_enumEN3fmt3v1217basic_string_viewIcEEDpOT_[_ZN6spdlog6logger4log_IJRKNSt7__cxx1112basic_stringIcSt11char_traitsIcESaIcEEERS7_EEEvNS_10source_locENS_5level10level_enumEN3fmt3v1217basic_string_viewIcEEDpOT_]+0x192): undefined reference to `__imp__ZN6spdlog7details7log_msgC1ENS_10source_locEN3fmt3v1217basic_string_viewIcEENS_5level10level_enumES6_'
build-release-assets (windows-latest, windows, amd64, ragcli.exe)	UNKNOWN STEP	2026-07-27T16:40:21.5250945Z C:/mingw64/bin/../lib/gcc/x86_64-w64-mingw32/15.2.0/../../../../x86_64-w64-mingw32/bin/ld.exe: _deps/llm_client-build/libllm_client.a(openai_client.cpp.obj):openai_client.cpp:(.text$_ZN6spdlog6logger4log_IJRKNSt7__cxx1112basic_stringIcSt11char_traitsIcESaIcEEERS7_EEEvNS_10source_locENS_5level10level_enumEN3fmt3v1217basic_string_viewIcEEDpOT_[_ZN6spdlog6logger4log_IJRKNSt7__cxx1112basic_stringIcSt11char_traitsIcESaIcEEERS7_EEEvNS_10source_locENS_5level10level_enumEN3fmt3v1217basic_string_viewIcEEDpOT_]+0x1ab): undefined reference to `__imp__ZN6spdlog6logger7log_it_ERKNS_7details7log_msgEbb'
build-release-assets (windows-latest, windows, amd64, ragcli.exe)	UNKNOWN STEP	2026-07-27T16:40:21.5259400Z C:/mingw64/bin/../lib/gcc/x86_64-w64-mingw32/15.2.0/../../../../x86_64-w64-mingw32/bin/ld.exe: _deps/llm_client-build/libllm_client.a(openai_client.cpp.obj):openai_client.cpp:(.text$_ZN6spdlog6logger4log_IJRKNSt7__cxx1112basic_stringIcSt11char_traitsIcESaIcEEERS7_EEEvNS_10source_locENS_5level10level_enumEN3fmt3v1217basic_string_viewIcEEDpOT_[_ZN6spdlog6logger4log_IJRKNSt7__cxx1112basic_stringIcSt11char_traitsIcESaIcEEERS7_EEEvNS_10source_locENS_5level10level_enumEN3fmt3v1217basic_string_viewIcEEDpOT_]+0x20b): undefined reference to `__imp__ZNK6spdlog6logger12err_handler_ERKNSt7__cxx1112basic_stringIcSt11char_traitsIcESaIcEEE'
build-release-assets (windows-latest, windows, amd64, ragcli.exe)	UNKNOWN STEP	2026-07-27T16:40:21.5268996Z C:/mingw64/bin/../lib/gcc/x86_64-w64-mingw32/15.2.0/../../../../x86_64-w64-mingw32/bin/ld.exe: _deps/llm_client-build/libllm_client.a(openai_client.cpp.obj):openai_client.cpp:(.text$_ZN6spdlog6logger4log_IJRKNSt7__cxx1112basic_stringIcSt11char_traitsIcESaIcEEERS7_EEEvNS_10source_locENS_5level10level_enumEN3fmt3v1217basic_string_viewIcEEDpOT_[_ZN6spdlog6logger4log_IJRKNSt7__cxx1112basic_stringIcSt11char_traitsIcESaIcEEERS7_EEEvNS_10source_locENS_5level10level_enumEN3fmt3v1217basic_string_viewIcEEDpOT_]+0x24e): undefined reference to `__imp__ZNK6spdlog6logger12err_handler_ERKNSt7__cxx1112basic_stringIcSt11char_traitsIcESaIcEEE'
build-release-assets (windows-latest, windows, amd64, ragcli.exe)	UNKNOWN STEP	2026-07-27T16:40:21.5277500Z C:/mingw64/bin/../lib/gcc/x86_64-w64-mingw32/15.2.0/../../../../x86_64-w64-mingw32/bin/ld.exe: _deps/llm_client-build/libllm_client.a(openai_client.cpp.obj):openai_client.cpp:(.text$_ZN6spdlog6logger4log_IJRKNSt7__cxx1112basic_stringIcSt11char_traitsIcESaIcEEERS7_EEEvNS_10source_locENS_5level10level_enumEN3fmt3v1217basic_string_viewIcEEDpOT_[_ZN6spdlog6logger4log_IJRKNSt7__cxx1112basic_stringIcSt11char_traitsIcESaIcEEERS7_EEEvNS_10source_locENS_5level10level_enumEN3fmt3v1217basic_string_viewIcEEDpOT_]+0x2e7): undefined reference to `__imp__ZN3fmt3v127vformatB5cxx11ENS0_17basic_string_viewIcEENS0_17basic_format_argsINS0_7contextEEE'
build-release-assets (windows-latest, windows, amd64, ragcli.exe)	UNKNOWN STEP	2026-07-27T16:40:21.5286202Z C:/mingw64/bin/../lib/gcc/x86_64-w64-mingw32/15.2.0/../../../../x86_64-w64-mingw32/bin/ld.exe: _deps/llm_client-build/libllm_client.a(openai_client.cpp.obj):openai_client.cpp:(.text$_ZN6spdlog6logger4log_IJRKNSt7__cxx1112basic_stringIcSt11char_traitsIcESaIcEEERS7_EEEvNS_10source_locENS_5level10level_enumEN3fmt3v1217basic_string_viewIcEEDpOT_[_ZN6spdlog6logger4log_IJRKNSt7__cxx1112basic_stringIcSt11char_traitsIcESaIcEEERS7_EEEvNS_10source_locENS_5level10level_enumEN3fmt3v1217basic_string_viewIcEEDpOT_]+0x2f3): undefined reference to `__imp__ZNK6spdlog6logger12err_handler_ERKNSt7__cxx1112basic_stringIcSt11char_traitsIcESaIcEEE'
build-release-assets (windows-latest, windows, amd64, ragcli.exe)	UNKNOWN STEP	2026-07-27T16:40:21.5296032Z C:/mingw64/bin/../lib/gcc/x86_64-w64-mingw32/15.2.0/../../../../x86_64-w64-mingw32/bin/ld.exe: _deps/llm_client-build/libllm_client.a(openai_client.cpp.obj):openai_client.cpp:(.text$_ZN10llm_client6detail16http_post_streamERKNSt7__cxx1112basic_stringIcSt11char_traitsIcESaIcEEERKSt3mapIS6_S6_N3cpr22CaseInsensitiveCompareESaISt4pairIS7_S6_EEERKN8nlohmann16json_abi_v3_12_010basic_jsonIS9_St6vectorS6_bxydSaNSJ_14adl_serializerESL_IhSaIhEEvEES8_St8functionIFvS8_EEii[_ZN10llm_client6detail16http_post_streamERKNSt7__cxx1112basic_stringIcSt11char_traitsIcESaIcEEERKSt3mapIS6_S6_N3cpr22CaseInsensitiveCompareESaISt4pairIS7_S6_EEERKN8nlohmann16json_abi_v3_12_010basic_jsonIS9_St6vectorS6_bxydSaNSJ_14adl_serializerESL_IhSaIhEEvEES8_St8functionIFvS8_EEii]+0x246): undefined reference to `__imp__ZNK6spdlog7details10backtracer7enabledEv'
build-release-assets (windows-latest, windows, amd64, ragcli.exe)	UNKNOWN STEP	2026-07-27T16:40:21.5307773Z C:/mingw64/bin/../lib/gcc/x86_64-w64-mingw32/15.2.0/../../../../x86_64-w64-mingw32/bin/ld.exe: _deps/llm_client-build/libllm_client.a(openai_client.cpp.obj):openai_client.cpp:(.text$_ZN10llm_client6detail16http_post_streamERKNSt7__cxx1112basic_stringIcSt11char_traitsIcESaIcEEERKSt3mapIS6_S6_N3cpr22CaseInsensitiveCompareESaISt4pairIS7_S6_EEERKN8nlohmann16json_abi_v3_12_010basic_jsonIS9_St6vectorS6_bxydSaNSJ_14adl_serializerESL_IhSaIhEEvEES8_St8functionIFvS8_EEii[_ZN10llm_client6detail16http_post_streamERKNSt7__cxx1112basic_stringIcSt11char_traitsIcESaIcEEERKSt3mapIS6_S6_N3cpr22CaseInsensitiveCompareESaISt4pairIS7_S6_EEERKN8nlohmann16json_abi_v3_12_010basic_jsonIS9_St6vectorS6_bxydSaNSJ_14adl_serializerESL_IhSaIhEEvEES8_St8functionIFvS8_EEii]+0x52a): undefined reference to `cpr::Session::Session()'
build-release-assets (windows-latest, windows, amd64, ragcli.exe)	UNKNOWN STEP	2026-07-27T16:40:21.5319147Z C:/mingw64/bin/../lib/gcc/x86_64-w64-mingw32/15.2.0/../../../../x86_64-w64-mingw32/bin/ld.exe: _deps/llm_client-build/libllm_client.a(openai_client.cpp.obj):openai_client.cpp:(.text$_ZN10llm_client6detail16http_post_streamERKNSt7__cxx1112basic_stringIcSt11char_traitsIcESaIcEEERKSt3mapIS6_S6_N3cpr22CaseInsensitiveCompareESaISt4pairIS7_S6_EEERKN8nlohmann16json_abi_v3_12_010basic_jsonIS9_St6vectorS6_bxydSaNSJ_14adl_serializerESL_IhSaIhEEvEES8_St8functionIFvS8_EEii[_ZN10llm_client6detail16http_post_streamERKNSt7__cxx1112basic_stringIcSt11char_traitsIcESaIcEEERKSt3mapIS6_S6_N3cpr22CaseInsensitiveCompareESaISt4pairIS7_S6_EEERKN8nlohmann16json_abi_v3_12_010basic_jsonIS9_St6vectorS6_bxydSaNSJ_14adl_serializerESL_IhSaIhEEvEES8_St8functionIFvS8_EEii]+0x74d): undefined reference to `cpr::Session::SetUrl(cpr::Url const&)'
build-release-assets (windows-latest, windows, amd64, ragcli.exe)	UNKNOWN STEP	2026-07-27T16:40:21.5332496Z C:/mingw64/bin/../lib/gcc/x86_64-w64-mingw32/15.2.0/../../../../x86_64-w64-mingw32/bin/ld.exe: _deps/llm_client-build/libllm_client.a(openai_client.cpp.obj):openai_client.cpp:(.text$_ZN10llm_client6detail16http_post_streamERKNSt7__cxx1112basic_stringIcSt11char_traitsIcESaIcEEERKSt3mapIS6_S6_N3cpr22CaseInsensitiveCompareESaISt4pairIS7_S6_EEERKN8nlohmann16json_abi_v3_12_010basic_jsonIS9_St6vectorS6_bxydSaNSJ_14adl_serializerESL_IhSaIhEEvEES8_St8functionIFvS8_EEii[_ZN10llm_client6detail16http_post_streamERKNSt7__cxx1112basic_stringIcSt11char_traitsIcESaIcEEERKSt3mapIS6_S6_N3cpr22CaseInsensitiveCompareESaISt4pairIS7_S6_EEERKN8nlohmann16json_abi_v3_12_010basic_jsonIS9_St6vectorS6_bxydSaNSJ_14adl_serializerESL_IhSaIhEEvEES8_St8functionIFvS8_EEii]+0x777): undefined reference to `cpr::Session::SetHeader(std::map<std::__cxx11::basic_string<char, std::char_traits<char>, std::allocator<char> >, std::__cxx11::basic_string<char, std::char_traits<char>, std::allocator<char> >, cpr::CaseInsensitiveCompare, std::allocator<std::pair<std::__cxx11::basic_string<char, std::char_traits<char>, std::allocator<char> > const, std::__cxx11::basic_string<char, std::char_traits<char>, std::allocator<char> > > > > const&)'
build-release-assets (windows-latest, windows, amd64, ragcli.exe)	UNKNOWN STEP	2026-07-27T16:40:21.5346421Z C:/mingw64/bin/../lib/gcc/x86_64-w64-mingw32/15.2.0/../../../../x86_64-w64-mingw32/bin/ld.exe: _deps/llm_client-build/libllm_client.a(openai_client.cpp.obj):openai_client.cpp:(.text$_ZN10llm_client6detail16http_post_streamERKNSt7__cxx1112basic_stringIcSt11char_traitsIcESaIcEEERKSt3mapIS6_S6_N3cpr22CaseInsensitiveCompareESaISt4pairIS7_S6_EEERKN8nlohmann16json_abi_v3_12_010basic_jsonIS9_St6vectorS6_bxydSaNSJ_14adl_serializerESL_IhSaIhEEvEES8_St8functionIFvS8_EEii[_ZN10llm_client6detail16http_post_streamERKNSt7__cxx1112basic_stringIcSt11char_traitsIcESaIcEEERKSt3mapIS6_S6_N3cpr22CaseInsensitiveCompareESaISt4pairIS7_S6_EEERKN8nlohmann16json_abi_v3_12_010basic_jsonIS9_St6vectorS6_bxydSaNSJ_14adl_serializerESL_IhSaIhEEvEES8_St8functionIFvS8_EEii]+0x9bc): undefined reference to `cpr::Session::SetBody(cpr::Body&&)'
build-release-assets (windows-latest, windows, amd64, ragcli.exe)	UNKNOWN STEP	2026-07-27T16:40:21.5358038Z C:/mingw64/bin/../lib/gcc/x86_64-w64-mingw32/15.2.0/../../../../x86_64-w64-mingw32/bin/ld.exe: _deps/llm_client-build/libllm_client.a(openai_client.cpp.obj):openai_client.cpp:(.text$_ZN10llm_client6detail16http_post_streamERKNSt7__cxx1112basic_stringIcSt11char_traitsIcESaIcEEERKSt3mapIS6_S6_N3cpr22CaseInsensitiveCompareESaISt4pairIS7_S6_EEERKN8nlohmann16json_abi_v3_12_010basic_jsonIS9_St6vectorS6_bxydSaNSJ_14adl_serializerESL_IhSaIhEEvEES8_St8functionIFvS8_EEii[_ZN10llm_client6detail16http_post_streamERKNSt7__cxx1112basic_stringIcSt11char_traitsIcESaIcEEERKSt3mapIS6_S6_N3cpr22CaseInsensitiveCompareESaISt4pairIS7_S6_EEERKN8nlohmann16json_abi_v3_12_010basic_jsonIS9_St6vectorS6_bxydSaNSJ_14adl_serializerESL_IhSaIhEEvEES8_St8functionIFvS8_EEii]+0x9f6): undefined reference to `cpr::Session::SetTimeout(cpr::Timeout const&)'
build-release-assets (windows-latest, windows, amd64, ragcli.exe)	UNKNOWN STEP	2026-07-27T16:40:21.5369404Z C:/mingw64/bin/../lib/gcc/x86_64-w64-mingw32/15.2.0/../../../../x86_64-w64-mingw32/bin/ld.exe: _deps/llm_client-build/libllm_client.a(openai_client.cpp.obj):openai_client.cpp:(.text$_ZN10llm_client6detail16http_post_streamERKNSt7__cxx1112basic_stringIcSt11char_traitsIcESaIcEEERKSt3mapIS6_S6_N3cpr22CaseInsensitiveCompareESaISt4pairIS7_S6_EEERKN8nlohmann16json_abi_v3_12_010basic_jsonIS9_St6vectorS6_bxydSaNSJ_14adl_serializerESL_IhSaIhEEvEES8_St8functionIFvS8_EEii[_ZN10llm_client6detail16http_post_streamERKNSt7__cxx1112basic_stringIcSt11char_traitsIcESaIcEEERKSt3mapIS6_S6_N3cpr22CaseInsensitiveCompareESaISt4pairIS7_S6_EEERKN8nlohmann16json_abi_v3_12_010basic_jsonIS9_St6vectorS6_bxydSaNSJ_14adl_serializerESL_IhSaIhEEvEES8_St8functionIFvS8_EEii]+0xad4): undefined reference to `cpr::Session::SetWriteCallback(cpr::WriteCallback const&)'
build-release-assets (windows-latest, windows, amd64, ragcli.exe)	UNKNOWN STEP	2026-07-27T16:40:21.5382899Z C:/mingw64/bin/../lib/gcc/x86_64-w64-mingw32/15.2.0/../../../../x86_64-w64-mingw32/bin/ld.exe: _deps/llm_client-build/libllm_client.a(openai_client.cpp.obj):openai_client.cpp:(.text$_ZN10llm_client6detail16http_post_streamERKNSt7__cxx1112basic_stringIcSt11char_traitsIcESaIcEEERKSt3mapIS6_S6_N3cpr22CaseInsensitiveCompareESaISt4pairIS7_S6_EEERKN8nlohmann16json_abi_v3_12_010basic_jsonIS9_St6vectorS6_bxydSaNSJ_14adl_serializerESL_IhSaIhEEvEES8_St8functionIFvS8_EEii[_ZN10llm_client6detail16http_post_streamERKNSt7__cxx1112basic_stringIcSt11char_traitsIcESaIcEEERKSt3mapIS6_S6_N3cpr22CaseInsensitiveCompareESaISt4pairIS7_S6_EEERKN8nlohmann16json_abi_v3_12_010basic_jsonIS9_St6vectorS6_bxydSaNSJ_14adl_serializerESL_IhSaIhEEvEES8_St8functionIFvS8_EEii]+0xb1e): undefined reference to `cpr::Session::Post()'
build-release-assets (windows-latest, windows, amd64, ragcli.exe)	UNKNOWN STEP	2026-07-27T16:40:21.5394620Z C:/mingw64/bin/../lib/gcc/x86_64-w64-mingw32/15.2.0/../../../../x86_64-w64-mingw32/bin/ld.exe: _deps/llm_client-build/libllm_client.a(openai_client.cpp.obj):openai_client.cpp:(.text$_ZN10llm_client6detail16http_post_streamERKNSt7__cxx1112basic_stringIcSt11char_traitsIcESaIcEEERKSt3mapIS6_S6_N3cpr22CaseInsensitiveCompareESaISt4pairIS7_S6_EEERKN8nlohmann16json_abi_v3_12_010basic_jsonIS9_St6vectorS6_bxydSaNSJ_14adl_serializerESL_IhSaIhEEvEES8_St8functionIFvS8_EEii[_ZN10llm_client6detail16http_post_streamERKNSt7__cxx1112basic_stringIcSt11char_traitsIcESaIcEEERKSt3mapIS6_S6_N3cpr22CaseInsensitiveCompareESaISt4pairIS7_S6_EEERKN8nlohmann16json_abi_v3_12_010basic_jsonIS9_St6vectorS6_bxydSaNSJ_14adl_serializerESL_IhSaIhEEvEES8_St8functionIFvS8_EEii]+0x149d): undefined reference to `__imp__ZN3fmt3v126detail10vformat_toERNS1_6bufferIcEENS0_17basic_string_viewIcEENS0_17basic_format_argsINS0_7contextEEENS0_10locale_refE'
build-release-assets (windows-latest, windows, amd64, ragcli.exe)	UNKNOWN STEP	2026-07-27T16:40:21.5407169Z C:/mingw64/bin/../lib/gcc/x86_64-w64-mingw32/15.2.0/../../../../x86_64-w64-mingw32/bin/ld.exe: _deps/llm_client-build/libllm_client.a(openai_client.cpp.obj):openai_client.cpp:(.text$_ZN10llm_client6detail16http_post_streamERKNSt7__cxx1112basic_stringIcSt11char_traitsIcESaIcEEERKSt3mapIS6_S6_N3cpr22CaseInsensitiveCompareESaISt4pairIS7_S6_EEERKN8nlohmann16json_abi_v3_12_010basic_jsonIS9_St6vectorS6_bxydSaNSJ_14adl_serializerESL_IhSaIhEEvEES8_St8functionIFvS8_EEii[_ZN10llm_client6detail16http_post_streamERKNSt7__cxx1112basic_stringIcSt11char_traitsIcESaIcEEERKSt3mapIS6_S6_N3cpr22CaseInsensitiveCompareESaISt4pairIS7_S6_EEERKN8nlohmann16json_abi_v3_12_010basic_jsonIS9_St6vectorS6_bxydSaNSJ_14adl_serializerESL_IhSaIhEEvEES8_St8functionIFvS8_EEii]+0x152e): undefined reference to `__imp__ZN6spdlog7details7log_msgC1ENS_10source_locEN3fmt3v1217basic_string_viewIcEENS_5level10level_enumES6_'
build-release-assets (windows-latest, windows, amd64, ragcli.exe)	UNKNOWN STEP	2026-07-27T16:40:21.5419149Z C:/mingw64/bin/../lib/gcc/x86_64-w64-mingw32/15.2.0/../../../../x86_64-w64-mingw32/bin/ld.exe: _deps/llm_client-build/libllm_client.a(openai_client.cpp.obj):openai_client.cpp:(.text$_ZN10llm_client6detail16http_post_streamERKNSt7__cxx1112basic_stringIcSt11char_traitsIcESaIcEEERKSt3mapIS6_S6_N3cpr22CaseInsensitiveCompareESaISt4pairIS7_S6_EEERKN8nlohmann16json_abi_v3_12_010basic_jsonIS9_St6vectorS6_bxydSaNSJ_14adl_serializerESL_IhSaIhEEvEES8_St8functionIFvS8_EEii[_ZN10llm_client6detail16http_post_streamERKNSt7__cxx1112basic_stringIcSt11char_traitsIcESaIcEEERKSt3mapIS6_S6_N3cpr22CaseInsensitiveCompareESaISt4pairIS7_S6_EEERKN8nlohmann16json_abi_v3_12_010basic_jsonIS9_St6vectorS6_bxydSaNSJ_14adl_serializerESL_IhSaIhEEvEES8_St8functionIFvS8_EEii]+0x1545): undefined reference to `__imp__ZN6spdlog6logger7log_it_ERKNS_7details7log_msgEbb'
build-release-assets (windows-latest, windows, amd64, ragcli.exe)	UNKNOWN STEP	2026-07-27T16:40:21.5431190Z C:/mingw64/bin/../lib/gcc/x86_64-w64-mingw32/15.2.0/../../../../x86_64-w64-mingw32/bin/ld.exe: _deps/llm_client-build/libllm_client.a(openai_client.cpp.obj):openai_client.cpp:(.text$_ZN10llm_client6detail16http_post_streamERKNSt7__cxx1112basic_stringIcSt11char_traitsIcESaIcEEERKSt3mapIS6_S6_N3cpr22CaseInsensitiveCompareESaISt4pairIS7_S6_EEERKN8nlohmann16json_abi_v3_12_010basic_jsonIS9_St6vectorS6_bxydSaNSJ_14adl_serializerESL_IhSaIhEEvEES8_St8functionIFvS8_EEii[_ZN10llm_client6detail16http_post_streamERKNSt7__cxx1112basic_stringIcSt11char_traitsIcESaIcEEERKSt3mapIS6_S6_N3cpr22CaseInsensitiveCompareESaISt4pairIS7_S6_EEERKN8nlohmann16json_abi_v3_12_010basic_jsonIS9_St6vectorS6_bxydSaNSJ_14adl_serializerESL_IhSaIhEEvEES8_St8functionIFvS8_EEii]+0x1647): undefined reference to `__imp__ZN3fmt3v126detail10vformat_toERNS1_6bufferIcEENS0_17basic_string_viewIcEENS0_17basic_format_argsINS0_7contextEEENS0_10locale_refE'
build-release-assets (windows-latest, windows, amd64, ragcli.exe)	UNKNOWN STEP	2026-07-27T16:40:21.5443894Z C:/mingw64/bin/../lib/gcc/x86_64-w64-mingw32/15.2.0/../../../../x86_64-w64-mingw32/bin/ld.exe: _deps/llm_client-build/libllm_client.a(openai_client.cpp.obj):openai_client.cpp:(.text$_ZN10llm_client6detail16http_post_streamERKNSt7__cxx1112basic_stringIcSt11char_traitsIcESaIcEEERKSt3mapIS6_S6_N3cpr22CaseInsensitiveCompareESaISt4pairIS7_S6_EEERKN8nlohmann16json_abi_v3_12_010basic_jsonIS9_St6vectorS6_bxydSaNSJ_14adl_serializerESL_IhSaIhEEvEES8_St8functionIFvS8_EEii[_ZN10llm_client6detail16http_post_streamERKNSt7__cxx1112basic_stringIcSt11char_traitsIcESaIcEEERKSt3mapIS6_S6_N3cpr22CaseInsensitiveCompareESaISt4pairIS7_S6_EEERKN8nlohmann16json_abi_v3_12_010basic_jsonIS9_St6vectorS6_bxydSaNSJ_14adl_serializerESL_IhSaIhEEvEES8_St8functionIFvS8_EEii]+0x16db): undefined reference to `__imp__ZN6spdlog7details7log_msgC1ENS_10source_locEN3fmt3v1217basic_string_viewIcEENS_5level10level_enumES6_'
build-release-assets (windows-latest, windows, amd64, ragcli.exe)	UNKNOWN STEP	2026-07-27T16:40:21.5455644Z C:/mingw64/bin/../lib/gcc/x86_64-w64-mingw32/15.2.0/../../../../x86_64-w64-mingw32/bin/ld.exe: _deps/llm_client-build/libllm_client.a(openai_client.cpp.obj):openai_client.cpp:(.text$_ZN10llm_client6detail16http_post_streamERKNSt7__cxx1112basic_stringIcSt11char_traitsIcESaIcEEERKSt3mapIS6_S6_N3cpr22CaseInsensitiveCompareESaISt4pairIS7_S6_EEERKN8nlohmann16json_abi_v3_12_010basic_jsonIS9_St6vectorS6_bxydSaNSJ_14adl_serializerESL_IhSaIhEEvEES8_St8functionIFvS8_EEii[_ZN10llm_client6detail16http_post_streamERKNSt7__cxx1112basic_stringIcSt11char_traitsIcESaIcEEERKSt3mapIS6_S6_N3cpr22CaseInsensitiveCompareESaISt4pairIS7_S6_EEERKN8nlohmann16json_abi_v3_12_010basic_jsonIS9_St6vectorS6_bxydSaNSJ_14adl_serializerESL_IhSaIhEEvEES8_St8functionIFvS8_EEii]+0x16f2): undefined reference to `__imp__ZN6spdlog6logger7log_it_ERKNS_7details7log_msgEbb'
build-release-assets (windows-latest, windows, amd64, ragcli.exe)	UNKNOWN STEP	2026-07-27T16:40:21.5468080Z C:/mingw64/bin/../lib/gcc/x86_64-w64-mingw32/15.2.0/../../../../x86_64-w64-mingw32/bin/ld.exe: _deps/llm_client-build/libllm_client.a(openai_client.cpp.obj):openai_client.cpp:(.text$_ZN10llm_client6detail16http_post_streamERKNSt7__cxx1112basic_stringIcSt11char_traitsIcESaIcEEERKSt3mapIS6_S6_N3cpr22CaseInsensitiveCompareESaISt4pairIS7_S6_EEERKN8nlohmann16json_abi_v3_12_010basic_jsonIS9_St6vectorS6_bxydSaNSJ_14adl_serializerESL_IhSaIhEEvEES8_St8functionIFvS8_EEii[_ZN10llm_client6detail16http_post_streamERKNSt7__cxx1112basic_stringIcSt11char_traitsIcESaIcEEERKSt3mapIS6_S6_N3cpr22CaseInsensitiveCompareESaISt4pairIS7_S6_EEERKN8nlohmann16json_abi_v3_12_010basic_jsonIS9_St6vectorS6_bxydSaNSJ_14adl_serializerESL_IhSaIhEEvEES8_St8functionIFvS8_EEii]+0x17b4): undefined reference to `cpr::CaseInsensitiveCompare::operator()(std::__cxx11::basic_string<char, std::char_traits<char>, std::allocator<char> > const&, std::__cxx11::basic_string<char, std::char_traits<char>, std::allocator<char> > const&) const'
build-release-assets (windows-latest, windows, amd64, ragcli.exe)	UNKNOWN STEP	2026-07-27T16:40:21.5481926Z C:/mingw64/bin/../lib/gcc/x86_64-w64-mingw32/15.2.0/../../../../x86_64-w64-mingw32/bin/ld.exe: _deps/llm_client-build/libllm_client.a(openai_client.cpp.obj):openai_client.cpp:(.text$_ZN10llm_client6detail16http_post_streamERKNSt7__cxx1112basic_stringIcSt11char_traitsIcESaIcEEERKSt3mapIS6_S6_N3cpr22CaseInsensitiveCompareESaISt4pairIS7_S6_EEERKN8nlohmann16json_abi_v3_12_010basic_jsonIS9_St6vectorS6_bxydSaNSJ_14adl_serializerESL_IhSaIhEEvEES8_St8functionIFvS8_EEii[_ZN10llm_client6detail16http_post_streamERKNSt7__cxx1112basic_stringIcSt11char_traitsIcESaIcEEERKSt3mapIS6_S6_N3cpr22CaseInsensitiveCompareESaISt4pairIS7_S6_EEERKN8nlohmann16json_abi_v3_12_010basic_jsonIS9_St6vectorS6_bxydSaNSJ_14adl_serializerESL_IhSaIhEEvEES8_St8functionIFvS8_EEii]+0x17e9): undefined reference to `cpr::CaseInsensitiveCompare::operator()(std::__cxx11::basic_string<char, std::char_traits<char>, std::allocator<char> > const&, std::__cxx11::basic_string<char, std::char_traits<char>, std::allocator<char> > const&) const'
build-release-assets (windows-latest, windows, amd64, ragcli.exe)	UNKNOWN STEP	2026-07-27T16:40:21.5494604Z C:/mingw64/bin/../lib/gcc/x86_64-w64-mingw32/15.2.0/../../../../x86_64-w64-mingw32/bin/ld.exe: _deps/llm_client-build/libllm_client.a(openai_client.cpp.obj):openai_client.cpp:(.text$_ZN10llm_client6detail16http_post_streamERKNSt7__cxx1112basic_stringIcSt11char_traitsIcESaIcEEERKSt3mapIS6_S6_N3cpr22CaseInsensitiveCompareESaISt4pairIS7_S6_EEERKN8nlohmann16json_abi_v3_12_010basic_jsonIS9_St6vectorS6_bxydSaNSJ_14adl_serializerESL_IhSaIhEEvEES8_St8functionIFvS8_EEii[_ZN10llm_client6detail16http_post_streamERKNSt7__cxx1112basic_stringIcSt11char_traitsIcESaIcEEERKSt3mapIS6_S6_N3cpr22CaseInsensitiveCompareESaISt4pairIS7_S6_EEERKN8nlohmann16json_abi_v3_12_010basic_jsonIS9_St6vectorS6_bxydSaNSJ_14adl_serializerESL_IhSaIhEEvEES8_St8functionIFvS8_EEii]+0x19fa): undefined reference to `__imp__ZN3fmt3v126detail10vformat_toERNS1_6bufferIcEENS0_17basic_string_viewIcEENS0_17basic_format_argsINS0_7contextEEENS0_10locale_refE'
build-release-assets (windows-latest, windows, amd64, ragcli.exe)	UNKNOWN STEP	2026-07-27T16:40:21.5507004Z C:/mingw64/bin/../lib/gcc/x86_64-w64-mingw32/15.2.0/../../../../x86_64-w64-mingw32/bin/ld.exe: _deps/llm_client-build/libllm_client.a(openai_client.cpp.obj):openai_client.cpp:(.text$_ZN10llm_client6detail16http_post_streamERKNSt7__cxx1112basic_stringIcSt11char_traitsIcESaIcEEERKSt3mapIS6_S6_N3cpr22CaseInsensitiveCompareESaISt4pairIS7_S6_EEERKN8nlohmann16json_abi_v3_12_010basic_jsonIS9_St6vectorS6_bxydSaNSJ_14adl_serializerESL_IhSaIhEEvEES8_St8functionIFvS8_EEii[_ZN10llm_client6detail16http_post_streamERKNSt7__cxx1112basic_stringIcSt11char_traitsIcESaIcEEERKSt3mapIS6_S6_N3cpr22CaseInsensitiveCompareESaISt4pairIS7_S6_EEERKN8nlohmann16json_abi_v3_12_010basic_jsonIS9_St6vectorS6_bxydSaNSJ_14adl_serializerESL_IhSaIhEEvEES8_St8functionIFvS8_EEii]+0x1a93): undefined reference to `__imp__ZN6spdlog7details7log_msgC1ENS_10source_locEN3fmt3v1217basic_string_viewIcEENS_5level10level_enumES6_'
build-release-assets (windows-latest, windows, amd64, ragcli.exe)	UNKNOWN STEP	2026-07-27T16:40:21.5518603Z C:/mingw64/bin/../lib/gcc/x86_64-w64-mingw32/15.2.0/../../../../x86_64-w64-mingw32/bin/ld.exe: _deps/llm_client-build/libllm_client.a(openai_client.cpp.obj):openai_client.cpp:(.text$_ZN10llm_client6detail16http_post_streamERKNSt7__cxx1112basic_stringIcSt11char_traitsIcESaIcEEERKSt3mapIS6_S6_N3cpr22CaseInsensitiveCompareESaISt4pairIS7_S6_EEERKN8nlohmann16json_abi_v3_12_010basic_jsonIS9_St6vectorS6_bxydSaNSJ_14adl_serializerESL_IhSaIhEEvEES8_St8functionIFvS8_EEii[_ZN10llm_client6detail16http_post_streamERKNSt7__cxx1112basic_stringIcSt11char_traitsIcESaIcEEERKSt3mapIS6_S6_N3cpr22CaseInsensitiveCompareESaISt4pairIS7_S6_EEERKN8nlohmann16json_abi_v3_12_010basic_jsonIS9_St6vectorS6_bxydSaNSJ_14adl_serializerESL_IhSaIhEEvEES8_St8functionIFvS8_EEii]+0x1aac): undefined reference to `__imp__ZN6spdlog6logger7log_it_ERKNS_7details7log_msgEbb'
build-release-assets (windows-latest, windows, amd64, ragcli.exe)	UNKNOWN STEP	2026-07-27T16:40:21.5530628Z C:/mingw64/bin/../lib/gcc/x86_64-w64-mingw32/15.2.0/../../../../x86_64-w64-mingw32/bin/ld.exe: _deps/llm_client-build/libllm_client.a(openai_client.cpp.obj):openai_client.cpp:(.text$_ZN10llm_client6detail16http_post_streamERKNSt7__cxx1112basic_stringIcSt11char_traitsIcESaIcEEERKSt3mapIS6_S6_N3cpr22CaseInsensitiveCompareESaISt4pairIS7_S6_EEERKN8nlohmann16json_abi_v3_12_010basic_jsonIS9_St6vectorS6_bxydSaNSJ_14adl_serializerESL_IhSaIhEEvEES8_St8functionIFvS8_EEii[_ZN10llm_client6detail16http_post_streamERKNSt7__cxx1112basic_stringIcSt11char_traitsIcESaIcEEERKSt3mapIS6_S6_N3cpr22CaseInsensitiveCompareESaISt4pairIS7_S6_EEERKN8nlohmann16json_abi_v3_12_010basic_jsonIS9_St6vectorS6_bxydSaNSJ_14adl_serializerESL_IhSaIhEEvEES8_St8functionIFvS8_EEii]+0x1cce): undefined reference to `__imp__ZN3fmt3v126detail10vformat_toERNS1_6bufferIcEENS0_17basic_string_viewIcEENS0_17basic_format_argsINS0_7contextEEENS0_10locale_refE'
build-release-assets (windows-latest, windows, amd64, ragcli.exe)	UNKNOWN STEP	2026-07-27T16:40:21.5544956Z C:/mingw64/bin/../lib/gcc/x86_64-w64-mingw32/15.2.0/../../../../x86_64-w64-mingw32/bin/ld.exe: _deps/llm_client-build/libllm_client.a(openai_client.cpp.obj):openai_client.cpp:(.text$_ZN10llm_client6detail16http_post_streamERKNSt7__cxx1112basic_stringIcSt11char_traitsIcESaIcEEERKSt3mapIS6_S6_N3cpr22CaseInsensitiveCompareESaISt4pairIS7_S6_EEERKN8nlohmann16json_abi_v3_12_010basic_jsonIS9_St6vectorS6_bxydSaNSJ_14adl_serializerESL_IhSaIhEEvEES8_St8functionIFvS8_EEii[_ZN10llm_client6detail16http_post_streamERKNSt7__cxx1112basic_stringIcSt11char_traitsIcESaIcEEERKSt3mapIS6_S6_N3cpr22CaseInsensitiveCompareESaISt4pairIS7_S6_EEERKN8nlohmann16json_abi_v3_12_010basic_jsonIS9_St6vectorS6_bxydSaNSJ_14adl_serializerESL_IhSaIhEEvEES8_St8functionIFvS8_EEii]+0x1d62): undefined reference to `__imp__ZN6spdlog7details7log_msgC1ENS_10source_locEN3fmt3v1217basic_string_viewIcEENS_5level10level_enumES6_'
build-release-assets (windows-latest, windows, amd64, ragcli.exe)	UNKNOWN STEP	2026-07-27T16:40:21.5556590Z C:/mingw64/bin/../lib/gcc/x86_64-w64-mingw32/15.2.0/../../../../x86_64-w64-mingw32/bin/ld.exe: _deps/llm_client-build/libllm_client.a(openai_client.cpp.obj):openai_client.cpp:(.text$_ZN10llm_client6detail16http_post_streamERKNSt7__cxx1112basic_stringIcSt11char_traitsIcESaIcEEERKSt3mapIS6_S6_N3cpr22CaseInsensitiveCompareESaISt4pairIS7_S6_EEERKN8nlohmann16json_abi_v3_12_010basic_jsonIS9_St6vectorS6_bxydSaNSJ_14adl_serializerESL_IhSaIhEEvEES8_St8functionIFvS8_EEii[_ZN10llm_client6detail16http_post_streamERKNSt7__cxx1112basic_stringIcSt11char_traitsIcESaIcEEERKSt3mapIS6_S6_N3cpr22CaseInsensitiveCompareESaISt4pairIS7_S6_EEERKN8nlohmann16json_abi_v3_12_010basic_jsonIS9_St6vectorS6_bxydSaNSJ_14adl_serializerESL_IhSaIhEEvEES8_St8functionIFvS8_EEii]+0x1d79): undefined reference to `__imp__ZN6spdlog6logger7log_it_ERKNS_7details7log_msgEbb'
build-release-assets (windows-latest, windows, amd64, ragcli.exe)	UNKNOWN STEP	2026-07-27T16:40:21.5568641Z C:/mingw64/bin/../lib/gcc/x86_64-w64-mingw32/15.2.0/../../../../x86_64-w64-mingw32/bin/ld.exe: _deps/llm_client-build/libllm_client.a(openai_client.cpp.obj):openai_client.cpp:(.text$_ZN10llm_client6detail16http_post_streamERKNSt7__cxx1112basic_stringIcSt11char_traitsIcESaIcEEERKSt3mapIS6_S6_N3cpr22CaseInsensitiveCompareESaISt4pairIS7_S6_EEERKN8nlohmann16json_abi_v3_12_010basic_jsonIS9_St6vectorS6_bxydSaNSJ_14adl_serializerESL_IhSaIhEEvEES8_St8functionIFvS8_EEii[_ZN10llm_client6detail16http_post_streamERKNSt7__cxx1112basic_stringIcSt11char_traitsIcESaIcEEERKSt3mapIS6_S6_N3cpr22CaseInsensitiveCompareESaISt4pairIS7_S6_EEERKN8nlohmann16json_abi_v3_12_010basic_jsonIS9_St6vectorS6_bxydSaNSJ_14adl_serializerESL_IhSaIhEEvEES8_St8functionIFvS8_EEii]+0x29e6): undefined reference to `__imp__ZN3fmt3v126detail10vformat_toERNS1_6bufferIcEENS0_17basic_string_viewIcEENS0_17basic_format_argsINS0_7contextEEENS0_10locale_refE'
build-release-assets (windows-latest, windows, amd64, ragcli.exe)	UNKNOWN STEP	2026-07-27T16:40:21.5581198Z C:/mingw64/bin/../lib/gcc/x86_64-w64-mingw32/15.2.0/../../../../x86_64-w64-mingw32/bin/ld.exe: _deps/llm_client-build/libllm_client.a(openai_client.cpp.obj):openai_client.cpp:(.text$_ZN10llm_client6detail16http_post_streamERKNSt7__cxx1112basic_stringIcSt11char_traitsIcESaIcEEERKSt3mapIS6_S6_N3cpr22CaseInsensitiveCompareESaISt4pairIS7_S6_EEERKN8nlohmann16json_abi_v3_12_010basic_jsonIS9_St6vectorS6_bxydSaNSJ_14adl_serializerESL_IhSaIhEEvEES8_St8functionIFvS8_EEii[_ZN10llm_client6detail16http_post_streamERKNSt7__cxx1112basic_stringIcSt11char_traitsIcESaIcEEERKSt3mapIS6_S6_N3cpr22CaseInsensitiveCompareESaISt4pairIS7_S6_EEERKN8nlohmann16json_abi_v3_12_010basic_jsonIS9_St6vectorS6_bxydSaNSJ_14adl_serializerESL_IhSaIhEEvEES8_St8functionIFvS8_EEii]+0x2a7a): undefined reference to `__imp__ZN6spdlog7details7log_msgC1ENS_10source_locEN3fmt3v1217basic_string_viewIcEENS_5level10level_enumES6_'
build-release-assets (windows-latest, windows, amd64, ragcli.exe)	UNKNOWN STEP	2026-07-27T16:40:21.5593026Z C:/mingw64/bin/../lib/gcc/x86_64-w64-mingw32/15.2.0/../../../../x86_64-w64-mingw32/bin/ld.exe: _deps/llm_client-build/libllm_client.a(openai_client.cpp.obj):openai_client.cpp:(.text$_ZN10llm_client6detail16http_post_streamERKNSt7__cxx1112basic_stringIcSt11char_traitsIcESaIcEEERKSt3mapIS6_S6_N3cpr22CaseInsensitiveCompareESaISt4pairIS7_S6_EEERKN8nlohmann16json_abi_v3_12_010basic_jsonIS9_St6vectorS6_bxydSaNSJ_14adl_serializerESL_IhSaIhEEvEES8_St8functionIFvS8_EEii[_ZN10llm_client6detail16http_post_streamERKNSt7__cxx1112basic_stringIcSt11char_traitsIcESaIcEEERKSt3mapIS6_S6_N3cpr22CaseInsensitiveCompareESaISt4pairIS7_S6_EEERKN8nlohmann16json_abi_v3_12_010basic_jsonIS9_St6vectorS6_bxydSaNSJ_14adl_serializerESL_IhSaIhEEvEES8_St8functionIFvS8_EEii]+0x2a91): undefined reference to `__imp__ZN6spdlog6logger7log_it_ERKNS_7details7log_msgEbb'
build-release-assets (windows-latest, windows, amd64, ragcli.exe)	UNKNOWN STEP	2026-07-27T16:40:21.5605072Z C:/mingw64/bin/../lib/gcc/x86_64-w64-mingw32/15.2.0/../../../../x86_64-w64-mingw32/bin/ld.exe: _deps/llm_client-build/libllm_client.a(openai_client.cpp.obj):openai_client.cpp:(.text$_ZN10llm_client6detail16http_post_streamERKNSt7__cxx1112basic_stringIcSt11char_traitsIcESaIcEEERKSt3mapIS6_S6_N3cpr22CaseInsensitiveCompareESaISt4pairIS7_S6_EEERKN8nlohmann16json_abi_v3_12_010basic_jsonIS9_St6vectorS6_bxydSaNSJ_14adl_serializerESL_IhSaIhEEvEES8_St8functionIFvS8_EEii[_ZN10llm_client6detail16http_post_streamERKNSt7__cxx1112basic_stringIcSt11char_traitsIcESaIcEEERKSt3mapIS6_S6_N3cpr22CaseInsensitiveCompareESaISt4pairIS7_S6_EEERKN8nlohmann16json_abi_v3_12_010basic_jsonIS9_St6vectorS6_bxydSaNSJ_14adl_serializerESL_IhSaIhEEvEES8_St8functionIFvS8_EEii]+0x3019): undefined reference to `__imp__ZNK6spdlog6logger12err_handler_ERKNSt7__cxx1112basic_stringIcSt11char_traitsIcESaIcEEE'
build-release-assets (windows-latest, windows, amd64, ragcli.exe)	UNKNOWN STEP	2026-07-27T16:40:21.5616430Z C:/mingw64/bin/../lib/gcc/x86_64-w64-mingw32/15.2.0/../../../../x86_64-w64-mingw32/bin/ld.exe: _deps/llm_client-build/libllm_client.a(openai_client.cpp.obj):openai_client.cpp:(.text$_ZN10llm_client6detail16http_post_streamERKNSt7__cxx1112basic_stringIcSt11char_traitsIcESaIcEEERKSt3mapIS6_S6_N3cpr22CaseInsensitiveCompareESaISt4pairIS7_S6_EEERKN8nlohmann16json_abi_v3_12_010basic_jsonIS9_St6vectorS6_bxydSaNSJ_14adl_serializerESL_IhSaIhEEvEES8_St8functionIFvS8_EEii[_ZN10llm_client6detail16http_post_streamERKNSt7__cxx1112basic_stringIcSt11char_traitsIcESaIcEEERKSt3mapIS6_S6_N3cpr22CaseInsensitiveCompareESaISt4pairIS7_S6_EEERKN8nlohmann16json_abi_v3_12_010basic_jsonIS9_St6vectorS6_bxydSaNSJ_14adl_serializerESL_IhSaIhEEvEES8_St8functionIFvS8_EEii]+0x30c0): undefined reference to `__imp__ZNK6spdlog6logger12err_handler_ERKNSt7__cxx1112basic_stringIcSt11char_traitsIcESaIcEEE'
build-release-assets (windows-latest, windows, amd64, ragcli.exe)	UNKNOWN STEP	2026-07-27T16:40:21.5628335Z C:/mingw64/bin/../lib/gcc/x86_64-w64-mingw32/15.2.0/../../../../x86_64-w64-mingw32/bin/ld.exe: _deps/llm_client-build/libllm_client.a(openai_client.cpp.obj):openai_client.cpp:(.text$_ZN10llm_client6detail16http_post_streamERKNSt7__cxx1112basic_stringIcSt11char_traitsIcESaIcEEERKSt3mapIS6_S6_N3cpr22CaseInsensitiveCompareESaISt4pairIS7_S6_EEERKN8nlohmann16json_abi_v3_12_010basic_jsonIS9_St6vectorS6_bxydSaNSJ_14adl_serializerESL_IhSaIhEEvEES8_St8functionIFvS8_EEii[_ZN10llm_client6detail16http_post_streamERKNSt7__cxx1112basic_stringIcSt11char_traitsIcESaIcEEERKSt3mapIS6_S6_N3cpr22CaseInsensitiveCompareESaISt4pairIS7_S6_EEERKN8nlohmann16json_abi_v3_12_010basic_jsonIS9_St6vectorS6_bxydSaNSJ_14adl_serializerESL_IhSaIhEEvEES8_St8functionIFvS8_EEii]+0x311c): undefined reference to `__imp__ZNK6spdlog6logger12err_handler_ERKNSt7__cxx1112basic_stringIcSt11char_traitsIcESaIcEEE'
build-release-assets (windows-latest, windows, amd64, ragcli.exe)	UNKNOWN STEP	2026-07-27T16:40:21.5640299Z C:/mingw64/bin/../lib/gcc/x86_64-w64-mingw32/15.2.0/../../../../x86_64-w64-mingw32/bin/ld.exe: _deps/llm_client-build/libllm_client.a(openai_client.cpp.obj):openai_client.cpp:(.text$_ZN10llm_client6detail16http_post_streamERKNSt7__cxx1112basic_stringIcSt11char_traitsIcESaIcEEERKSt3mapIS6_S6_N3cpr22CaseInsensitiveCompareESaISt4pairIS7_S6_EEERKN8nlohmann16json_abi_v3_12_010basic_jsonIS9_St6vectorS6_bxydSaNSJ_14adl_serializerESL_IhSaIhEEvEES8_St8functionIFvS8_EEii[_ZN10llm_client6detail16http_post_streamERKNSt7__cxx1112basic_stringIcSt11char_traitsIcESaIcEEERKSt3mapIS6_S6_N3cpr22CaseInsensitiveCompareESaISt4pairIS7_S6_EEERKN8nlohmann16json_abi_v3_12_010basic_jsonIS9_St6vectorS6_bxydSaNSJ_14adl_serializerESL_IhSaIhEEvEES8_St8functionIFvS8_EEii]+0x3160): undefined reference to `__imp__ZNK6spdlog6logger12err_handler_ERKNSt7__cxx1112basic_stringIcSt11char_traitsIcESaIcEEE'
build-release-assets (windows-latest, windows, amd64, ragcli.exe)	UNKNOWN STEP	2026-07-27T16:40:21.5652407Z C:/mingw64/bin/../lib/gcc/x86_64-w64-mingw32/15.2.0/../../../../x86_64-w64-mingw32/bin/ld.exe: _deps/llm_client-build/libllm_client.a(openai_client.cpp.obj):openai_client.cpp:(.text$_ZN10llm_client6detail16http_post_streamERKNSt7__cxx1112basic_stringIcSt11char_traitsIcESaIcEEERKSt3mapIS6_S6_N3cpr22CaseInsensitiveCompareESaISt4pairIS7_S6_EEERKN8nlohmann16json_abi_v3_12_010basic_jsonIS9_St6vectorS6_bxydSaNSJ_14adl_serializerESL_IhSaIhEEvEES8_St8functionIFvS8_EEii[_ZN10llm_client6detail16http_post_streamERKNSt7__cxx1112basic_stringIcSt11char_traitsIcESaIcEEERKSt3mapIS6_S6_N3cpr22CaseInsensitiveCompareESaISt4pairIS7_S6_EEERKN8nlohmann16json_abi_v3_12_010basic_jsonIS9_St6vectorS6_bxydSaNSJ_14adl_serializerESL_IhSaIhEEvEES8_St8functionIFvS8_EEii]+0x31dd): undefined reference to `__imp__ZNK6spdlog6logger12err_handler_ERKNSt7__cxx1112basic_stringIcSt11char_traitsIcESaIcEEE'
build-release-assets (windows-latest, windows, amd64, ragcli.exe)	UNKNOWN STEP	2026-07-27T16:40:21.5664610Z C:/mingw64/bin/../lib/gcc/x86_64-w64-mingw32/15.2.0/../../../../x86_64-w64-mingw32/bin/ld.exe: _deps/llm_client-build/libllm_client.a(openai_client.cpp.obj):openai_client.cpp:(.text$_ZN10llm_client6detail16http_post_streamERKNSt7__cxx1112basic_stringIcSt11char_traitsIcESaIcEEERKSt3mapIS6_S6_N3cpr22CaseInsensitiveCompareESaISt4pairIS7_S6_EEERKN8nlohmann16json_abi_v3_12_010basic_jsonIS9_St6vectorS6_bxydSaNSJ_14adl_serializerESL_IhSaIhEEvEES8_St8functionIFvS8_EEii[_ZN10llm_client6detail16http_post_streamERKNSt7__cxx1112basic_stringIcSt11char_traitsIcESaIcEEERKSt3mapIS6_S6_N3cpr22CaseInsensitiveCompareESaISt4pairIS7_S6_EEERKN8nlohmann16json_abi_v3_12_010basic_jsonIS9_St6vectorS6_bxydSaNSJ_14adl_serializerESL_IhSaIhEEvEES8_St8functionIFvS8_EEii]+0x3221): more undefined references to `__imp__ZNK6spdlog6logger12err_handler_ERKNSt7__cxx1112basic_stringIcSt11char_traitsIcESaIcEEE' follow
build-release-assets (windows-latest, windows, amd64, ragcli.exe)	UNKNOWN STEP	2026-07-27T16:40:21.5676156Z C:/mingw64/bin/../lib/gcc/x86_64-w64-mingw32/15.2.0/../../../../x86_64-w64-mingw32/bin/ld.exe: _deps/llm_client-build/libllm_client.a(openai_client.cpp.obj):openai_client.cpp:(.text$_ZN10llm_client6detail14http_post_jsonERKNSt7__cxx1112basic_stringIcSt11char_traitsIcESaIcEEERKSt3mapIS6_S6_N3cpr22CaseInsensitiveCompareESaISt4pairIS7_S6_EEERKN8nlohmann16json_abi_v3_12_010basic_jsonIS9_St6vectorS6_bxydSaNSJ_14adl_serializerESL_IhSaIhEEvEES8_ii[_ZN10llm_client6detail14http_post_jsonERKNSt7__cxx1112basic_stringIcSt11char_traitsIcESaIcEEERKSt3mapIS6_S6_N3cpr22CaseInsensitiveCompareESaISt4pairIS7_S6_EEERKN8nlohmann16json_abi_v3_12_010basic_jsonIS9_St6vectorS6_bxydSaNSJ_14adl_serializerESL_IhSaIhEEvEES8_ii]+0x22a): undefined reference to `__imp__ZNK6spdlog7details10backtracer7enabledEv'
build-release-assets (windows-latest, windows, amd64, ragcli.exe)	UNKNOWN STEP	2026-07-27T16:40:21.5686272Z C:/mingw64/bin/../lib/gcc/x86_64-w64-mingw32/15.2.0/../../../../x86_64-w64-mingw32/bin/ld.exe: _deps/llm_client-build/libllm_client.a(openai_client.cpp.obj):openai_client.cpp:(.text$_ZN10llm_client6detail14http_post_jsonERKNSt7__cxx1112basic_stringIcSt11char_traitsIcESaIcEEERKSt3mapIS6_S6_N3cpr22CaseInsensitiveCompareESaISt4pairIS7_S6_EEERKN8nlohmann16json_abi_v3_12_010basic_jsonIS9_St6vectorS6_bxydSaNSJ_14adl_serializerESL_IhSaIhEEvEES8_ii[_ZN10llm_client6detail14http_post_jsonERKNSt7__cxx1112basic_stringIcSt11char_traitsIcESaIcEEERKSt3mapIS6_S6_N3cpr22CaseInsensitiveCompareESaISt4pairIS7_S6_EEERKN8nlohmann16json_abi_v3_12_010basic_jsonIS9_St6vectorS6_bxydSaNSJ_14adl_serializerESL_IhSaIhEEvEES8_ii]+0x508): undefined reference to `cpr::Session::Session()'
build-release-assets (windows-latest, windows, amd64, ragcli.exe)	UNKNOWN STEP	2026-07-27T16:40:21.5697338Z C:/mingw64/bin/../lib/gcc/x86_64-w64-mingw32/15.2.0/../../../../x86_64-w64-mingw32/bin/ld.exe: _deps/llm_client-build/libllm_client.a(openai_client.cpp.obj):openai_client.cpp:(.text$_ZN10llm_client6detail14http_post_jsonERKNSt7__cxx1112basic_stringIcSt11char_traitsIcESaIcEEERKSt3mapIS6_S6_N3cpr22CaseInsensitiveCompareESaISt4pairIS7_S6_EEERKN8nlohmann16json_abi_v3_12_010basic_jsonIS9_St6vectorS6_bxydSaNSJ_14adl_serializerESL_IhSaIhEEvEES8_ii[_ZN10llm_client6detail14http_post_jsonERKNSt7__cxx1112basic_stringIcSt11char_traitsIcESaIcEEERKSt3mapIS6_S6_N3cpr22CaseInsensitiveCompareESaISt4pairIS7_S6_EEERKN8nlohmann16json_abi_v3_12_010basic_jsonIS9_St6vectorS6_bxydSaNSJ_14adl_serializerESL_IhSaIhEEvEES8_ii]+0x722): undefined reference to `cpr::Session::SetUrl(cpr::Url const&)'
build-release-assets (windows-latest, windows, amd64, ragcli.exe)	UNKNOWN STEP	2026-07-27T16:40:21.5710979Z C:/mingw64/bin/../lib/gcc/x86_64-w64-mingw32/15.2.0/../../../../x86_64-w64-mingw32/bin/ld.exe: _deps/llm_client-build/libllm_client.a(openai_client.cpp.obj):openai_client.cpp:(.text$_ZN10llm_client6detail14http_post_jsonERKNSt7__cxx1112basic_stringIcSt11char_traitsIcESaIcEEERKSt3mapIS6_S6_N3cpr22CaseInsensitiveCompareESaISt4pairIS7_S6_EEERKN8nlohmann16json_abi_v3_12_010basic_jsonIS9_St6vectorS6_bxydSaNSJ_14adl_serializerESL_IhSaIhEEvEES8_ii[_ZN10llm_client6detail14http_post_jsonERKNSt7__cxx1112basic_stringIcSt11char_traitsIcESaIcEEERKSt3mapIS6_S6_N3cpr22CaseInsensitiveCompareESaISt4pairIS7_S6_EEERKN8nlohmann16json_abi_v3_12_010basic_jsonIS9_St6vectorS6_bxydSaNSJ_14adl_serializerESL_IhSaIhEEvEES8_ii]+0x751): undefined reference to `cpr::Session::SetHeader(std::map<std::__cxx11::basic_string<char, std::char_traits<char>, std::allocator<char> >, std::__cxx11::basic_string<char, std::char_traits<char>, std::allocator<char> >, cpr::CaseInsensitiveCompare, std::allocator<std::pair<std::__cxx11::basic_string<char, std::char_traits<char>, std::allocator<char> > const, std::__cxx11::basic_string<char, std::char_traits<char>, std::allocator<char> > > > > const&)'
build-release-assets (windows-latest, windows, amd64, ragcli.exe)	UNKNOWN STEP	2026-07-27T16:40:21.5724126Z C:/mingw64/bin/../lib/gcc/x86_64-w64-mingw32/15.2.0/../../../../x86_64-w64-mingw32/bin/ld.exe: _deps/llm_client-build/libllm_client.a(openai_client.cpp.obj):openai_client.cpp:(.text$_ZN10llm_client6detail14http_post_jsonERKNSt7__cxx1112basic_stringIcSt11char_traitsIcESaIcEEERKSt3mapIS6_S6_N3cpr22CaseInsensitiveCompareESaISt4pairIS7_S6_EEERKN8nlohmann16json_abi_v3_12_010basic_jsonIS9_St6vectorS6_bxydSaNSJ_14adl_serializerESL_IhSaIhEEvEES8_ii[_ZN10llm_client6detail14http_post_jsonERKNSt7__cxx1112basic_stringIcSt11char_traitsIcESaIcEEERKSt3mapIS6_S6_N3cpr22CaseInsensitiveCompareESaISt4pairIS7_S6_EEERKN8nlohmann16json_abi_v3_12_010basic_jsonIS9_St6vectorS6_bxydSaNSJ_14adl_serializerESL_IhSaIhEEvEES8_ii]+0x93b): undefined reference to `cpr::Session::SetBody(cpr::Body&&)'
build-release-assets (windows-latest, windows, amd64, ragcli.exe)	UNKNOWN STEP	2026-07-27T16:40:21.5734752Z C:/mingw64/bin/../lib/gcc/x86_64-w64-mingw32/15.2.0/../../../../x86_64-w64-mingw32/bin/ld.exe: _deps/llm_client-build/libllm_client.a(openai_client.cpp.obj):openai_client.cpp:(.text$_ZN10llm_client6detail14http_post_jsonERKNSt7__cxx1112basic_stringIcSt11char_traitsIcESaIcEEERKSt3mapIS6_S6_N3cpr22CaseInsensitiveCompareESaISt4pairIS7_S6_EEERKN8nlohmann16json_abi_v3_12_010basic_jsonIS9_St6vectorS6_bxydSaNSJ_14adl_serializerESL_IhSaIhEEvEES8_ii[_ZN10llm_client6detail14http_post_jsonERKNSt7__cxx1112basic_stringIcSt11char_traitsIcESaIcEEERKSt3mapIS6_S6_N3cpr22CaseInsensitiveCompareESaISt4pairIS7_S6_EEERKN8nlohmann16json_abi_v3_12_010basic_jsonIS9_St6vectorS6_bxydSaNSJ_14adl_serializerESL_IhSaIhEEvEES8_ii]+0x973): undefined reference to `cpr::Session::SetTimeout(cpr::Timeout const&)'
build-release-assets (windows-latest, windows, amd64, ragcli.exe)	UNKNOWN STEP	2026-07-27T16:40:21.5745659Z C:/mingw64/bin/../lib/gcc/x86_64-w64-mingw32/15.2.0/../../../../x86_64-w64-mingw32/bin/ld.exe: _deps/llm_client-build/libllm_client.a(openai_client.cpp.obj):openai_client.cpp:(.text$_ZN10llm_client6detail14http_post_jsonERKNSt7__cxx1112basic_stringIcSt11char_traitsIcESaIcEEERKSt3mapIS6_S6_N3cpr22CaseInsensitiveCompareESaISt4pairIS7_S6_EEERKN8nlohmann16json_abi_v3_12_010basic_jsonIS9_St6vectorS6_bxydSaNSJ_14adl_serializerESL_IhSaIhEEvEES8_ii[_ZN10llm_client6detail14http_post_jsonERKNSt7__cxx1112basic_stringIcSt11char_traitsIcESaIcEEERKSt3mapIS6_S6_N3cpr22CaseInsensitiveCompareESaISt4pairIS7_S6_EEERKN8nlohmann16json_abi_v3_12_010basic_jsonIS9_St6vectorS6_bxydSaNSJ_14adl_serializerESL_IhSaIhEEvEES8_ii]+0x999): undefined reference to `cpr::Session::Post()'
build-release-assets (windows-latest, windows, amd64, ragcli.exe)	UNKNOWN STEP	2026-07-27T16:40:21.5757750Z C:/mingw64/bin/../lib/gcc/x86_64-w64-mingw32/15.2.0/../../../../x86_64-w64-mingw32/bin/ld.exe: _deps/llm_client-build/libllm_client.a(openai_client.cpp.obj):openai_client.cpp:(.text$_ZN10llm_client6detail14http_post_jsonERKNSt7__cxx1112basic_stringIcSt11char_traitsIcESaIcEEERKSt3mapIS6_S6_N3cpr22CaseInsensitiveCompareESaISt4pairIS7_S6_EEERKN8nlohmann16json_abi_v3_12_010basic_jsonIS9_St6vectorS6_bxydSaNSJ_14adl_serializerESL_IhSaIhEEvEES8_ii[_ZN10llm_client6detail14http_post_jsonERKNSt7__cxx1112basic_stringIcSt11char_traitsIcESaIcEEERKSt3mapIS6_S6_N3cpr22CaseInsensitiveCompareESaISt4pairIS7_S6_EEERKN8nlohmann16json_abi_v3_12_010basic_jsonIS9_St6vectorS6_bxydSaNSJ_14adl_serializerESL_IhSaIhEEvEES8_ii]+0x12bc): undefined reference to `__imp__ZN3fmt3v126detail10vformat_toERNS1_6bufferIcEENS0_17basic_string_viewIcEENS0_17basic_format_argsINS0_7contextEEENS0_10locale_refE'
build-release-assets (windows-latest, windows, amd64, ragcli.exe)	UNKNOWN STEP	2026-07-27T16:40:21.5774481Z C:/mingw64/bin/../lib/gcc/x86_64-w64-mingw32/15.2.0/../../../../x86_64-w64-mingw32/bin/ld.exe: _deps/llm_client-build/libllm_client.a(openai_client.cpp.obj):openai_client.cpp:(.text$_ZN10llm_client6detail14http_post_jsonERKNSt7__cxx1112basic_stringIcSt11char_traitsIcESaIcEEERKSt3mapIS6_S6_N3cpr22CaseInsensitiveCompareESaISt4pairIS7_S6_EEERKN8nlohmann16json_abi_v3_12_010basic_jsonIS9_St6vectorS6_bxydSaNSJ_14adl_serializerESL_IhSaIhEEvEES8_ii[_ZN10llm_client6detail14http_post_jsonERKNSt7__cxx1112basic_stringIcSt11char_traitsIcESaIcEEERKSt3mapIS6_S6_N3cpr22CaseInsensitiveCompareESaISt4pairIS7_S6_EEERKN8nlohmann16json_abi_v3_12_010basic_jsonIS9_St6vectorS6_bxydSaNSJ_14adl_serializerESL_IhSaIhEEvEES8_ii]+0x134d): undefined reference to `__imp__ZN6spdlog7details7log_msgC1ENS_10source_locEN3fmt3v1217basic_string_viewIcEENS_5level10level_enumES6_'
build-release-assets (windows-latest, windows, amd64, ragcli.exe)	UNKNOWN STEP	2026-07-27T16:40:21.5786076Z C:/mingw64/bin/../lib/gcc/x86_64-w64-mingw32/15.2.0/../../../../x86_64-w64-mingw32/bin/ld.exe: _deps/llm_client-build/libllm_client.a(openai_client.cpp.obj):openai_client.cpp:(.text$_ZN10llm_client6detail14http_post_jsonERKNSt7__cxx1112basic_stringIcSt11char_traitsIcESaIcEEERKSt3mapIS6_S6_N3cpr22CaseInsensitiveCompareESaISt4pairIS7_S6_EEERKN8nlohmann16json_abi_v3_12_010basic_jsonIS9_St6vectorS6_bxydSaNSJ_14adl_serializerESL_IhSaIhEEvEES8_ii[_ZN10llm_client6detail14http_post_jsonERKNSt7__cxx1112basic_stringIcSt11char_traitsIcESaIcEEERKSt3mapIS6_S6_N3cpr22CaseInsensitiveCompareESaISt4pairIS7_S6_EEERKN8nlohmann16json_abi_v3_12_010basic_jsonIS9_St6vectorS6_bxydSaNSJ_14adl_serializerESL_IhSaIhEEvEES8_ii]+0x1364): undefined reference to `__imp__ZN6spdlog6logger7log_it_ERKNS_7details7log_msgEbb'
build-release-assets (windows-latest, windows, amd64, ragcli.exe)	UNKNOWN STEP	2026-07-27T16:40:21.5797762Z C:/mingw64/bin/../lib/gcc/x86_64-w64-mingw32/15.2.0/../../../../x86_64-w64-mingw32/bin/ld.exe: _deps/llm_client-build/libllm_client.a(openai_client.cpp.obj):openai_client.cpp:(.text$_ZN10llm_client6detail14http_post_jsonERKNSt7__cxx1112basic_stringIcSt11char_traitsIcESaIcEEERKSt3mapIS6_S6_N3cpr22CaseInsensitiveCompareESaISt4pairIS7_S6_EEERKN8nlohmann16json_abi_v3_12_010basic_jsonIS9_St6vectorS6_bxydSaNSJ_14adl_serializerESL_IhSaIhEEvEES8_ii[_ZN10llm_client6detail14http_post_jsonERKNSt7__cxx1112basic_stringIcSt11char_traitsIcESaIcEEERKSt3mapIS6_S6_N3cpr22CaseInsensitiveCompareESaISt4pairIS7_S6_EEERKN8nlohmann16json_abi_v3_12_010basic_jsonIS9_St6vectorS6_bxydSaNSJ_14adl_serializerESL_IhSaIhEEvEES8_ii]+0x1466): undefined reference to `__imp__ZN3fmt3v126detail10vformat_toERNS1_6bufferIcEENS0_17basic_string_viewIcEENS0_17basic_format_argsINS0_7contextEEENS0_10locale_refE'
build-release-assets (windows-latest, windows, amd64, ragcli.exe)	UNKNOWN STEP	2026-07-27T16:40:21.5809274Z C:/mingw64/bin/../lib/gcc/x86_64-w64-mingw32/15.2.0/../../../../x86_64-w64-mingw32/bin/ld.exe: _deps/llm_client-build/libllm_client.a(openai_client.cpp.obj):openai_client.cpp:(.text$_ZN10llm_client6detail14http_post_jsonERKNSt7__cxx1112basic_stringIcSt11char_traitsIcESaIcEEERKSt3mapIS6_S6_N3cpr22CaseInsensitiveCompareESaISt4pairIS7_S6_EEERKN8nlohmann16json_abi_v3_12_010basic_jsonIS9_St6vectorS6_bxydSaNSJ_14adl_serializerESL_IhSaIhEEvEES8_ii[_ZN10llm_client6detail14http_post_jsonERKNSt7__cxx1112basic_stringIcSt11char_traitsIcESaIcEEERKSt3mapIS6_S6_N3cpr22CaseInsensitiveCompareESaISt4pairIS7_S6_EEERKN8nlohmann16json_abi_v3_12_010basic_jsonIS9_St6vectorS6_bxydSaNSJ_14adl_serializerESL_IhSaIhEEvEES8_ii]+0x14fa): undefined reference to `__imp__ZN6spdlog7details7log_msgC1ENS_10source_locEN3fmt3v1217basic_string_viewIcEENS_5level10level_enumES6_'
build-release-assets (windows-latest, windows, amd64, ragcli.exe)	UNKNOWN STEP	2026-07-27T16:40:21.5821116Z C:/mingw64/bin/../lib/gcc/x86_64-w64-mingw32/15.2.0/../../../../x86_64-w64-mingw32/bin/ld.exe: _deps/llm_client-build/libllm_client.a(openai_client.cpp.obj):openai_client.cpp:(.text$_ZN10llm_client6detail14http_post_jsonERKNSt7__cxx1112basic_stringIcSt11char_traitsIcESaIcEEERKSt3mapIS6_S6_N3cpr22CaseInsensitiveCompareESaISt4pairIS7_S6_EEERKN8nlohmann16json_abi_v3_12_010basic_jsonIS9_St6vectorS6_bxydSaNSJ_14adl_serializerESL_IhSaIhEEvEES8_ii[_ZN10llm_client6detail14http_post_jsonERKNSt7__cxx1112basic_stringIcSt11char_traitsIcESaIcEEERKSt3mapIS6_S6_N3cpr22CaseInsensitiveCompareESaISt4pairIS7_S6_EEERKN8nlohmann16json_abi_v3_12_010basic_jsonIS9_St6vectorS6_bxydSaNSJ_14adl_serializerESL_IhSaIhEEvEES8_ii]+0x1511): undefined reference to `__imp__ZN6spdlog6logger7log_it_ERKNS_7details7log_msgEbb'
build-release-assets (windows-latest, windows, amd64, ragcli.exe)	UNKNOWN STEP	2026-07-27T16:40:21.5832887Z C:/mingw64/bin/../lib/gcc/x86_64-w64-mingw32/15.2.0/../../../../x86_64-w64-mingw32/bin/ld.exe: _deps/llm_client-build/libllm_client.a(openai_client.cpp.obj):openai_client.cpp:(.text$_ZN10llm_client6detail14http_post_jsonERKNSt7__cxx1112basic_stringIcSt11char_traitsIcESaIcEEERKSt3mapIS6_S6_N3cpr22CaseInsensitiveCompareESaISt4pairIS7_S6_EEERKN8nlohmann16json_abi_v3_12_010basic_jsonIS9_St6vectorS6_bxydSaNSJ_14adl_serializerESL_IhSaIhEEvEES8_ii[_ZN10llm_client6detail14http_post_jsonERKNSt7__cxx1112basic_stringIcSt11char_traitsIcESaIcEEERKSt3mapIS6_S6_N3cpr22CaseInsensitiveCompareESaISt4pairIS7_S6_EEERKN8nlohmann16json_abi_v3_12_010basic_jsonIS9_St6vectorS6_bxydSaNSJ_14adl_serializerESL_IhSaIhEEvEES8_ii]+0x15b4): undefined reference to `cpr::CaseInsensitiveCompare::operator()(std::__cxx11::basic_string<char, std::char_traits<char>, std::allocator<char> > const&, std::__cxx11::basic_string<char, std::char_traits<char>, std::allocator<char> > const&) const'
build-release-assets (windows-latest, windows, amd64, ragcli.exe)	UNKNOWN STEP	2026-07-27T16:40:21.5846066Z C:/mingw64/bin/../lib/gcc/x86_64-w64-mingw32/15.2.0/../../../../x86_64-w64-mingw32/bin/ld.exe: _deps/llm_client-build/libllm_client.a(openai_client.cpp.obj):openai_client.cpp:(.text$_ZN10llm_client6detail14http_post_jsonERKNSt7__cxx1112basic_stringIcSt11char_traitsIcESaIcEEERKSt3mapIS6_S6_N3cpr22CaseInsensitiveCompareESaISt4pairIS7_S6_EEERKN8nlohmann16json_abi_v3_12_010basic_jsonIS9_St6vectorS6_bxydSaNSJ_14adl_serializerESL_IhSaIhEEvEES8_ii[_ZN10llm_client6detail14http_post_jsonERKNSt7__cxx1112basic_stringIcSt11char_traitsIcESaIcEEERKSt3mapIS6_S6_N3cpr22CaseInsensitiveCompareESaISt4pairIS7_S6_EEERKN8nlohmann16json_abi_v3_12_010basic_jsonIS9_St6vectorS6_bxydSaNSJ_14adl_serializerESL_IhSaIhEEvEES8_ii]+0x15e9): undefined reference to `cpr::CaseInsensitiveCompare::operator()(std::__cxx11::basic_string<char, std::char_traits<char>, std::allocator<char> > const&, std::__cxx11::basic_string<char, std::char_traits<char>, std::allocator<char> > const&) const'
build-release-assets (windows-latest, windows, amd64, ragcli.exe)	UNKNOWN STEP	2026-07-27T16:40:21.5859067Z C:/mingw64/bin/../lib/gcc/x86_64-w64-mingw32/15.2.0/../../../../x86_64-w64-mingw32/bin/ld.exe: _deps/llm_client-build/libllm_client.a(openai_client.cpp.obj):openai_client.cpp:(.text$_ZN10llm_client6detail14http_post_jsonERKNSt7__cxx1112basic_stringIcSt11char_traitsIcESaIcEEERKSt3mapIS6_S6_N3cpr22CaseInsensitiveCompareESaISt4pairIS7_S6_EEERKN8nlohmann16json_abi_v3_12_010basic_jsonIS9_St6vectorS6_bxydSaNSJ_14adl_serializerESL_IhSaIhEEvEES8_ii[_ZN10llm_client6detail14http_post_jsonERKNSt7__cxx1112basic_stringIcSt11char_traitsIcESaIcEEERKSt3mapIS6_S6_N3cpr22CaseInsensitiveCompareESaISt4pairIS7_S6_EEERKN8nlohmann16json_abi_v3_12_010basic_jsonIS9_St6vectorS6_bxydSaNSJ_14adl_serializerESL_IhSaIhEEvEES8_ii]+0x17f2): undefined reference to `__imp__ZN3fmt3v126detail10vformat_toERNS1_6bufferIcEENS0_17basic_string_viewIcEENS0_17basic_format_argsINS0_7contextEEENS0_10locale_refE'
build-release-assets (windows-latest, windows, amd64, ragcli.exe)	UNKNOWN STEP	2026-07-27T16:40:21.5871179Z C:/mingw64/bin/../lib/gcc/x86_64-w64-mingw32/15.2.0/../../../../x86_64-w64-mingw32/bin/ld.exe: _deps/llm_client-build/libllm_client.a(openai_client.cpp.obj):openai_client.cpp:(.text$_ZN10llm_client6detail14http_post_jsonERKNSt7__cxx1112basic_stringIcSt11char_traitsIcESaIcEEERKSt3mapIS6_S6_N3cpr22CaseInsensitiveCompareESaISt4pairIS7_S6_EEERKN8nlohmann16json_abi_v3_12_010basic_jsonIS9_St6vectorS6_bxydSaNSJ_14adl_serializerESL_IhSaIhEEvEES8_ii[_ZN10llm_client6detail14http_post_jsonERKNSt7__cxx1112basic_stringIcSt11char_traitsIcESaIcEEERKSt3mapIS6_S6_N3cpr22CaseInsensitiveCompareESaISt4pairIS7_S6_EEERKN8nlohmann16json_abi_v3_12_010basic_jsonIS9_St6vectorS6_bxydSaNSJ_14adl_serializerESL_IhSaIhEEvEES8_ii]+0x188b): undefined reference to `__imp__ZN6spdlog7details7log_msgC1ENS_10source_locEN3fmt3v1217basic_string_viewIcEENS_5level10level_enumES6_'
build-release-assets (windows-latest, windows, amd64, ragcli.exe)	UNKNOWN STEP	2026-07-27T16:40:21.5883200Z C:/mingw64/bin/../lib/gcc/x86_64-w64-mingw32/15.2.0/../../../../x86_64-w64-mingw32/bin/ld.exe: _deps/llm_client-build/libllm_client.a(openai_client.cpp.obj):openai_client.cpp:(.text$_ZN10llm_client6detail14http_post_jsonERKNSt7__cxx1112basic_stringIcSt11char_traitsIcESaIcEEERKSt3mapIS6_S6_N3cpr22CaseInsensitiveCompareESaISt4pairIS7_S6_EEERKN8nlohmann16json_abi_v3_12_010basic_jsonIS9_St6vectorS6_bxydSaNSJ_14adl_serializerESL_IhSaIhEEvEES8_ii[_ZN10llm_client6detail14http_post_jsonERKNSt7__cxx1112basic_stringIcSt11char_traitsIcESaIcEEERKSt3mapIS6_S6_N3cpr22CaseInsensitiveCompareESaISt4pairIS7_S6_EEERKN8nlohmann16json_abi_v3_12_010basic_jsonIS9_St6vectorS6_bxydSaNSJ_14adl_serializerESL_IhSaIhEEvEES8_ii]+0x18a7): undefined reference to `__imp__ZN6spdlog6logger7log_it_ERKNS_7details7log_msgEbb'
build-release-assets (windows-latest, windows, amd64, ragcli.exe)	UNKNOWN STEP	2026-07-27T16:40:21.5894166Z C:/mingw64/bin/../lib/gcc/x86_64-w64-mingw32/15.2.0/../../../../x86_64-w64-mingw32/bin/ld.exe: _deps/llm_client-build/libllm_client.a(openai_client.cpp.obj):openai_client.cpp:(.text$_ZN10llm_client6detail14http_post_jsonERKNSt7__cxx1112basic_stringIcSt11char_traitsIcESaIcEEERKSt3mapIS6_S6_N3cpr22CaseInsensitiveCompareESaISt4pairIS7_S6_EEERKN8nlohmann16json_abi_v3_12_010basic_jsonIS9_St6vectorS6_bxydSaNSJ_14adl_serializerESL_IhSaIhEEvEES8_ii[_ZN10llm_client6detail14http_post_jsonERKNSt7__cxx1112basic_stringIcSt11char_traitsIcESaIcEEERKSt3mapIS6_S6_N3cpr22CaseInsensitiveCompareESaISt4pairIS7_S6_EEERKN8nlohmann16json_abi_v3_12_010basic_jsonIS9_St6vectorS6_bxydSaNSJ_14adl_serializerESL_IhSaIhEEvEES8_ii]+0x25ab): undefined reference to `__imp__ZN3fmt3v126detail10vformat_toERNS1_6bufferIcEENS0_17basic_string_viewIcEENS0_17basic_format_argsINS0_7contextEEENS0_10locale_refE'
build-release-assets (windows-latest, windows, amd64, ragcli.exe)	UNKNOWN STEP	2026-07-27T16:40:21.5906098Z C:/mingw64/bin/../lib/gcc/x86_64-w64-mingw32/15.2.0/../../../../x86_64-w64-mingw32/bin/ld.exe: _deps/llm_client-build/libllm_client.a(openai_client.cpp.obj):openai_client.cpp:(.text$_ZN10llm_client6detail14http_post_jsonERKNSt7__cxx1112basic_stringIcSt11char_traitsIcESaIcEEERKSt3mapIS6_S6_N3cpr22CaseInsensitiveCompareESaISt4pairIS7_S6_EEERKN8nlohmann16json_abi_v3_12_010basic_jsonIS9_St6vectorS6_bxydSaNSJ_14adl_serializerESL_IhSaIhEEvEES8_ii[_ZN10llm_client6detail14http_post_jsonERKNSt7__cxx1112basic_stringIcSt11char_traitsIcESaIcEEERKSt3mapIS6_S6_N3cpr22CaseInsensitiveCompareESaISt4pairIS7_S6_EEERKN8nlohmann16json_abi_v3_12_010basic_jsonIS9_St6vectorS6_bxydSaNSJ_14adl_serializerESL_IhSaIhEEvEES8_ii]+0x263f): undefined reference to `__imp__ZN6spdlog7details7log_msgC1ENS_10source_locEN3fmt3v1217basic_string_viewIcEENS_5level10level_enumES6_'
build-release-assets (windows-latest, windows, amd64, ragcli.exe)	UNKNOWN STEP	2026-07-27T16:40:21.5917507Z C:/mingw64/bin/../lib/gcc/x86_64-w64-mingw32/15.2.0/../../../../x86_64-w64-mingw32/bin/ld.exe: _deps/llm_client-build/libllm_client.a(openai_client.cpp.obj):openai_client.cpp:(.text$_ZN10llm_client6detail14http_post_jsonERKNSt7__cxx1112basic_stringIcSt11char_traitsIcESaIcEEERKSt3mapIS6_S6_N3cpr22CaseInsensitiveCompareESaISt4pairIS7_S6_EEERKN8nlohmann16json_abi_v3_12_010basic_jsonIS9_St6vectorS6_bxydSaNSJ_14adl_serializerESL_IhSaIhEEvEES8_ii[_ZN10llm_client6detail14http_post_jsonERKNSt7__cxx1112basic_stringIcSt11char_traitsIcESaIcEEERKSt3mapIS6_S6_N3cpr22CaseInsensitiveCompareESaISt4pairIS7_S6_EEERKN8nlohmann16json_abi_v3_12_010basic_jsonIS9_St6vectorS6_bxydSaNSJ_14adl_serializerESL_IhSaIhEEvEES8_ii]+0x2656): undefined reference to `__imp__ZN6spdlog6logger7log_it_ERKNS_7details7log_msgEbb'
build-release-assets (windows-latest, windows, amd64, ragcli.exe)	UNKNOWN STEP	2026-07-27T16:40:21.5928660Z C:/mingw64/bin/../lib/gcc/x86_64-w64-mingw32/15.2.0/../../../../x86_64-w64-mingw32/bin/ld.exe: _deps/llm_client-build/libllm_client.a(openai_client.cpp.obj):openai_client.cpp:(.text$_ZN10llm_client6detail14http_post_jsonERKNSt7__cxx1112basic_stringIcSt11char_traitsIcESaIcEEERKSt3mapIS6_S6_N3cpr22CaseInsensitiveCompareESaISt4pairIS7_S6_EEERKN8nlohmann16json_abi_v3_12_010basic_jsonIS9_St6vectorS6_bxydSaNSJ_14adl_serializerESL_IhSaIhEEvEES8_ii[_ZN10llm_client6detail14http_post_jsonERKNSt7__cxx1112basic_stringIcSt11char_traitsIcESaIcEEERKSt3mapIS6_S6_N3cpr22CaseInsensitiveCompareESaISt4pairIS7_S6_EEERKN8nlohmann16json_abi_v3_12_010basic_jsonIS9_St6vectorS6_bxydSaNSJ_14adl_serializerESL_IhSaIhEEvEES8_ii]+0x2ac3): undefined reference to `__imp__ZNK6spdlog6logger12err_handler_ERKNSt7__cxx1112basic_stringIcSt11char_traitsIcESaIcEEE'
build-release-assets (windows-latest, windows, amd64, ragcli.exe)	UNKNOWN STEP	2026-07-27T16:40:21.5940182Z C:/mingw64/bin/../lib/gcc/x86_64-w64-mingw32/15.2.0/../../../../x86_64-w64-mingw32/bin/ld.exe: _deps/llm_client-build/libllm_client.a(openai_client.cpp.obj):openai_client.cpp:(.text$_ZN10llm_client6detail14http_post_jsonERKNSt7__cxx1112basic_stringIcSt11char_traitsIcESaIcEEERKSt3mapIS6_S6_N3cpr22CaseInsensitiveCompareESaISt4pairIS7_S6_EEERKN8nlohmann16json_abi_v3_12_010basic_jsonIS9_St6vectorS6_bxydSaNSJ_14adl_serializerESL_IhSaIhEEvEES8_ii[_ZN10llm_client6detail14http_post_jsonERKNSt7__cxx1112basic_stringIcSt11char_traitsIcESaIcEEERKSt3mapIS6_S6_N3cpr22CaseInsensitiveCompareESaISt4pairIS7_S6_EEERKN8nlohmann16json_abi_v3_12_010basic_jsonIS9_St6vectorS6_bxydSaNSJ_14adl_serializerESL_IhSaIhEEvEES8_ii]+0x2b20): undefined reference to `__imp__ZNK6spdlog6logger12err_handler_ERKNSt7__cxx1112basic_stringIcSt11char_traitsIcESaIcEEE'
build-release-assets (windows-latest, windows, amd64, ragcli.exe)	UNKNOWN STEP	2026-07-27T16:40:21.5951527Z C:/mingw64/bin/../lib/gcc/x86_64-w64-mingw32/15.2.0/../../../../x86_64-w64-mingw32/bin/ld.exe: _deps/llm_client-build/libllm_client.a(openai_client.cpp.obj):openai_client.cpp:(.text$_ZN10llm_client6detail14http_post_jsonERKNSt7__cxx1112basic_stringIcSt11char_traitsIcESaIcEEERKSt3mapIS6_S6_N3cpr22CaseInsensitiveCompareESaISt4pairIS7_S6_EEERKN8nlohmann16json_abi_v3_12_010basic_jsonIS9_St6vectorS6_bxydSaNSJ_14adl_serializerESL_IhSaIhEEvEES8_ii[_ZN10llm_client6detail14http_post_jsonERKNSt7__cxx1112basic_stringIcSt11char_traitsIcESaIcEEERKSt3mapIS6_S6_N3cpr22CaseInsensitiveCompareESaISt4pairIS7_S6_EEERKN8nlohmann16json_abi_v3_12_010basic_jsonIS9_St6vectorS6_bxydSaNSJ_14adl_serializerESL_IhSaIhEEvEES8_ii]+0x2ba6): undefined reference to `__imp__ZNK6spdlog6logger12err_handler_ERKNSt7__cxx1112basic_stringIcSt11char_traitsIcESaIcEEE'
build-release-assets (windows-latest, windows, amd64, ragcli.exe)	UNKNOWN STEP	2026-07-27T16:40:21.5963454Z C:/mingw64/bin/../lib/gcc/x86_64-w64-mingw32/15.2.0/../../../../x86_64-w64-mingw32/bin/ld.exe: _deps/llm_client-build/libllm_client.a(openai_client.cpp.obj):openai_client.cpp:(.text$_ZN10llm_client6detail14http_post_jsonERKNSt7__cxx1112basic_stringIcSt11char_traitsIcESaIcEEERKSt3mapIS6_S6_N3cpr22CaseInsensitiveCompareESaISt4pairIS7_S6_EEERKN8nlohmann16json_abi_v3_12_010basic_jsonIS9_St6vectorS6_bxydSaNSJ_14adl_serializerESL_IhSaIhEEvEES8_ii[_ZN10llm_client6detail14http_post_jsonERKNSt7__cxx1112basic_stringIcSt11char_traitsIcESaIcEEERKSt3mapIS6_S6_N3cpr22CaseInsensitiveCompareESaISt4pairIS7_S6_EEERKN8nlohmann16json_abi_v3_12_010basic_jsonIS9_St6vectorS6_bxydSaNSJ_14adl_serializerESL_IhSaIhEEvEES8_ii]+0x2cca): undefined reference to `__imp__ZNK6spdlog6logger12err_handler_ERKNSt7__cxx1112basic_stringIcSt11char_traitsIcESaIcEEE'
build-release-assets (windows-latest, windows, amd64, ragcli.exe)	UNKNOWN STEP	2026-07-27T16:40:21.5975198Z C:/mingw64/bin/../lib/gcc/x86_64-w64-mingw32/15.2.0/../../../../x86_64-w64-mingw32/bin/ld.exe: _deps/llm_client-build/libllm_client.a(openai_client.cpp.obj):openai_client.cpp:(.text$_ZN10llm_client6detail14http_post_jsonERKNSt7__cxx1112basic_stringIcSt11char_traitsIcESaIcEEERKSt3mapIS6_S6_N3cpr22CaseInsensitiveCompareESaISt4pairIS7_S6_EEERKN8nlohmann16json_abi_v3_12_010basic_jsonIS9_St6vectorS6_bxydSaNSJ_14adl_serializerESL_IhSaIhEEvEES8_ii[_ZN10llm_client6detail14http_post_jsonERKNSt7__cxx1112basic_stringIcSt11char_traitsIcESaIcEEERKSt3mapIS6_S6_N3cpr22CaseInsensitiveCompareESaISt4pairIS7_S6_EEERKN8nlohmann16json_abi_v3_12_010basic_jsonIS9_St6vectorS6_bxydSaNSJ_14adl_serializerESL_IhSaIhEEvEES8_ii]+0x2e2d): undefined reference to `__imp__ZNK6spdlog6logger12err_handler_ERKNSt7__cxx1112basic_stringIcSt11char_traitsIcESaIcEEE'
build-release-assets (windows-latest, windows, amd64, ragcli.exe)	UNKNOWN STEP	2026-07-27T16:40:21.5986974Z C:/mingw64/bin/../lib/gcc/x86_64-w64-mingw32/15.2.0/../../../../x86_64-w64-mingw32/bin/ld.exe: _deps/llm_client-build/libllm_client.a(openai_client.cpp.obj):openai_client.cpp:(.text$_ZN10llm_client6detail14http_post_jsonERKNSt7__cxx1112basic_stringIcSt11char_traitsIcESaIcEEERKSt3mapIS6_S6_N3cpr22CaseInsensitiveCompareESaISt4pairIS7_S6_EEERKN8nlohmann16json_abi_v3_12_010basic_jsonIS9_St6vectorS6_bxydSaNSJ_14adl_serializerESL_IhSaIhEEvEES8_ii[_ZN10llm_client6detail14http_post_jsonERKNSt7__cxx1112basic_stringIcSt11char_traitsIcESaIcEEERKSt3mapIS6_S6_N3cpr22CaseInsensitiveCompareESaISt4pairIS7_S6_EEERKN8nlohmann16json_abi_v3_12_010basic_jsonIS9_St6vectorS6_bxydSaNSJ_14adl_serializerESL_IhSaIhEEvEES8_ii]+0x2e5f): more undefined references to `__imp__ZNK6spdlog6logger12err_handler_ERKNSt7__cxx1112basic_stringIcSt11char_traitsIcESaIcEEE' follow
build-release-assets (windows-latest, windows, amd64, ragcli.exe)	UNKNOWN STEP	2026-07-27T16:40:21.5997954Z C:/mingw64/bin/../lib/gcc/x86_64-w64-mingw32/15.2.0/../../../../x86_64-w64-mingw32/bin/ld.exe: _deps/llm_client-build/libllm_client.a(openai_client.cpp.obj):openai_client.cpp:(.text$_ZN10llm_client6detail22parse_stream_json_lineERKNSt7__cxx1112basic_stringIcSt11char_traitsIcESaIcEEES8_RKSt8functionIFvRKN8nlohmann16json_abi_v3_12_010basic_jsonISt3mapSt6vectorS6_bxydSaNSB_14adl_serializerESE_IhSaIhEEvEEEES8_[_ZN10llm_client6detail22parse_stream_json_lineERKNSt7__cxx1112basic_stringIcSt11char_traitsIcESaIcEEES8_RKSt8functionIFvRKN8nlohmann16json_abi_v3_12_010basic_jsonISt3mapSt6vectorS6_bxydSaNSB_14adl_serializerESE_IhSaIhEEvEEEES8_]+0x307): undefined reference to `__imp__ZNK6spdlog7details10backtracer7enabledEv'
build-release-assets (windows-latest, windows, amd64, ragcli.exe)	UNKNOWN STEP	2026-07-27T16:40:21.6008697Z C:/mingw64/bin/../lib/gcc/x86_64-w64-mingw32/15.2.0/../../../../x86_64-w64-mingw32/bin/ld.exe: _deps/llm_client-build/libllm_client.a(openai_client.cpp.obj):openai_client.cpp:(.text$_ZN10llm_client6detail22parse_stream_json_lineERKNSt7__cxx1112basic_stringIcSt11char_traitsIcESaIcEEES8_RKSt8functionIFvRKN8nlohmann16json_abi_v3_12_010basic_jsonISt3mapSt6vectorS6_bxydSaNSB_14adl_serializerESE_IhSaIhEEvEEEES8_[_ZN10llm_client6detail22parse_stream_json_lineERKNSt7__cxx1112basic_stringIcSt11char_traitsIcESaIcEEES8_RKSt8functionIFvRKN8nlohmann16json_abi_v3_12_010basic_jsonISt3mapSt6vectorS6_bxydSaNSB_14adl_serializerESE_IhSaIhEEvEEEES8_]+0x4e6): undefined reference to `__imp__ZN3fmt3v126detail10vformat_toERNS1_6bufferIcEENS0_17basic_string_viewIcEENS0_17basic_format_argsINS0_7contextEEENS0_10locale_refE'
build-release-assets (windows-latest, windows, amd64, ragcli.exe)	UNKNOWN STEP	2026-07-27T16:40:21.6020245Z C:/mingw64/bin/../lib/gcc/x86_64-w64-mingw32/15.2.0/../../../../x86_64-w64-mingw32/bin/ld.exe: _deps/llm_client-build/libllm_client.a(openai_client.cpp.obj):openai_client.cpp:(.text$_ZN10llm_client6detail22parse_stream_json_lineERKNSt7__cxx1112basic_stringIcSt11char_traitsIcESaIcEEES8_RKSt8functionIFvRKN8nlohmann16json_abi_v3_12_010basic_jsonISt3mapSt6vectorS6_bxydSaNSB_14adl_serializerESE_IhSaIhEEvEEEES8_[_ZN10llm_client6detail22parse_stream_json_lineERKNSt7__cxx1112basic_stringIcSt11char_traitsIcESaIcEEES8_RKSt8functionIFvRKN8nlohmann16json_abi_v3_12_010basic_jsonISt3mapSt6vectorS6_bxydSaNSB_14adl_serializerESE_IhSaIhEEvEEEES8_]+0x552): undefined reference to `__imp__ZN6spdlog7details7log_msgC1ENS_10source_locEN3fmt3v1217basic_string_viewIcEENS_5level10level_enumES6_'
build-release-assets (windows-latest, windows, amd64, ragcli.exe)	UNKNOWN STEP	2026-07-27T16:40:21.6030317Z C:/mingw64/bin/../lib/gcc/x86_64-w64-mingw32/15.2.0/../../../../x86_64-w64-mingw32/bin/ld.exe: _deps/llm_client-build/libllm_client.a(openai_client.cpp.obj):openai_client.cpp:(.text$_ZN10llm_client6detail22parse_stream_json_lineERKNSt7__cxx1112basic_stringIcSt11char_traitsIcESaIcEEES8_RKSt8functionIFvRKN8nlohmann16json_abi_v3_12_010basic_jsonISt3mapSt6vectorS6_bxydSaNSB_14adl_serializerESE_IhSaIhEEvEEEES8_[_ZN10llm_client6detail22parse_stream_json_lineERKNSt7__cxx1112basic_stringIcSt11char_traitsIcESaIcEEES8_RKSt8functionIFvRKN8nlohmann16json_abi_v3_12_010basic_jsonISt3mapSt6vectorS6_bxydSaNSB_14adl_serializerESE_IhSaIhEEvEEEES8_]+0x56d): undefined reference to `__imp__ZN6spdlog6logger7log_it_ERKNS_7details7log_msgEbb'
build-release-assets (windows-latest, windows, amd64, ragcli.exe)	UNKNOWN STEP	2026-07-27T16:40:21.6041414Z C:/mingw64/bin/../lib/gcc/x86_64-w64-mingw32/15.2.0/../../../../x86_64-w64-mingw32/bin/ld.exe: _deps/llm_client-build/libllm_client.a(openai_client.cpp.obj):openai_client.cpp:(.text$_ZN10llm_client6detail22parse_stream_json_lineERKNSt7__cxx1112basic_stringIcSt11char_traitsIcESaIcEEES8_RKSt8functionIFvRKN8nlohmann16json_abi_v3_12_010basic_jsonISt3mapSt6vectorS6_bxydSaNSB_14adl_serializerESE_IhSaIhEEvEEEES8_[_ZN10llm_client6detail22parse_stream_json_lineERKNSt7__cxx1112basic_stringIcSt11char_traitsIcESaIcEEES8_RKSt8functionIFvRKN8nlohmann16json_abi_v3_12_010basic_jsonISt3mapSt6vectorS6_bxydSaNSB_14adl_serializerESE_IhSaIhEEvEEEES8_]+0x5ce): undefined reference to `__imp__ZNK6spdlog6logger12err_handler_ERKNSt7__cxx1112basic_stringIcSt11char_traitsIcESaIcEEE'
build-release-assets (windows-latest, windows, amd64, ragcli.exe)	UNKNOWN STEP	2026-07-27T16:40:21.6052136Z C:/mingw64/bin/../lib/gcc/x86_64-w64-mingw32/15.2.0/../../../../x86_64-w64-mingw32/bin/ld.exe: _deps/llm_client-build/libllm_client.a(openai_client.cpp.obj):openai_client.cpp:(.text$_ZN10llm_client6detail22parse_stream_json_lineERKNSt7__cxx1112basic_stringIcSt11char_traitsIcESaIcEEES8_RKSt8functionIFvRKN8nlohmann16json_abi_v3_12_010basic_jsonISt3mapSt6vectorS6_bxydSaNSB_14adl_serializerESE_IhSaIhEEvEEEES8_[_ZN10llm_client6detail22parse_stream_json_lineERKNSt7__cxx1112basic_stringIcSt11char_traitsIcESaIcEEES8_RKSt8functionIFvRKN8nlohmann16json_abi_v3_12_010basic_jsonISt3mapSt6vectorS6_bxydSaNSB_14adl_serializerESE_IhSaIhEEvEEEES8_]+0x643): undefined reference to `__imp__ZNK6spdlog6logger12err_handler_ERKNSt7__cxx1112basic_stringIcSt11char_traitsIcESaIcEEE'
build-release-assets (windows-latest, windows, amd64, ragcli.exe)	UNKNOWN STEP	2026-07-27T16:40:21.6059539Z C:/mingw64/bin/../lib/gcc/x86_64-w64-mingw32/15.2.0/../../../../x86_64-w64-mingw32/bin/ld.exe: _deps/llm_client-build/libllm_client.a(azure_openai_client.cpp.obj):azure_openai_client.cpp:(.text+0x188): undefined reference to `__imp__ZNK6spdlog7details10backtracer7enabledEv'
build-release-assets (windows-latest, windows, amd64, ragcli.exe)	UNKNOWN STEP	2026-07-27T16:40:21.6063231Z C:/mingw64/bin/../lib/gcc/x86_64-w64-mingw32/15.2.0/../../../../x86_64-w64-mingw32/bin/ld.exe: _deps/llm_client-build/libllm_client.a(azure_openai_client.cpp.obj):azure_openai_client.cpp:(.text+0x211): undefined reference to `__imp__ZN6spdlog7details7log_msgC1ENS_10source_locEN3fmt3v1217basic_string_viewIcEENS_5level10level_enumES6_'
build-release-assets (windows-latest, windows, amd64, ragcli.exe)	UNKNOWN STEP	2026-07-27T16:40:21.6067685Z C:/mingw64/bin/../lib/gcc/x86_64-w64-mingw32/15.2.0/../../../../x86_64-w64-mingw32/bin/ld.exe: _deps/llm_client-build/libllm_client.a(azure_openai_client.cpp.obj):azure_openai_client.cpp:(.text+0x22f): undefined reference to `__imp__ZN6spdlog6logger7log_it_ERKNS_7details7log_msgEbb'
build-release-assets (windows-latest, windows, amd64, ragcli.exe)	UNKNOWN STEP	2026-07-27T16:40:21.6071358Z C:/mingw64/bin/../lib/gcc/x86_64-w64-mingw32/15.2.0/../../../../x86_64-w64-mingw32/bin/ld.exe: _deps/llm_client-build/libllm_client.a(azure_openai_client.cpp.obj):azure_openai_client.cpp:(.text+0x1c95): undefined reference to `spdlog::sinks::wincolor_stdout_sink<spdlog::details::console_mutex>::wincolor_stdout_sink(spdlog::color_mode)'
build-release-assets (windows-latest, windows, amd64, ragcli.exe)	UNKNOWN STEP	2026-07-27T16:40:21.6074883Z C:/mingw64/bin/../lib/gcc/x86_64-w64-mingw32/15.2.0/../../../../x86_64-w64-mingw32/bin/ld.exe: _deps/llm_client-build/libllm_client.a(azure_openai_client.cpp.obj):azure_openai_client.cpp:(.text+0x1d65): undefined reference to `__imp__ZTVN6spdlog6loggerE'
build-release-assets (windows-latest, windows, amd64, ragcli.exe)	UNKNOWN STEP	2026-07-27T16:40:21.6078530Z C:/mingw64/bin/../lib/gcc/x86_64-w64-mingw32/15.2.0/../../../../x86_64-w64-mingw32/bin/ld.exe: _deps/llm_client-build/libllm_client.a(azure_openai_client.cpp.obj):azure_openai_client.cpp:(.text+0x1ed2): undefined reference to `__imp__ZN6spdlog15register_loggerESt10shared_ptrINS_6loggerEE'
build-release-assets (windows-latest, windows, amd64, ragcli.exe)	UNKNOWN STEP	2026-07-27T16:40:21.6082030Z C:/mingw64/bin/../lib/gcc/x86_64-w64-mingw32/15.2.0/../../../../x86_64-w64-mingw32/bin/ld.exe: _deps/llm_client-build/libllm_client.a(azure_openai_client.cpp.obj):azure_openai_client.cpp:(.text+0x1eef): undefined reference to `__imp__ZN6spdlog6logger9set_levelENS_5level10level_enumE'
build-release-assets (windows-latest, windows, amd64, ragcli.exe)	UNKNOWN STEP	2026-07-27T16:40:21.6085370Z C:/mingw64/bin/../lib/gcc/x86_64-w64-mingw32/15.2.0/../../../../x86_64-w64-mingw32/bin/ld.exe: _deps/llm_client-build/libllm_client.a(azure_openai_client.cpp.obj):azure_openai_client.cpp:(.text+0x1fba): undefined reference to `__imp__ZTVN6spdlog6loggerE'
build-release-assets (windows-latest, windows, amd64, ragcli.exe)	UNKNOWN STEP	2026-07-27T16:40:21.6089079Z C:/mingw64/bin/../lib/gcc/x86_64-w64-mingw32/15.2.0/../../../../x86_64-w64-mingw32/bin/ld.exe: _deps/llm_client-build/libllm_client.a(azure_openai_client.cpp.obj):azure_openai_client.cpp:(.text+0x400f): undefined reference to `__imp__ZNK6spdlog7details10backtracer7enabledEv'
build-release-assets (windows-latest, windows, amd64, ragcli.exe)	UNKNOWN STEP	2026-07-27T16:40:21.6093561Z C:/mingw64/bin/../lib/gcc/x86_64-w64-mingw32/15.2.0/../../../../x86_64-w64-mingw32/bin/ld.exe: _deps/llm_client-build/libllm_client.a(azure_openai_client.cpp.obj):azure_openai_client.cpp:(.text+0x4373): undefined reference to `cpr::CaseInsensitiveCompare::operator()(std::__cxx11::basic_string<char, std::char_traits<char>, std::allocator<char> > const&, std::__cxx11::basic_string<char, std::char_traits<char>, std::allocator<char> > const&) const'
build-release-assets (windows-latest, windows, amd64, ragcli.exe)	UNKNOWN STEP	2026-07-27T16:40:21.6099529Z C:/mingw64/bin/../lib/gcc/x86_64-w64-mingw32/15.2.0/../../../../x86_64-w64-mingw32/bin/ld.exe: _deps/llm_client-build/libllm_client.a(azure_openai_client.cpp.obj):azure_openai_client.cpp:(.text+0x4441): undefined reference to `cpr::CaseInsensitiveCompare::operator()(std::__cxx11::basic_string<char, std::char_traits<char>, std::allocator<char> > const&, std::__cxx11::basic_string<char, std::char_traits<char>, std::allocator<char> > const&) const'
build-release-assets (windows-latest, windows, amd64, ragcli.exe)	UNKNOWN STEP	2026-07-27T16:40:21.6105161Z C:/mingw64/bin/../lib/gcc/x86_64-w64-mingw32/15.2.0/../../../../x86_64-w64-mingw32/bin/ld.exe: _deps/llm_client-build/libllm_client.a(azure_openai_client.cpp.obj):azure_openai_client.cpp:(.text+0x447f): undefined reference to `cpr::CaseInsensitiveCompare::operator()(std::__cxx11::basic_string<char, std::char_traits<char>, std::allocator<char> > const&, std::__cxx11::basic_string<char, std::char_traits<char>, std::allocator<char> > const&) const'
build-release-assets (windows-latest, windows, amd64, ragcli.exe)	UNKNOWN STEP	2026-07-27T16:40:21.6110761Z C:/mingw64/bin/../lib/gcc/x86_64-w64-mingw32/15.2.0/../../../../x86_64-w64-mingw32/bin/ld.exe: _deps/llm_client-build/libllm_client.a(azure_openai_client.cpp.obj):azure_openai_client.cpp:(.text+0x44a5): undefined reference to `cpr::CaseInsensitiveCompare::operator()(std::__cxx11::basic_string<char, std::char_traits<char>, std::allocator<char> > const&, std::__cxx11::basic_string<char, std::char_traits<char>, std::allocator<char> > const&) const'
build-release-assets (windows-latest, windows, amd64, ragcli.exe)	UNKNOWN STEP	2026-07-27T16:40:21.6117582Z C:/mingw64/bin/../lib/gcc/x86_64-w64-mingw32/15.2.0/../../../../x86_64-w64-mingw32/bin/ld.exe: _deps/llm_client-build/libllm_client.a(azure_openai_client.cpp.obj):azure_openai_client.cpp:(.text+0x4570): undefined reference to `__imp__ZN3fmt3v126detail10vformat_toERNS1_6bufferIcEENS0_17basic_string_viewIcEENS0_17basic_format_argsINS0_7contextEEENS0_10locale_refE'
build-release-assets (windows-latest, windows, amd64, ragcli.exe)	UNKNOWN STEP	2026-07-27T16:40:21.6122056Z C:/mingw64/bin/../lib/gcc/x86_64-w64-mingw32/15.2.0/../../../../x86_64-w64-mingw32/bin/ld.exe: _deps/llm_client-build/libllm_client.a(azure_openai_client.cpp.obj):azure_openai_client.cpp:(.text+0x4601): undefined reference to `__imp__ZN6spdlog7details7log_msgC1ENS_10source_locEN3fmt3v1217basic_string_viewIcEENS_5level10level_enumES6_'
build-release-assets (windows-latest, windows, amd64, ragcli.exe)	UNKNOWN STEP	2026-07-27T16:40:21.6125990Z C:/mingw64/bin/../lib/gcc/x86_64-w64-mingw32/15.2.0/../../../../x86_64-w64-mingw32/bin/ld.exe: _deps/llm_client-build/libllm_client.a(azure_openai_client.cpp.obj):azure_openai_client.cpp:(.text+0x461a): undefined reference to `__imp__ZN6spdlog6logger7log_it_ERKNS_7details7log_msgEbb'
build-release-assets (windows-latest, windows, amd64, ragcli.exe)	UNKNOWN STEP	2026-07-27T16:40:21.6129807Z C:/mingw64/bin/../lib/gcc/x86_64-w64-mingw32/15.2.0/../../../../x86_64-w64-mingw32/bin/ld.exe: _deps/llm_client-build/libllm_client.a(azure_openai_client.cpp.obj):azure_openai_client.cpp:(.text+0x4aba): undefined reference to `__imp__ZNK6spdlog6logger12err_handler_ERKNSt7__cxx1112basic_stringIcSt11char_traitsIcESaIcEEE'
build-release-assets (windows-latest, windows, amd64, ragcli.exe)	UNKNOWN STEP	2026-07-27T16:40:21.6138082Z C:/mingw64/bin/../lib/gcc/x86_64-w64-mingw32/15.2.0/../../../../x86_64-w64-mingw32/bin/ld.exe: _deps/llm_client-build/libllm_client.a(azure_openai_client.cpp.obj):azure_openai_client.cpp:(.text+0x4ba0): undefined reference to `__imp__ZNK6spdlog6logger12err_handler_ERKNSt7__cxx1112basic_stringIcSt11char_traitsIcESaIcEEE'
build-release-assets (windows-latest, windows, amd64, ragcli.exe)	UNKNOWN STEP	2026-07-27T16:40:21.6150330Z C:/mingw64/bin/../lib/gcc/x86_64-w64-mingw32/15.2.0/../../../../x86_64-w64-mingw32/bin/ld.exe: _deps/llm_client-build/libllm_client.a(azure_openai_client.cpp.obj):azure_openai_client.cpp:(.text+0x4d34): undefined reference to `__imp__ZNK6spdlog7details10backtracer7enabledEv'
build-release-assets (windows-latest, windows, amd64, ragcli.exe)	UNKNOWN STEP	2026-07-27T16:40:21.6154897Z C:/mingw64/bin/../lib/gcc/x86_64-w64-mingw32/15.2.0/../../../../x86_64-w64-mingw32/bin/ld.exe: _deps/llm_client-build/libllm_client.a(azure_openai_client.cpp.obj):azure_openai_client.cpp:(.text+0x4f73): undefined reference to `cpr::CaseInsensitiveCompare::operator()(std::__cxx11::basic_string<char, std::char_traits<char>, std::allocator<char> > const&, std::__cxx11::basic_string<char, std::char_traits<char>, std::allocator<char> > const&) const'
build-release-assets (windows-latest, windows, amd64, ragcli.exe)	UNKNOWN STEP	2026-07-27T16:40:21.6159922Z C:/mingw64/bin/../lib/gcc/x86_64-w64-mingw32/15.2.0/../../../../x86_64-w64-mingw32/bin/ld.exe: _deps/llm_client-build/libllm_client.a(azure_openai_client.cpp.obj):azure_openai_client.cpp:(.text+0x5041): undefined reference to `cpr::CaseInsensitiveCompare::operator()(std::__cxx11::basic_string<char, std::char_traits<char>, std::allocator<char> > const&, std::__cxx11::basic_string<char, std::char_traits<char>, std::allocator<char> > const&) const'
build-release-assets (windows-latest, windows, amd64, ragcli.exe)	UNKNOWN STEP	2026-07-27T16:40:21.6165297Z C:/mingw64/bin/../lib/gcc/x86_64-w64-mingw32/15.2.0/../../../../x86_64-w64-mingw32/bin/ld.exe: _deps/llm_client-build/libllm_client.a(azure_openai_client.cpp.obj):azure_openai_client.cpp:(.text+0x507f): undefined reference to `cpr::CaseInsensitiveCompare::operator()(std::__cxx11::basic_string<char, std::char_traits<char>, std::allocator<char> > const&, std::__cxx11::basic_string<char, std::char_traits<char>, std::allocator<char> > const&) const'
build-release-assets (windows-latest, windows, amd64, ragcli.exe)	UNKNOWN STEP	2026-07-27T16:40:21.6170651Z C:/mingw64/bin/../lib/gcc/x86_64-w64-mingw32/15.2.0/../../../../x86_64-w64-mingw32/bin/ld.exe: _deps/llm_client-build/libllm_client.a(azure_openai_client.cpp.obj):azure_openai_client.cpp:(.text+0x50a5): undefined reference to `cpr::CaseInsensitiveCompare::operator()(std::__cxx11::basic_string<char, std::char_traits<char>, std::allocator<char> > const&, std::__cxx11::basic_string<char, std::char_traits<char>, std::allocator<char> > const&) const'
build-release-assets (windows-latest, windows, amd64, ragcli.exe)	UNKNOWN STEP	2026-07-27T16:40:21.6177412Z C:/mingw64/bin/../lib/gcc/x86_64-w64-mingw32/15.2.0/../../../../x86_64-w64-mingw32/bin/ld.exe: _deps/llm_client-build/libllm_client.a(azure_openai_client.cpp.obj):azure_openai_client.cpp:(.text+0x5173): undefined reference to `__imp__ZN3fmt3v126detail10vformat_toERNS1_6bufferIcEENS0_17basic_string_viewIcEENS0_17basic_format_argsINS0_7contextEEENS0_10locale_refE'
build-release-assets (windows-latest, windows, amd64, ragcli.exe)	UNKNOWN STEP	2026-07-27T16:40:21.6182320Z C:/mingw64/bin/../lib/gcc/x86_64-w64-mingw32/15.2.0/../../../../x86_64-w64-mingw32/bin/ld.exe: _deps/llm_client-build/libllm_client.a(azure_openai_client.cpp.obj):azure_openai_client.cpp:(.text+0x520c): undefined reference to `__imp__ZN6spdlog7details7log_msgC1ENS_10source_locEN3fmt3v1217basic_string_viewIcEENS_5level10level_enumES6_'
build-release-assets (windows-latest, windows, amd64, ragcli.exe)	UNKNOWN STEP	2026-07-27T16:40:21.6185915Z C:/mingw64/bin/../lib/gcc/x86_64-w64-mingw32/15.2.0/../../../../x86_64-w64-mingw32/bin/ld.exe: _deps/llm_client-build/libllm_client.a(azure_openai_client.cpp.obj):azure_openai_client.cpp:(.text+0x5225): undefined reference to `__imp__ZN6spdlog6logger7log_it_ERKNS_7details7log_msgEbb'
build-release-assets (windows-latest, windows, amd64, ragcli.exe)	UNKNOWN STEP	2026-07-27T16:40:21.6191600Z C:/mingw64/bin/../lib/gcc/x86_64-w64-mingw32/15.2.0/../../../../x86_64-w64-mingw32/bin/ld.exe: _deps/llm_client-build/libllm_client.a(azure_openai_client.cpp.obj):azure_openai_client.cpp:(.text+0x5550): undefined reference to `__imp__ZN3fmt3v126detail10vformat_toERNS1_6bufferIcEENS0_17basic_string_viewIcEENS0_17basic_format_argsINS0_7contextEEENS0_10locale_refE'
build-release-assets (windows-latest, windows, amd64, ragcli.exe)	UNKNOWN STEP	2026-07-27T16:40:21.6195871Z C:/mingw64/bin/../lib/gcc/x86_64-w64-mingw32/15.2.0/../../../../x86_64-w64-mingw32/bin/ld.exe: _deps/llm_client-build/libllm_client.a(azure_openai_client.cpp.obj):azure_openai_client.cpp:(.text+0x55e4): undefined reference to `__imp__ZN6spdlog7details7log_msgC1ENS_10source_locEN3fmt3v1217basic_string_viewIcEENS_5level10level_enumES6_'
build-release-assets (windows-latest, windows, amd64, ragcli.exe)	UNKNOWN STEP	2026-07-27T16:40:21.6199575Z C:/mingw64/bin/../lib/gcc/x86_64-w64-mingw32/15.2.0/../../../../x86_64-w64-mingw32/bin/ld.exe: _deps/llm_client-build/libllm_client.a(azure_openai_client.cpp.obj):azure_openai_client.cpp:(.text+0x55fb): undefined reference to `__imp__ZN6spdlog6logger7log_it_ERKNS_7details7log_msgEbb'
build-release-assets (windows-latest, windows, amd64, ragcli.exe)	UNKNOWN STEP	2026-07-27T16:40:21.6203203Z C:/mingw64/bin/../lib/gcc/x86_64-w64-mingw32/15.2.0/../../../../x86_64-w64-mingw32/bin/ld.exe: _deps/llm_client-build/libllm_client.a(azure_openai_client.cpp.obj):azure_openai_client.cpp:(.text+0x6008): undefined reference to `__imp__ZNK6spdlog6logger12err_handler_ERKNSt7__cxx1112basic_stringIcSt11char_traitsIcESaIcEEE'
build-release-assets (windows-latest, windows, amd64, ragcli.exe)	UNKNOWN STEP	2026-07-27T16:40:21.6206853Z C:/mingw64/bin/../lib/gcc/x86_64-w64-mingw32/15.2.0/../../../../x86_64-w64-mingw32/bin/ld.exe: _deps/llm_client-build/libllm_client.a(azure_openai_client.cpp.obj):azure_openai_client.cpp:(.text+0x617c): undefined reference to `__imp__ZNK6spdlog6logger12err_handler_ERKNSt7__cxx1112basic_stringIcSt11char_traitsIcESaIcEEE'
build-release-assets (windows-latest, windows, amd64, ragcli.exe)	UNKNOWN STEP	2026-07-27T16:40:21.6210575Z C:/mingw64/bin/../lib/gcc/x86_64-w64-mingw32/15.2.0/../../../../x86_64-w64-mingw32/bin/ld.exe: _deps/llm_client-build/libllm_client.a(azure_openai_client.cpp.obj):azure_openai_client.cpp:(.text+0x621e): undefined reference to `__imp__ZNK6spdlog6logger12err_handler_ERKNSt7__cxx1112basic_stringIcSt11char_traitsIcESaIcEEE'
build-release-assets (windows-latest, windows, amd64, ragcli.exe)	UNKNOWN STEP	2026-07-27T16:40:21.6214504Z C:/mingw64/bin/../lib/gcc/x86_64-w64-mingw32/15.2.0/../../../../x86_64-w64-mingw32/bin/ld.exe: _deps/llm_client-build/libllm_client.a(azure_openai_client.cpp.obj):azure_openai_client.cpp:(.text+0x626d): undefined reference to `__imp__ZNK6spdlog6logger12err_handler_ERKNSt7__cxx1112basic_stringIcSt11char_traitsIcESaIcEEE'
build-release-assets (windows-latest, windows, amd64, ragcli.exe)	UNKNOWN STEP	2026-07-27T16:40:21.6217918Z C:/mingw64/bin/../lib/gcc/x86_64-w64-mingw32/15.2.0/../../../../x86_64-w64-mingw32/bin/ld.exe: _deps/llm_client-build/libllm_client.a(azure_openai_client.cpp.obj):azure_openai_client.cpp:(.text+0x63a5): undefined reference to `__imp__ZNK6spdlog7details10backtracer7enabledEv'
build-release-assets (windows-latest, windows, amd64, ragcli.exe)	UNKNOWN STEP	2026-07-27T16:40:21.6222711Z C:/mingw64/bin/../lib/gcc/x86_64-w64-mingw32/15.2.0/../../../../x86_64-w64-mingw32/bin/ld.exe: _deps/llm_client-build/libllm_client.a(azure_openai_client.cpp.obj):azure_openai_client.cpp:(.text+0x6773): undefined reference to `cpr::CaseInsensitiveCompare::operator()(std::__cxx11::basic_string<char, std::char_traits<char>, std::allocator<char> > const&, std::__cxx11::basic_string<char, std::char_traits<char>, std::allocator<char> > const&) const'
build-release-assets (windows-latest, windows, amd64, ragcli.exe)	UNKNOWN STEP	2026-07-27T16:40:21.6228864Z C:/mingw64/bin/../lib/gcc/x86_64-w64-mingw32/15.2.0/../../../../x86_64-w64-mingw32/bin/ld.exe: _deps/llm_client-build/libllm_client.a(azure_openai_client.cpp.obj):azure_openai_client.cpp:(.text+0x6841): undefined reference to `cpr::CaseInsensitiveCompare::operator()(std::__cxx11::basic_string<char, std::char_traits<char>, std::allocator<char> > const&, std::__cxx11::basic_string<char, std::char_traits<char>, std::allocator<char> > const&) const'
build-release-assets (windows-latest, windows, amd64, ragcli.exe)	UNKNOWN STEP	2026-07-27T16:40:21.6235771Z C:/mingw64/bin/../lib/gcc/x86_64-w64-mingw32/15.2.0/../../../../x86_64-w64-mingw32/bin/ld.exe: _deps/llm_client-build/libllm_client.a(azure_openai_client.cpp.obj):azure_openai_client.cpp:(.text+0x687f): undefined reference to `cpr::CaseInsensitiveCompare::operator()(std::__cxx11::basic_string<char, std::char_traits<char>, std::allocator<char> > const&, std::__cxx11::basic_string<char, std::char_traits<char>, std::allocator<char> > const&) const'
build-release-assets (windows-latest, windows, amd64, ragcli.exe)	UNKNOWN STEP	2026-07-27T16:40:21.6241250Z C:/mingw64/bin/../lib/gcc/x86_64-w64-mingw32/15.2.0/../../../../x86_64-w64-mingw32/bin/ld.exe: _deps/llm_client-build/libllm_client.a(azure_openai_client.cpp.obj):azure_openai_client.cpp:(.text+0x68a4): undefined reference to `cpr::CaseInsensitiveCompare::operator()(std::__cxx11::basic_string<char, std::char_traits<char>, std::allocator<char> > const&, std::__cxx11::basic_string<char, std::char_traits<char>, std::allocator<char> > const&) const'
build-release-assets (windows-latest, windows, amd64, ragcli.exe)	UNKNOWN STEP	2026-07-27T16:40:21.6246080Z C:/mingw64/bin/../lib/gcc/x86_64-w64-mingw32/15.2.0/../../../../x86_64-w64-mingw32/bin/ld.exe: _deps/llm_client-build/libllm_client.a(azure_openai_client.cpp.obj):azure_openai_client.cpp:(.text+0x6976): undefined reference to `__imp__ZN3fmt3v126detail10vformat_toERNS1_6bufferIcEENS0_17basic_string_viewIcEENS0_17basic_format_argsINS0_7contextEEENS0_10locale_refE'
build-release-assets (windows-latest, windows, amd64, ragcli.exe)	UNKNOWN STEP	2026-07-27T16:40:21.6250408Z C:/mingw64/bin/../lib/gcc/x86_64-w64-mingw32/15.2.0/../../../../x86_64-w64-mingw32/bin/ld.exe: _deps/llm_client-build/libllm_client.a(azure_openai_client.cpp.obj):azure_openai_client.cpp:(.text+0x6a0a): undefined reference to `__imp__ZN6spdlog7details7log_msgC1ENS_10source_locEN3fmt3v1217basic_string_viewIcEENS_5level10level_enumES6_'
build-release-assets (windows-latest, windows, amd64, ragcli.exe)	UNKNOWN STEP	2026-07-27T16:40:21.6253944Z C:/mingw64/bin/../lib/gcc/x86_64-w64-mingw32/15.2.0/../../../../x86_64-w64-mingw32/bin/ld.exe: _deps/llm_client-build/libllm_client.a(azure_openai_client.cpp.obj):azure_openai_client.cpp:(.text+0x6a21): undefined reference to `__imp__ZN6spdlog6logger7log_it_ERKNS_7details7log_msgEbb'
build-release-assets (windows-latest, windows, amd64, ragcli.exe)	UNKNOWN STEP	2026-07-27T16:40:21.6258116Z C:/mingw64/bin/../lib/gcc/x86_64-w64-mingw32/15.2.0/../../../../x86_64-w64-mingw32/bin/ld.exe: _deps/llm_client-build/libllm_client.a(azure_openai_client.cpp.obj):azure_openai_client.cpp:(.text+0x6d06): undefined reference to `__imp__ZN3fmt3v126detail10vformat_toERNS1_6bufferIcEENS0_17basic_string_viewIcEENS0_17basic_format_argsINS0_7contextEEENS0_10locale_refE'
build-release-assets (windows-latest, windows, amd64, ragcli.exe)	UNKNOWN STEP	2026-07-27T16:40:21.6262209Z C:/mingw64/bin/../lib/gcc/x86_64-w64-mingw32/15.2.0/../../../../x86_64-w64-mingw32/bin/ld.exe: _deps/llm_client-build/libllm_client.a(azure_openai_client.cpp.obj):azure_openai_client.cpp:(.text+0x6d9a): undefined reference to `__imp__ZN6spdlog7details7log_msgC1ENS_10source_locEN3fmt3v1217basic_string_viewIcEENS_5level10level_enumES6_'
build-release-assets (windows-latest, windows, amd64, ragcli.exe)	UNKNOWN STEP	2026-07-27T16:40:21.6265653Z C:/mingw64/bin/../lib/gcc/x86_64-w64-mingw32/15.2.0/../../../../x86_64-w64-mingw32/bin/ld.exe: _deps/llm_client-build/libllm_client.a(azure_openai_client.cpp.obj):azure_openai_client.cpp:(.text+0x6db1): undefined reference to `__imp__ZN6spdlog6logger7log_it_ERKNS_7details7log_msgEbb'
build-release-assets (windows-latest, windows, amd64, ragcli.exe)	UNKNOWN STEP	2026-07-27T16:40:21.6269039Z C:/mingw64/bin/../lib/gcc/x86_64-w64-mingw32/15.2.0/../../../../x86_64-w64-mingw32/bin/ld.exe: _deps/llm_client-build/libllm_client.a(azure_openai_client.cpp.obj):azure_openai_client.cpp:(.text+0x780f): undefined reference to `__imp__ZNK6spdlog6logger12err_handler_ERKNSt7__cxx1112basic_stringIcSt11char_traitsIcESaIcEEE'
build-release-assets (windows-latest, windows, amd64, ragcli.exe)	UNKNOWN STEP	2026-07-27T16:40:21.6273027Z C:/mingw64/bin/../lib/gcc/x86_64-w64-mingw32/15.2.0/../../../../x86_64-w64-mingw32/bin/ld.exe: _deps/llm_client-build/libllm_client.a(azure_openai_client.cpp.obj):azure_openai_client.cpp:(.text+0x78c8): undefined reference to `__imp__ZNK6spdlog6logger12err_handler_ERKNSt7__cxx1112basic_stringIcSt11char_traitsIcESaIcEEE'
build-release-assets (windows-latest, windows, amd64, ragcli.exe)	UNKNOWN STEP	2026-07-27T16:40:21.6276747Z C:/mingw64/bin/../lib/gcc/x86_64-w64-mingw32/15.2.0/../../../../x86_64-w64-mingw32/bin/ld.exe: _deps/llm_client-build/libllm_client.a(azure_openai_client.cpp.obj):azure_openai_client.cpp:(.text+0x7a2c): undefined reference to `__imp__ZNK6spdlog6logger12err_handler_ERKNSt7__cxx1112basic_stringIcSt11char_traitsIcESaIcEEE'
build-release-assets (windows-latest, windows, amd64, ragcli.exe)	UNKNOWN STEP	2026-07-27T16:40:21.6280795Z C:/mingw64/bin/../lib/gcc/x86_64-w64-mingw32/15.2.0/../../../../x86_64-w64-mingw32/bin/ld.exe: _deps/llm_client-build/libllm_client.a(azure_openai_client.cpp.obj):azure_openai_client.cpp:(.text+0x7a7e): undefined reference to `__imp__ZNK6spdlog6logger12err_handler_ERKNSt7__cxx1112basic_stringIcSt11char_traitsIcESaIcEEE'
build-release-assets (windows-latest, windows, amd64, ragcli.exe)	UNKNOWN STEP	2026-07-27T16:40:21.6284101Z C:/mingw64/bin/../lib/gcc/x86_64-w64-mingw32/15.2.0/../../../../x86_64-w64-mingw32/bin/ld.exe: _deps/llm_client-build/libllm_client.a(ollama_client.cpp.obj):ollama_client.cpp:(.text+0x188): undefined reference to `__imp__ZNK6spdlog7details10backtracer7enabledEv'
build-release-assets (windows-latest, windows, amd64, ragcli.exe)	UNKNOWN STEP	2026-07-27T16:40:21.6287384Z C:/mingw64/bin/../lib/gcc/x86_64-w64-mingw32/15.2.0/../../../../x86_64-w64-mingw32/bin/ld.exe: _deps/llm_client-build/libllm_client.a(ollama_client.cpp.obj):ollama_client.cpp:(.text+0x211): undefined reference to `__imp__ZN6spdlog7details7log_msgC1ENS_10source_locEN3fmt3v1217basic_string_viewIcEENS_5level10level_enumES6_'
build-release-assets (windows-latest, windows, amd64, ragcli.exe)	UNKNOWN STEP	2026-07-27T16:40:21.6290973Z C:/mingw64/bin/../lib/gcc/x86_64-w64-mingw32/15.2.0/../../../../x86_64-w64-mingw32/bin/ld.exe: _deps/llm_client-build/libllm_client.a(ollama_client.cpp.obj):ollama_client.cpp:(.text+0x22f): undefined reference to `__imp__ZN6spdlog6logger7log_it_ERKNS_7details7log_msgEbb'
build-release-assets (windows-latest, windows, amd64, ragcli.exe)	UNKNOWN STEP	2026-07-27T16:40:21.6294415Z C:/mingw64/bin/../lib/gcc/x86_64-w64-mingw32/15.2.0/../../../../x86_64-w64-mingw32/bin/ld.exe: _deps/llm_client-build/libllm_client.a(ollama_client.cpp.obj):ollama_client.cpp:(.text+0x1c95): undefined reference to `spdlog::sinks::wincolor_stdout_sink<spdlog::details::console_mutex>::wincolor_stdout_sink(spdlog::color_mode)'
build-release-assets (windows-latest, windows, amd64, ragcli.exe)	UNKNOWN STEP	2026-07-27T16:40:21.6298022Z C:/mingw64/bin/../lib/gcc/x86_64-w64-mingw32/15.2.0/../../../../x86_64-w64-mingw32/bin/ld.exe: _deps/llm_client-build/libllm_client.a(ollama_client.cpp.obj):ollama_client.cpp:(.text+0x1d65): undefined reference to `__imp__ZTVN6spdlog6loggerE'
build-release-assets (windows-latest, windows, amd64, ragcli.exe)	UNKNOWN STEP	2026-07-27T16:40:21.6301138Z C:/mingw64/bin/../lib/gcc/x86_64-w64-mingw32/15.2.0/../../../../x86_64-w64-mingw32/bin/ld.exe: _deps/llm_client-build/libllm_client.a(ollama_client.cpp.obj):ollama_client.cpp:(.text+0x1ed2): undefined reference to `__imp__ZN6spdlog15register_loggerESt10shared_ptrINS_6loggerEE'
build-release-assets (windows-latest, windows, amd64, ragcli.exe)	UNKNOWN STEP	2026-07-27T16:40:21.6304402Z C:/mingw64/bin/../lib/gcc/x86_64-w64-mingw32/15.2.0/../../../../x86_64-w64-mingw32/bin/ld.exe: _deps/llm_client-build/libllm_client.a(ollama_client.cpp.obj):ollama_client.cpp:(.text+0x1eef): undefined reference to `__imp__ZN6spdlog6logger9set_levelENS_5level10level_enumE'
build-release-assets (windows-latest, windows, amd64, ragcli.exe)	UNKNOWN STEP	2026-07-27T16:40:21.6307450Z C:/mingw64/bin/../lib/gcc/x86_64-w64-mingw32/15.2.0/../../../../x86_64-w64-mingw32/bin/ld.exe: _deps/llm_client-build/libllm_client.a(ollama_client.cpp.obj):ollama_client.cpp:(.text+0x1fba): undefined reference to `__imp__ZTVN6spdlog6loggerE'
build-release-assets (windows-latest, windows, amd64, ragcli.exe)	UNKNOWN STEP	2026-07-27T16:40:21.6310428Z C:/mingw64/bin/../lib/gcc/x86_64-w64-mingw32/15.2.0/../../../../x86_64-w64-mingw32/bin/ld.exe: _deps/llm_client-build/libllm_client.a(ollama_client.cpp.obj):ollama_client.cpp:(.text+0x5f1a): undefined reference to `__imp__ZNK6spdlog7details10backtracer7enabledEv'
build-release-assets (windows-latest, windows, amd64, ragcli.exe)	UNKNOWN STEP	2026-07-27T16:40:21.6314470Z C:/mingw64/bin/../lib/gcc/x86_64-w64-mingw32/15.2.0/../../../../x86_64-w64-mingw32/bin/ld.exe: _deps/llm_client-build/libllm_client.a(ollama_client.cpp.obj):ollama_client.cpp:(.text+0x6514): undefined reference to `cpr::CaseInsensitiveCompare::operator()(std::__cxx11::basic_string<char, std::char_traits<char>, std::allocator<char> > const&, std::__cxx11::basic_string<char, std::char_traits<char>, std::allocator<char> > const&) const'
build-release-assets (windows-latest, windows, amd64, ragcli.exe)	UNKNOWN STEP	2026-07-27T16:40:21.6319624Z C:/mingw64/bin/../lib/gcc/x86_64-w64-mingw32/15.2.0/../../../../x86_64-w64-mingw32/bin/ld.exe: _deps/llm_client-build/libllm_client.a(ollama_client.cpp.obj):ollama_client.cpp:(.text+0x654a): undefined reference to `cpr::CaseInsensitiveCompare::operator()(std::__cxx11::basic_string<char, std::char_traits<char>, std::allocator<char> > const&, std::__cxx11::basic_string<char, std::char_traits<char>, std::allocator<char> > const&) const'
build-release-assets (windows-latest, windows, amd64, ragcli.exe)	UNKNOWN STEP	2026-07-27T16:40:21.6324118Z C:/mingw64/bin/../lib/gcc/x86_64-w64-mingw32/15.2.0/../../../../x86_64-w64-mingw32/bin/ld.exe: _deps/llm_client-build/libllm_client.a(ollama_client.cpp.obj):ollama_client.cpp:(.text+0x6614): undefined reference to `__imp__ZN3fmt3v126detail10vformat_toERNS1_6bufferIcEENS0_17basic_string_viewIcEENS0_17basic_format_argsINS0_7contextEEENS0_10locale_refE'
build-release-assets (windows-latest, windows, amd64, ragcli.exe)	UNKNOWN STEP	2026-07-27T16:40:21.6328156Z C:/mingw64/bin/../lib/gcc/x86_64-w64-mingw32/15.2.0/../../../../x86_64-w64-mingw32/bin/ld.exe: _deps/llm_client-build/libllm_client.a(ollama_client.cpp.obj):ollama_client.cpp:(.text+0x66a8): undefined reference to `__imp__ZN6spdlog7details7log_msgC1ENS_10source_locEN3fmt3v1217basic_string_viewIcEENS_5level10level_enumES6_'
build-release-assets (windows-latest, windows, amd64, ragcli.exe)	UNKNOWN STEP	2026-07-27T16:40:21.6331569Z C:/mingw64/bin/../lib/gcc/x86_64-w64-mingw32/15.2.0/../../../../x86_64-w64-mingw32/bin/ld.exe: _deps/llm_client-build/libllm_client.a(ollama_client.cpp.obj):ollama_client.cpp:(.text+0x66c1): undefined reference to `__imp__ZN6spdlog6logger7log_it_ERKNS_7details7log_msgEbb'
build-release-assets (windows-latest, windows, amd64, ragcli.exe)	UNKNOWN STEP	2026-07-27T16:40:21.6335695Z C:/mingw64/bin/../lib/gcc/x86_64-w64-mingw32/15.2.0/../../../../x86_64-w64-mingw32/bin/ld.exe: _deps/llm_client-build/libllm_client.a(ollama_client.cpp.obj):ollama_client.cpp:(.text+0x66f4): undefined reference to `cpr::CaseInsensitiveCompare::operator()(std::__cxx11::basic_string<char, std::char_traits<char>, std::allocator<char> > const&, std::__cxx11::basic_string<char, std::char_traits<char>, std::allocator<char> > const&) const'
build-release-assets (windows-latest, windows, amd64, ragcli.exe)	UNKNOWN STEP	2026-07-27T16:40:21.6341096Z C:/mingw64/bin/../lib/gcc/x86_64-w64-mingw32/15.2.0/../../../../x86_64-w64-mingw32/bin/ld.exe: _deps/llm_client-build/libllm_client.a(ollama_client.cpp.obj):ollama_client.cpp:(.text+0x67fd): undefined reference to `cpr::CaseInsensitiveCompare::operator()(std::__cxx11::basic_string<char, std::char_traits<char>, std::allocator<char> > const&, std::__cxx11::basic_string<char, std::char_traits<char>, std::allocator<char> > const&) const'
build-release-assets (windows-latest, windows, amd64, ragcli.exe)	UNKNOWN STEP	2026-07-27T16:40:21.6345333Z C:/mingw64/bin/../lib/gcc/x86_64-w64-mingw32/15.2.0/../../../../x86_64-w64-mingw32/bin/ld.exe: _deps/llm_client-build/libllm_client.a(ollama_client.cpp.obj):ollama_client.cpp:(.text+0x69a3): undefined reference to `__imp__ZNK6spdlog6logger12err_handler_ERKNSt7__cxx1112basic_stringIcSt11char_traitsIcESaIcEEE'
build-release-assets (windows-latest, windows, amd64, ragcli.exe)	UNKNOWN STEP	2026-07-27T16:40:21.6348975Z C:/mingw64/bin/../lib/gcc/x86_64-w64-mingw32/15.2.0/../../../../x86_64-w64-mingw32/bin/ld.exe: _deps/llm_client-build/libllm_client.a(ollama_client.cpp.obj):ollama_client.cpp:(.text+0x69e2): undefined reference to `__imp__ZNK6spdlog6logger12err_handler_ERKNSt7__cxx1112basic_stringIcSt11char_traitsIcESaIcEEE'
build-release-assets (windows-latest, windows, amd64, ragcli.exe)	UNKNOWN STEP	2026-07-27T16:40:21.6352269Z C:/mingw64/bin/../lib/gcc/x86_64-w64-mingw32/15.2.0/../../../../x86_64-w64-mingw32/bin/ld.exe: _deps/llm_client-build/libllm_client.a(ollama_client.cpp.obj):ollama_client.cpp:(.text+0x6aed): undefined reference to `__imp__ZNK6spdlog7details10backtracer7enabledEv'
build-release-assets (windows-latest, windows, amd64, ragcli.exe)	UNKNOWN STEP	2026-07-27T16:40:21.6355879Z C:/mingw64/bin/../lib/gcc/x86_64-w64-mingw32/15.2.0/../../../../x86_64-w64-mingw32/bin/ld.exe: _deps/llm_client-build/libllm_client.a(ollama_client.cpp.obj):ollama_client.cpp:(.text+0x70a3): undefined reference to `__imp__ZN3fmt3v126detail10vformat_toERNS1_6bufferIcEENS0_17basic_string_viewIcEENS0_17basic_format_argsINS0_7contextEEENS0_10locale_refE'
build-release-assets (windows-latest, windows, amd64, ragcli.exe)	UNKNOWN STEP	2026-07-27T16:40:21.6361489Z C:/mingw64/bin/../lib/gcc/x86_64-w64-mingw32/15.2.0/../../../../x86_64-w64-mingw32/bin/ld.exe: _deps/llm_client-build/libllm_client.a(ollama_client.cpp.obj):ollama_client.cpp:(.text+0x7137): undefined reference to `__imp__ZN6spdlog7details7log_msgC1ENS_10source_locEN3fmt3v1217basic_string_viewIcEENS_5level10level_enumES6_'
build-release-assets (windows-latest, windows, amd64, ragcli.exe)	UNKNOWN STEP	2026-07-27T16:40:21.6364983Z C:/mingw64/bin/../lib/gcc/x86_64-w64-mingw32/15.2.0/../../../../x86_64-w64-mingw32/bin/ld.exe: _deps/llm_client-build/libllm_client.a(ollama_client.cpp.obj):ollama_client.cpp:(.text+0x7150): undefined reference to `__imp__ZN6spdlog6logger7log_it_ERKNS_7details7log_msgEbb'
build-release-assets (windows-latest, windows, amd64, ragcli.exe)	UNKNOWN STEP	2026-07-27T16:40:21.6368949Z C:/mingw64/bin/../lib/gcc/x86_64-w64-mingw32/15.2.0/../../../../x86_64-w64-mingw32/bin/ld.exe: _deps/llm_client-build/libllm_client.a(ollama_client.cpp.obj):ollama_client.cpp:(.text+0x7185): undefined reference to `cpr::CaseInsensitiveCompare::operator()(std::__cxx11::basic_string<char, std::char_traits<char>, std::allocator<char> > const&, std::__cxx11::basic_string<char, std::char_traits<char>, std::allocator<char> > const&) const'
build-release-assets (windows-latest, windows, amd64, ragcli.exe)	UNKNOWN STEP	2026-07-27T16:40:21.6373435Z C:/mingw64/bin/../lib/gcc/x86_64-w64-mingw32/15.2.0/../../../../x86_64-w64-mingw32/bin/ld.exe: _deps/llm_client-build/libllm_client.a(ollama_client.cpp.obj):ollama_client.cpp:(.text+0x721f): undefined reference to `__imp__ZN3fmt3v126detail10vformat_toERNS1_6bufferIcEENS0_17basic_string_viewIcEENS0_17basic_format_argsINS0_7contextEEENS0_10locale_refE'
build-release-assets (windows-latest, windows, amd64, ragcli.exe)	UNKNOWN STEP	2026-07-27T16:40:21.6376428Z C:/mingw64/bin/../lib/gcc/x86_64-w64-mingw32/15.2.0/../../../../x86_64-w64-mingw32/bin/ld.exe: _deps/llm_client-build/libllm_client.a(ollama_client.cpp.obj):ollama_client.cpp:(.text+0x72b3): undefined reference to `__imp__ZN6spdlog7details7log_msgC1ENS_10source_locEN3fmt3v1217basic_string_viewIcEENS_5level10level_enumES6_'
build-release-assets (windows-latest, windows, amd64, ragcli.exe)	UNKNOWN STEP	2026-07-27T16:40:21.6379376Z C:/mingw64/bin/../lib/gcc/x86_64-w64-mingw32/15.2.0/../../../../x86_64-w64-mingw32/bin/ld.exe: _deps/llm_client-build/libllm_client.a(ollama_client.cpp.obj):ollama_client.cpp:(.text+0x72ca): undefined reference to `__imp__ZN6spdlog6logger7log_it_ERKNS_7details7log_msgEbb'
build-release-assets (windows-latest, windows, amd64, ragcli.exe)	UNKNOWN STEP	2026-07-27T16:40:21.6381391Z C:/mingw64/bin/../lib/gcc/x86_64-w64-mingw32/15.2.0/../../../../x86_64-w64-mingw32/bin/ld.exe: _deps/llm_client-build/libllm_client.a(ollama_client.cpp.obj):ollama_client.cpp:(.text+0x77a9): undefined reference to `__imp__ZNK6spdlog6logger12err_handler_ERKNSt7__cxx1112basic_stringIcSt11char_traitsIcESaIcEEE'
build-release-assets (windows-latest, windows, amd64, ragcli.exe)	UNKNOWN STEP	2026-07-27T16:40:21.6383385Z C:/mingw64/bin/../lib/gcc/x86_64-w64-mingw32/15.2.0/../../../../x86_64-w64-mingw32/bin/ld.exe: _deps/llm_client-build/libllm_client.a(ollama_client.cpp.obj):ollama_client.cpp:(.text+0x7839): undefined reference to `__imp__ZNK6spdlog6logger12err_handler_ERKNSt7__cxx1112basic_stringIcSt11char_traitsIcESaIcEEE'
build-release-assets (windows-latest, windows, amd64, ragcli.exe)	UNKNOWN STEP	2026-07-27T16:40:21.6385585Z C:/mingw64/bin/../lib/gcc/x86_64-w64-mingw32/15.2.0/../../../../x86_64-w64-mingw32/bin/ld.exe: _deps/llm_client-build/libllm_client.a(ollama_client.cpp.obj):ollama_client.cpp:(.text+0x7943): undefined reference to `__imp__ZNK6spdlog6logger12err_handler_ERKNSt7__cxx1112basic_stringIcSt11char_traitsIcESaIcEEE'
build-release-assets (windows-latest, windows, amd64, ragcli.exe)	UNKNOWN STEP	2026-07-27T16:40:21.6387557Z C:/mingw64/bin/../lib/gcc/x86_64-w64-mingw32/15.2.0/../../../../x86_64-w64-mingw32/bin/ld.exe: _deps/llm_client-build/libllm_client.a(ollama_client.cpp.obj):ollama_client.cpp:(.text+0x7975): undefined reference to `__imp__ZNK6spdlog6logger12err_handler_ERKNSt7__cxx1112basic_stringIcSt11char_traitsIcESaIcEEE'
build-release-assets (windows-latest, windows, amd64, ragcli.exe)	UNKNOWN STEP	2026-07-27T16:40:21.6389401Z C:/mingw64/bin/../lib/gcc/x86_64-w64-mingw32/15.2.0/../../../../x86_64-w64-mingw32/bin/ld.exe: _deps/llm_client-build/libllm_client.a(ollama_client.cpp.obj):ollama_client.cpp:(.text+0x7af5): undefined reference to `__imp__ZNK6spdlog7details10backtracer7enabledEv'
build-release-assets (windows-latest, windows, amd64, ragcli.exe)	UNKNOWN STEP	2026-07-27T16:40:21.6391370Z C:/mingw64/bin/../lib/gcc/x86_64-w64-mingw32/15.2.0/../../../../x86_64-w64-mingw32/bin/ld.exe: _deps/llm_client-build/libllm_client.a(ollama_client.cpp.obj):ollama_client.cpp:(.text+0x81df): undefined reference to `__imp__ZN3fmt3v126detail10vformat_toERNS1_6bufferIcEENS0_17basic_string_viewIcEENS0_17basic_format_argsINS0_7contextEEENS0_10locale_refE'
build-release-assets (windows-latest, windows, amd64, ragcli.exe)	UNKNOWN STEP	2026-07-27T16:40:21.6393549Z C:/mingw64/bin/../lib/gcc/x86_64-w64-mingw32/15.2.0/../../../../x86_64-w64-mingw32/bin/ld.exe: _deps/llm_client-build/libllm_client.a(ollama_client.cpp.obj):ollama_client.cpp:(.text+0x8270): undefined reference to `__imp__ZN6spdlog7details7log_msgC1ENS_10source_locEN3fmt3v1217basic_string_viewIcEENS_5level10level_enumES6_'
build-release-assets (windows-latest, windows, amd64, ragcli.exe)	UNKNOWN STEP	2026-07-27T16:40:21.6395433Z C:/mingw64/bin/../lib/gcc/x86_64-w64-mingw32/15.2.0/../../../../x86_64-w64-mingw32/bin/ld.exe: _deps/llm_client-build/libllm_client.a(ollama_client.cpp.obj):ollama_client.cpp:(.text+0x8289): undefined reference to `__imp__ZN6spdlog6logger7log_it_ERKNS_7details7log_msgEbb'
build-release-assets (windows-latest, windows, amd64, ragcli.exe)	UNKNOWN STEP	2026-07-27T16:40:21.6397653Z C:/mingw64/bin/../lib/gcc/x86_64-w64-mingw32/15.2.0/../../../../x86_64-w64-mingw32/bin/ld.exe: _deps/llm_client-build/libllm_client.a(ollama_client.cpp.obj):ollama_client.cpp:(.text+0x82bd): undefined reference to `cpr::CaseInsensitiveCompare::operator()(std::__cxx11::basic_string<char, std::char_traits<char>, std::allocator<char> > const&, std::__cxx11::basic_string<char, std::char_traits<char>, std::allocator<char> > const&) const'
build-release-assets (windows-latest, windows, amd64, ragcli.exe)	UNKNOWN STEP	2026-07-27T16:40:21.6400315Z C:/mingw64/bin/../lib/gcc/x86_64-w64-mingw32/15.2.0/../../../../x86_64-w64-mingw32/bin/ld.exe: _deps/llm_client-build/libllm_client.a(ollama_client.cpp.obj):ollama_client.cpp:(.text+0x837a): undefined reference to `__imp__ZN3fmt3v126detail10vformat_toERNS1_6bufferIcEENS0_17basic_string_viewIcEENS0_17basic_format_argsINS0_7contextEEENS0_10locale_refE'
build-release-assets (windows-latest, windows, amd64, ragcli.exe)	UNKNOWN STEP	2026-07-27T16:40:21.6402480Z C:/mingw64/bin/../lib/gcc/x86_64-w64-mingw32/15.2.0/../../../../x86_64-w64-mingw32/bin/ld.exe: _deps/llm_client-build/libllm_client.a(ollama_client.cpp.obj):ollama_client.cpp:(.text+0x840b): undefined reference to `__imp__ZN6spdlog7details7log_msgC1ENS_10source_locEN3fmt3v1217basic_string_viewIcEENS_5level10level_enumES6_'
build-release-assets (windows-latest, windows, amd64, ragcli.exe)	UNKNOWN STEP	2026-07-27T16:40:21.6404566Z C:/mingw64/bin/../lib/gcc/x86_64-w64-mingw32/15.2.0/../../../../x86_64-w64-mingw32/bin/ld.exe: _deps/llm_client-build/libllm_client.a(ollama_client.cpp.obj):ollama_client.cpp:(.text+0x8422): undefined reference to `__imp__ZN6spdlog6logger7log_it_ERKNS_7details7log_msgEbb'
build-release-assets (windows-latest, windows, amd64, ragcli.exe)	UNKNOWN STEP	2026-07-27T16:40:21.6406613Z C:/mingw64/bin/../lib/gcc/x86_64-w64-mingw32/15.2.0/../../../../x86_64-w64-mingw32/bin/ld.exe: _deps/llm_client-build/libllm_client.a(ollama_client.cpp.obj):ollama_client.cpp:(.text+0x8e72): undefined reference to `__imp__ZNK6spdlog6logger12err_handler_ERKNSt7__cxx1112basic_stringIcSt11char_traitsIcESaIcEEE'
build-release-assets (windows-latest, windows, amd64, ragcli.exe)	UNKNOWN STEP	2026-07-27T16:40:21.6408581Z C:/mingw64/bin/../lib/gcc/x86_64-w64-mingw32/15.2.0/../../../../x86_64-w64-mingw32/bin/ld.exe: _deps/llm_client-build/libllm_client.a(ollama_client.cpp.obj):ollama_client.cpp:(.text+0x8ee1): undefined reference to `__imp__ZNK6spdlog6logger12err_handler_ERKNSt7__cxx1112basic_stringIcSt11char_traitsIcESaIcEEE'
build-release-assets (windows-latest, windows, amd64, ragcli.exe)	UNKNOWN STEP	2026-07-27T16:40:21.6410548Z C:/mingw64/bin/../lib/gcc/x86_64-w64-mingw32/15.2.0/../../../../x86_64-w64-mingw32/bin/ld.exe: _deps/llm_client-build/libllm_client.a(ollama_client.cpp.obj):ollama_client.cpp:(.text+0x8f85): undefined reference to `__imp__ZNK6spdlog6logger12err_handler_ERKNSt7__cxx1112basic_stringIcSt11char_traitsIcESaIcEEE'
build-release-assets (windows-latest, windows, amd64, ragcli.exe)	UNKNOWN STEP	2026-07-27T16:40:21.6412562Z C:/mingw64/bin/../lib/gcc/x86_64-w64-mingw32/15.2.0/../../../../x86_64-w64-mingw32/bin/ld.exe: _deps/llm_client-build/libllm_client.a(ollama_client.cpp.obj):ollama_client.cpp:(.text+0x8fbc): undefined reference to `__imp__ZNK6spdlog6logger12err_handler_ERKNSt7__cxx1112basic_stringIcSt11char_traitsIcESaIcEEE'
build-release-assets (windows-latest, windows, amd64, ragcli.exe)	UNKNOWN STEP	2026-07-27T16:40:21.6416430Z C:/mingw64/bin/../lib/gcc/x86_64-w64-mingw32/15.2.0/../../../../x86_64-w64-mingw32/bin/ld.exe: _deps/llm_client-build/libllm_client.a(ollama_client.cpp.obj):ollama_client.cpp:(.text$_ZNSt8_Rb_treeINSt7__cxx1112basic_stringIcSt11char_traitsIcESaIcEEESt4pairIKS5_S5_ESt10_Select1stIS8_EN3cpr22CaseInsensitiveCompareESaIS8_EE29_M_get_insert_hint_unique_posESt23_Rb_tree_const_iteratorIS8_ERS7_[_ZNSt8_Rb_treeINSt7__cxx1112basic_stringIcSt11char_traitsIcESaIcEEESt4pairIKS5_S5_ESt10_Select1stIS8_EN3cpr22CaseInsensitiveCompareESaIS8_EE29_M_get_insert_hint_unique_posESt23_Rb_tree_const_iteratorIS8_ERS7_]+0x2f): undefined reference to `cpr::CaseInsensitiveCompare::operator()(std::__cxx11::basic_string<char, std::char_traits<char>, std::allocator<char> > const&, std::__cxx11::basic_string<char, std::char_traits<char>, std::allocator<char> > const&) const'
build-release-assets (windows-latest, windows, amd64, ragcli.exe)	UNKNOWN STEP	2026-07-27T16:40:21.6422353Z C:/mingw64/bin/../lib/gcc/x86_64-w64-mingw32/15.2.0/../../../../x86_64-w64-mingw32/bin/ld.exe: _deps/llm_client-build/libllm_client.a(ollama_client.cpp.obj):ollama_client.cpp:(.text$_ZNSt8_Rb_treeINSt7__cxx1112basic_stringIcSt11char_traitsIcESaIcEEESt4pairIKS5_S5_ESt10_Select1stIS8_EN3cpr22CaseInsensitiveCompareESaIS8_EE29_M_get_insert_hint_unique_posESt23_Rb_tree_const_iteratorIS8_ERS7_[_ZNSt8_Rb_treeINSt7__cxx1112basic_stringIcSt11char_traitsIcESaIcEEESt4pairIKS5_S5_ESt10_Select1stIS8_EN3cpr22CaseInsensitiveCompareESaIS8_EE29_M_get_insert_hint_unique_posESt23_Rb_tree_const_iteratorIS8_ERS7_]+0x5e): undefined reference to `cpr::CaseInsensitiveCompare::operator()(std::__cxx11::basic_string<char, std::char_traits<char>, std::allocator<char> > const&, std::__cxx11::basic_string<char, std::char_traits<char>, std::allocator<char> > const&) const'
build-release-assets (windows-latest, windows, amd64, ragcli.exe)	UNKNOWN STEP	2026-07-27T16:40:21.6428347Z C:/mingw64/bin/../lib/gcc/x86_64-w64-mingw32/15.2.0/../../../../x86_64-w64-mingw32/bin/ld.exe: _deps/llm_client-build/libllm_client.a(ollama_client.cpp.obj):ollama_client.cpp:(.text$_ZNSt8_Rb_treeINSt7__cxx1112basic_stringIcSt11char_traitsIcESaIcEEESt4pairIKS5_S5_ESt10_Select1stIS8_EN3cpr22CaseInsensitiveCompareESaIS8_EE29_M_get_insert_hint_unique_posESt23_Rb_tree_const_iteratorIS8_ERS7_[_ZNSt8_Rb_treeINSt7__cxx1112basic_stringIcSt11char_traitsIcESaIcEEESt4pairIKS5_S5_ESt10_Select1stIS8_EN3cpr22CaseInsensitiveCompareESaIS8_EE29_M_get_insert_hint_unique_posESt23_Rb_tree_const_iteratorIS8_ERS7_]+0xae): undefined reference to `cpr::CaseInsensitiveCompare::operator()(std::__cxx11::basic_string<char, std::char_traits<char>, std::allocator<char> > const&, std::__cxx11::basic_string<char, std::char_traits<char>, std::allocator<char> > const&) const'
build-release-assets (windows-latest, windows, amd64, ragcli.exe)	UNKNOWN STEP	2026-07-27T16:40:21.6434337Z C:/mingw64/bin/../lib/gcc/x86_64-w64-mingw32/15.2.0/../../../../x86_64-w64-mingw32/bin/ld.exe: _deps/llm_client-build/libllm_client.a(ollama_client.cpp.obj):ollama_client.cpp:(.text$_ZNSt8_Rb_treeINSt7__cxx1112basic_stringIcSt11char_traitsIcESaIcEEESt4pairIKS5_S5_ESt10_Select1stIS8_EN3cpr22CaseInsensitiveCompareESaIS8_EE29_M_get_insert_hint_unique_posESt23_Rb_tree_const_iteratorIS8_ERS7_[_ZNSt8_Rb_treeINSt7__cxx1112basic_stringIcSt11char_traitsIcESaIcEEESt4pairIKS5_S5_ESt10_Select1stIS8_EN3cpr22CaseInsensitiveCompareESaIS8_EE29_M_get_insert_hint_unique_posESt23_Rb_tree_const_iteratorIS8_ERS7_]+0xe1): undefined reference to `cpr::CaseInsensitiveCompare::operator()(std::__cxx11::basic_string<char, std::char_traits<char>, std::allocator<char> > const&, std::__cxx11::basic_string<char, std::char_traits<char>, std::allocator<char> > const&) const'
build-release-assets (windows-latest, windows, amd64, ragcli.exe)	UNKNOWN STEP	2026-07-27T16:40:21.6440027Z C:/mingw64/bin/../lib/gcc/x86_64-w64-mingw32/15.2.0/../../../../x86_64-w64-mingw32/bin/ld.exe: _deps/llm_client-build/libllm_client.a(ollama_client.cpp.obj):ollama_client.cpp:(.text$_ZNSt8_Rb_treeINSt7__cxx1112basic_stringIcSt11char_traitsIcESaIcEEESt4pairIKS5_S5_ESt10_Select1stIS8_EN3cpr22CaseInsensitiveCompareESaIS8_EE29_M_get_insert_hint_unique_posESt23_Rb_tree_const_iteratorIS8_ERS7_[_ZNSt8_Rb_treeINSt7__cxx1112basic_stringIcSt11char_traitsIcESaIcEEESt4pairIKS5_S5_ESt10_Select1stIS8_EN3cpr22CaseInsensitiveCompareESaIS8_EE29_M_get_insert_hint_unique_posESt23_Rb_tree_const_iteratorIS8_ERS7_]+0x125): undefined reference to `cpr::CaseInsensitiveCompare::operator()(std::__cxx11::basic_string<char, std::char_traits<char>, std::allocator<char> > const&, std::__cxx11::basic_string<char, std::char_traits<char>, std::allocator<char> > const&) const'
build-release-assets (windows-latest, windows, amd64, ragcli.exe)	UNKNOWN STEP	2026-07-27T16:40:21.6445934Z C:/mingw64/bin/../lib/gcc/x86_64-w64-mingw32/15.2.0/../../../../x86_64-w64-mingw32/bin/ld.exe: _deps/llm_client-build/libllm_client.a(ollama_client.cpp.obj):ollama_client.cpp:(.text$_ZNSt8_Rb_treeINSt7__cxx1112basic_stringIcSt11char_traitsIcESaIcEEESt4pairIKS5_S5_ESt10_Select1stIS8_EN3cpr22CaseInsensitiveCompareESaIS8_EE29_M_get_insert_hint_unique_posESt23_Rb_tree_const_iteratorIS8_ERS7_[_ZNSt8_Rb_treeINSt7__cxx1112basic_stringIcSt11char_traitsIcESaIcEEESt4pairIKS5_S5_ESt10_Select1stIS8_EN3cpr22CaseInsensitiveCompareESaIS8_EE29_M_get_insert_hint_unique_posESt23_Rb_tree_const_iteratorIS8_ERS7_]+0x15a): more undefined references to `cpr::CaseInsensitiveCompare::operator()(std::__cxx11::basic_string<char, std::char_traits<char>, std::allocator<char> > const&, std::__cxx11::basic_string<char, std::char_traits<char>, std::allocator<char> > const&) const' follow
build-release-assets (windows-latest, windows, amd64, ragcli.exe)	UNKNOWN STEP	2026-07-27T16:40:21.6449042Z collect2.exe: error: ld returned 1 exit status
build-release-assets (windows-latest, windows, amd64, ragcli.exe)	UNKNOWN STEP	2026-07-27T16:40:21.6449353Z ninja: build stopped: subcommand failed.
build-release-assets (windows-latest, windows, amd64, ragcli.exe)	UNKNOWN STEP	2026-07-27T16:40:21.6465213Z ##[error]Process completed with exit code 1.
build-release-assets (windows-latest, windows, amd64, ragcli.exe)	UNKNOWN STEP	2026-07-27T16:40:21.6782525Z Node 20 is being deprecated. This workflow is running with Node 24 by default. If you need to temporarily use Node 20, you can set the ACTIONS_ALLOW_USE_UNSECURE_NODE_VERSION=true environment variable. For more information see: https://github.blog/changelog/2025-09-19-deprecation-of-node-20-on-github-actions-runners/
build-release-assets (windows-latest, windows, amd64, ragcli.exe)	UNKNOWN STEP	2026-07-27T16:40:21.6784697Z Post job cleanup.
build-release-assets (windows-latest, windows, amd64, ragcli.exe)	UNKNOWN STEP	2026-07-27T16:40:21.9193419Z [command]"C:\Program Files\Git\bin\git.exe" version
build-release-assets (windows-latest, windows, amd64, ragcli.exe)	UNKNOWN STEP	2026-07-27T16:40:21.9612549Z git version 2.55.0.windows.2
build-release-assets (windows-latest, windows, amd64, ragcli.exe)	UNKNOWN STEP	2026-07-27T16:40:21.9703271Z Copying 'C:\Users\runneradmin\.gitconfig' to 'D:\a\_temp\511842cb-157f-4a84-9588-4194d73e13fd\.gitconfig'
build-release-assets (windows-latest, windows, amd64, ragcli.exe)	UNKNOWN STEP	2026-07-27T16:40:21.9730360Z Temporarily overriding HOME='D:\a\_temp\511842cb-157f-4a84-9588-4194d73e13fd' before making global git config changes
build-release-assets (windows-latest, windows, amd64, ragcli.exe)	UNKNOWN STEP	2026-07-27T16:40:21.9732108Z Adding repository directory to the temporary git global config as a safe directory
build-release-assets (windows-latest, windows, amd64, ragcli.exe)	UNKNOWN STEP	2026-07-27T16:40:21.9742431Z [command]"C:\Program Files\Git\bin\git.exe" config --global --add safe.directory D:\a\ragcli\ragcli
build-release-assets (windows-latest, windows, amd64, ragcli.exe)	UNKNOWN STEP	2026-07-27T16:40:22.0048868Z [command]"C:\Program Files\Git\bin\git.exe" config --local --name-only --get-regexp core\.sshCommand
build-release-assets (windows-latest, windows, amd64, ragcli.exe)	UNKNOWN STEP	2026-07-27T16:40:22.0395397Z [command]"C:\Program Files\Git\bin\git.exe" submodule foreach --recursive "sh -c \"git config --local --name-only --get-regexp 'core\.sshCommand' && git config --local --unset-all 'core.sshCommand' || :\""
build-release-assets (windows-latest, windows, amd64, ragcli.exe)	UNKNOWN STEP	2026-07-27T16:40:22.6467529Z [command]"C:\Program Files\Git\bin\git.exe" config --local --name-only --get-regexp http\.https\:\/\/github\.com\/\.extraheader
build-release-assets (windows-latest, windows, amd64, ragcli.exe)	UNKNOWN STEP	2026-07-27T16:40:22.6847374Z http.https://github.com/.extraheader
build-release-assets (windows-latest, windows, amd64, ragcli.exe)	UNKNOWN STEP	2026-07-27T16:40:22.6943117Z [command]"C:\Program Files\Git\bin\git.exe" config --local --unset-all http.https://github.com/.extraheader
build-release-assets (windows-latest, windows, amd64, ragcli.exe)	UNKNOWN STEP	2026-07-27T16:40:22.7383897Z [command]"C:\Program Files\Git\bin\git.exe" submodule foreach --recursive "sh -c \"git config --local --name-only --get-regexp 'http\.https\:\/\/github\.com\/\.extraheader' && git config --local --unset-all 'http.https://github.com/.extraheader' || :\""
build-release-assets (windows-latest, windows, amd64, ragcli.exe)	UNKNOWN STEP	2026-07-27T16:40:23.2947587Z [command]"C:\Program Files\Git\bin\git.exe" config --local --name-only --get-regexp ^includeIf\.gitdir:
build-release-assets (windows-latest, windows, amd64, ragcli.exe)	UNKNOWN STEP	2026-07-27T16:40:23.3247293Z [command]"C:\Program Files\Git\bin\git.exe" submodule foreach --recursive "git config --local --show-origin --name-only --get-regexp remote.origin.url"
build-release-assets (windows-latest, windows, amd64, ragcli.exe)	UNKNOWN STEP	2026-07-27T16:40:23.9104952Z Cleaning up orphan processes
build-release-assets (windows-latest, windows, amd64, ragcli.exe)	UNKNOWN STEP	2026-07-27T16:40:24.0059134Z ##[warning]Node.js 20 is deprecated. The following actions target Node.js 20 but are being forced to run on Node.js 24: actions/checkout@v4. For more information see: https://github.blog/changelog/2025-09-19-deprecation-of-node-20-on-github-actions-runners/
